ISO-10303-21;
HEADER;
/* Generated by software containing ST-Developer
 * from STEP Tools, Inc. (www.steptools.com) 
 */

FILE_DESCRIPTION(
/* description */ (''),
/* implementation_level */ '2;1');

FILE_NAME(
/* name */ 'Hackpad.step',
/* time_stamp */ '2026-09-20T21:49:36+02:00',
/* author */ (''),
/* organization */ (''),
/* preprocessor_version */ 'ST-DEVELOPER v20.2',
/* originating_system */ 'Autodesk Translation Framework v15.15.0.0',
/* authorisation */ '');

FILE_SCHEMA (('AUTOMOTIVE_DESIGN { 1 0 10303 214 3 1 1 }'));
ENDSEC;

DATA;
#10=MECHANICAL_DESIGN_GEOMETRIC_PRESENTATION_REPRESENTATION('',(#13,#14),
#4156);
#11=SHAPE_REPRESENTATION_RELATIONSHIP('SRR','None',#4163,#12);
#12=ADVANCED_BREP_SHAPE_REPRESENTATION('',(#15,#16),#4155);
#13=STYLED_ITEM('',(#4172),#15);
#14=STYLED_ITEM('',(#4172),#16);
#15=MANIFOLD_SOLID_BREP('Bottom',#2483);
#16=MANIFOLD_SOLID_BREP('Top',#2484);
#17=FACE_BOUND('',#349,.T.);
#18=FACE_BOUND('',#350,.T.);
#19=FACE_BOUND('',#351,.T.);
#20=FACE_BOUND('',#352,.T.);
#21=FACE_BOUND('',#360,.T.);
#22=FACE_BOUND('',#363,.T.);
#23=FACE_BOUND('',#366,.T.);
#24=FACE_BOUND('',#369,.T.);
#25=FACE_BOUND('',#380,.T.);
#26=FACE_BOUND('',#382,.T.);
#27=FACE_BOUND('',#383,.T.);
#28=FACE_BOUND('',#384,.T.);
#29=FACE_BOUND('',#385,.T.);
#30=FACE_BOUND('',#386,.T.);
#31=FACE_BOUND('',#389,.T.);
#32=FACE_BOUND('',#390,.T.);
#33=FACE_BOUND('',#391,.T.);
#34=FACE_BOUND('',#392,.T.);
#35=FACE_BOUND('',#393,.T.);
#36=FACE_BOUND('',#412,.T.);
#37=FACE_BOUND('',#413,.T.);
#38=FACE_BOUND('',#414,.T.);
#39=FACE_BOUND('',#415,.T.);
#40=FACE_BOUND('',#416,.T.);
#41=FACE_BOUND('',#417,.T.);
#42=FACE_BOUND('',#418,.T.);
#43=FACE_BOUND('',#419,.T.);
#44=FACE_BOUND('',#420,.T.);
#45=FACE_BOUND('',#421,.T.);
#46=FACE_BOUND('',#422,.T.);
#47=FACE_BOUND('',#502,.T.);
#48=FACE_BOUND('',#503,.T.);
#49=FACE_BOUND('',#504,.T.);
#50=FACE_BOUND('',#505,.T.);
#51=FACE_BOUND('',#506,.T.);
#52=FACE_BOUND('',#507,.T.);
#53=FACE_BOUND('',#508,.T.);
#54=FACE_BOUND('',#509,.T.);
#55=FACE_BOUND('',#510,.T.);
#56=FACE_BOUND('',#511,.T.);
#57=FACE_BOUND('',#512,.T.);
#58=CIRCLE('',#2503,7.);
#59=CIRCLE('',#2504,7.);
#60=CIRCLE('',#2506,7.);
#61=CIRCLE('',#2507,7.);
#62=CIRCLE('',#2508,7.);
#63=CIRCLE('',#2509,3.);
#64=CIRCLE('',#2510,2.99999999999999);
#65=CIRCLE('',#2511,2.99999999999999);
#66=CIRCLE('',#2512,3.);
#67=CIRCLE('',#2515,7.);
#68=CIRCLE('',#2517,7.);
#69=CIRCLE('',#2520,7.);
#70=CIRCLE('',#2522,3.);
#71=CIRCLE('',#2524,1.7);
#72=CIRCLE('',#2526,2.99999999999999);
#73=CIRCLE('',#2528,1.7);
#74=CIRCLE('',#2530,2.99999999999999);
#75=CIRCLE('',#2532,1.7);
#76=CIRCLE('',#2534,3.);
#77=CIRCLE('',#2536,1.7);
#78=CIRCLE('',#2538,1.7);
#79=CIRCLE('',#2540,1.7);
#80=CIRCLE('',#2542,1.7);
#81=CIRCLE('',#2544,1.7);
#82=CIRCLE('',#2553,7.);
#83=CIRCLE('',#2554,7.);
#84=CIRCLE('',#2556,7.);
#85=CIRCLE('',#2557,7.);
#86=CIRCLE('',#2558,7.);
#87=CIRCLE('',#2559,2.35);
#88=CIRCLE('',#2560,2.34999999999999);
#89=CIRCLE('',#2561,2.34999999999999);
#90=CIRCLE('',#2562,2.35);
#91=CIRCLE('',#2565,7.);
#92=CIRCLE('',#2567,7.);
#93=CIRCLE('',#2570,7.);
#94=CIRCLE('',#2572,2.35);
#95=CIRCLE('',#2575,2.34999999999999);
#96=CIRCLE('',#2578,2.34999999999999);
#97=CIRCLE('',#2581,2.35);
#98=CIRCLE('',#2588,0.499999999999994);
#99=CIRCLE('',#2589,0.499999999999998);
#100=CIRCLE('',#2590,0.500000000000007);
#101=CIRCLE('',#2591,0.499999999999998);
#102=CIRCLE('',#2592,0.500000000000003);
#103=CIRCLE('',#2593,0.499999999999998);
#104=CIRCLE('',#2594,0.499999999999998);
#105=CIRCLE('',#2595,0.499999999999998);
#106=CIRCLE('',#2596,0.499999999999998);
#107=CIRCLE('',#2597,0.499999999999998);
#108=CIRCLE('',#2598,0.499999999999998);
#109=CIRCLE('',#2599,0.499999999999998);
#110=CIRCLE('',#2600,0.499999999999998);
#111=CIRCLE('',#2601,0.499999999999998);
#112=CIRCLE('',#2602,0.500000000000007);
#113=CIRCLE('',#2603,0.499999999999998);
#114=CIRCLE('',#2604,0.499999999999998);
#115=CIRCLE('',#2605,0.499999999999998);
#116=CIRCLE('',#2606,0.499999999999998);
#117=CIRCLE('',#2607,0.499999999999998);
#118=CIRCLE('',#2608,0.499999999999998);
#119=CIRCLE('',#2609,0.499999999999999);
#120=CIRCLE('',#2610,0.500000000000003);
#121=CIRCLE('',#2611,0.499999999999996);
#122=CIRCLE('',#2612,0.500000000000003);
#123=CIRCLE('',#2613,0.5);
#124=CIRCLE('',#2614,0.499999999999998);
#125=CIRCLE('',#2615,0.499999999999998);
#126=CIRCLE('',#2616,0.499999999999998);
#127=CIRCLE('',#2617,0.499999999999998);
#128=CIRCLE('',#2618,0.499999999999998);
#129=CIRCLE('',#2619,0.500000000000003);
#130=CIRCLE('',#2634,0.499999999999998);
#131=CIRCLE('',#2637,0.500000000000007);
#132=CIRCLE('',#2640,0.499999999999998);
#133=CIRCLE('',#2643,0.499999999999994);
#134=CIRCLE('',#2646,0.499999999999998);
#135=CIRCLE('',#2649,0.499999999999998);
#136=CIRCLE('',#2652,0.499999999999998);
#137=CIRCLE('',#2655,0.500000000000003);
#138=CIRCLE('',#2658,0.499999999999998);
#139=CIRCLE('',#2661,0.499999999999998);
#140=CIRCLE('',#2664,0.499999999999998);
#141=CIRCLE('',#2667,0.499999999999998);
#142=CIRCLE('',#2670,0.499999999999998);
#143=CIRCLE('',#2673,0.500000000000007);
#144=CIRCLE('',#2676,0.499999999999998);
#145=CIRCLE('',#2679,0.499999999999998);
#146=CIRCLE('',#2682,0.499999999999998);
#147=CIRCLE('',#2685,0.499999999999998);
#148=CIRCLE('',#2688,0.499999999999998);
#149=CIRCLE('',#2691,0.499999999999998);
#150=CIRCLE('',#2694,0.499999999999996);
#151=CIRCLE('',#2697,0.500000000000003);
#152=CIRCLE('',#2700,0.499999999999999);
#153=CIRCLE('',#2703,0.499999999999998);
#154=CIRCLE('',#2706,0.499999999999998);
#155=CIRCLE('',#2709,0.499999999999998);
#156=CIRCLE('',#2712,0.5);
#157=CIRCLE('',#2715,0.500000000000003);
#158=CIRCLE('',#2718,0.500000000000003);
#159=CIRCLE('',#2721,0.499999999999998);
#160=CIRCLE('',#2724,0.499999999999998);
#161=CIRCLE('',#2727,0.499999999999998);
#162=CYLINDRICAL_SURFACE('',#2502,7.);
#163=CYLINDRICAL_SURFACE('',#2514,7.);
#164=CYLINDRICAL_SURFACE('',#2516,7.);
#165=CYLINDRICAL_SURFACE('',#2519,7.);
#166=CYLINDRICAL_SURFACE('',#2521,3.);
#167=CYLINDRICAL_SURFACE('',#2525,2.99999999999999);
#168=CYLINDRICAL_SURFACE('',#2529,2.99999999999999);
#169=CYLINDRICAL_SURFACE('',#2533,3.);
#170=CYLINDRICAL_SURFACE('',#2537,1.7);
#171=CYLINDRICAL_SURFACE('',#2539,1.7);
#172=CYLINDRICAL_SURFACE('',#2541,1.7);
#173=CYLINDRICAL_SURFACE('',#2543,1.7);
#174=CYLINDRICAL_SURFACE('',#2552,7.);
#175=CYLINDRICAL_SURFACE('',#2564,7.);
#176=CYLINDRICAL_SURFACE('',#2566,7.);
#177=CYLINDRICAL_SURFACE('',#2569,7.);
#178=CYLINDRICAL_SURFACE('',#2571,2.35);
#179=CYLINDRICAL_SURFACE('',#2574,2.34999999999999);
#180=CYLINDRICAL_SURFACE('',#2577,2.34999999999999);
#181=CYLINDRICAL_SURFACE('',#2580,2.35);
#182=CYLINDRICAL_SURFACE('',#2633,0.499999999999998);
#183=CYLINDRICAL_SURFACE('',#2636,0.500000000000007);
#184=CYLINDRICAL_SURFACE('',#2639,0.499999999999998);
#185=CYLINDRICAL_SURFACE('',#2642,0.499999999999994);
#186=CYLINDRICAL_SURFACE('',#2645,0.499999999999998);
#187=CYLINDRICAL_SURFACE('',#2648,0.499999999999998);
#188=CYLINDRICAL_SURFACE('',#2651,0.499999999999998);
#189=CYLINDRICAL_SURFACE('',#2654,0.500000000000003);
#190=CYLINDRICAL_SURFACE('',#2657,0.499999999999998);
#191=CYLINDRICAL_SURFACE('',#2660,0.499999999999998);
#192=CYLINDRICAL_SURFACE('',#2663,0.499999999999998);
#193=CYLINDRICAL_SURFACE('',#2666,0.499999999999998);
#194=CYLINDRICAL_SURFACE('',#2669,0.499999999999998);
#195=CYLINDRICAL_SURFACE('',#2672,0.500000000000007);
#196=CYLINDRICAL_SURFACE('',#2675,0.499999999999998);
#197=CYLINDRICAL_SURFACE('',#2678,0.499999999999998);
#198=CYLINDRICAL_SURFACE('',#2681,0.499999999999998);
#199=CYLINDRICAL_SURFACE('',#2684,0.499999999999998);
#200=CYLINDRICAL_SURFACE('',#2687,0.499999999999998);
#201=CYLINDRICAL_SURFACE('',#2690,0.499999999999998);
#202=CYLINDRICAL_SURFACE('',#2693,0.499999999999996);
#203=CYLINDRICAL_SURFACE('',#2696,0.500000000000003);
#204=CYLINDRICAL_SURFACE('',#2699,0.499999999999999);
#205=CYLINDRICAL_SURFACE('',#2702,0.499999999999998);
#206=CYLINDRICAL_SURFACE('',#2705,0.499999999999998);
#207=CYLINDRICAL_SURFACE('',#2708,0.499999999999998);
#208=CYLINDRICAL_SURFACE('',#2711,0.5);
#209=CYLINDRICAL_SURFACE('',#2714,0.500000000000003);
#210=CYLINDRICAL_SURFACE('',#2717,0.500000000000003);
#211=CYLINDRICAL_SURFACE('',#2720,0.499999999999998);
#212=CYLINDRICAL_SURFACE('',#2723,0.499999999999998);
#213=CYLINDRICAL_SURFACE('',#2726,0.499999999999998);
#214=FACE_OUTER_BOUND('',#343,.T.);
#215=FACE_OUTER_BOUND('',#344,.T.);
#216=FACE_OUTER_BOUND('',#345,.T.);
#217=FACE_OUTER_BOUND('',#346,.T.);
#218=FACE_OUTER_BOUND('',#347,.T.);
#219=FACE_OUTER_BOUND('',#348,.T.);
#220=FACE_OUTER_BOUND('',#353,.T.);
#221=FACE_OUTER_BOUND('',#354,.T.);
#222=FACE_OUTER_BOUND('',#355,.T.);
#223=FACE_OUTER_BOUND('',#356,.T.);
#224=FACE_OUTER_BOUND('',#357,.T.);
#225=FACE_OUTER_BOUND('',#358,.T.);
#226=FACE_OUTER_BOUND('',#359,.T.);
#227=FACE_OUTER_BOUND('',#361,.T.);
#228=FACE_OUTER_BOUND('',#362,.T.);
#229=FACE_OUTER_BOUND('',#364,.T.);
#230=FACE_OUTER_BOUND('',#365,.T.);
#231=FACE_OUTER_BOUND('',#367,.T.);
#232=FACE_OUTER_BOUND('',#368,.T.);
#233=FACE_OUTER_BOUND('',#370,.T.);
#234=FACE_OUTER_BOUND('',#371,.T.);
#235=FACE_OUTER_BOUND('',#372,.T.);
#236=FACE_OUTER_BOUND('',#373,.T.);
#237=FACE_OUTER_BOUND('',#374,.T.);
#238=FACE_OUTER_BOUND('',#375,.T.);
#239=FACE_OUTER_BOUND('',#376,.T.);
#240=FACE_OUTER_BOUND('',#377,.T.);
#241=FACE_OUTER_BOUND('',#378,.T.);
#242=FACE_OUTER_BOUND('',#379,.T.);
#243=FACE_OUTER_BOUND('',#381,.T.);
#244=FACE_OUTER_BOUND('',#387,.T.);
#245=FACE_OUTER_BOUND('',#388,.T.);
#246=FACE_OUTER_BOUND('',#394,.T.);
#247=FACE_OUTER_BOUND('',#395,.T.);
#248=FACE_OUTER_BOUND('',#396,.T.);
#249=FACE_OUTER_BOUND('',#397,.T.);
#250=FACE_OUTER_BOUND('',#398,.T.);
#251=FACE_OUTER_BOUND('',#399,.T.);
#252=FACE_OUTER_BOUND('',#400,.T.);
#253=FACE_OUTER_BOUND('',#401,.T.);
#254=FACE_OUTER_BOUND('',#402,.T.);
#255=FACE_OUTER_BOUND('',#403,.T.);
#256=FACE_OUTER_BOUND('',#404,.T.);
#257=FACE_OUTER_BOUND('',#405,.T.);
#258=FACE_OUTER_BOUND('',#406,.T.);
#259=FACE_OUTER_BOUND('',#407,.T.);
#260=FACE_OUTER_BOUND('',#408,.T.);
#261=FACE_OUTER_BOUND('',#409,.T.);
#262=FACE_OUTER_BOUND('',#410,.T.);
#263=FACE_OUTER_BOUND('',#411,.T.);
#264=FACE_OUTER_BOUND('',#423,.T.);
#265=FACE_OUTER_BOUND('',#424,.T.);
#266=FACE_OUTER_BOUND('',#425,.T.);
#267=FACE_OUTER_BOUND('',#426,.T.);
#268=FACE_OUTER_BOUND('',#427,.T.);
#269=FACE_OUTER_BOUND('',#428,.T.);
#270=FACE_OUTER_BOUND('',#429,.T.);
#271=FACE_OUTER_BOUND('',#430,.T.);
#272=FACE_OUTER_BOUND('',#431,.T.);
#273=FACE_OUTER_BOUND('',#432,.T.);
#274=FACE_OUTER_BOUND('',#433,.T.);
#275=FACE_OUTER_BOUND('',#434,.T.);
#276=FACE_OUTER_BOUND('',#435,.T.);
#277=FACE_OUTER_BOUND('',#436,.T.);
#278=FACE_OUTER_BOUND('',#437,.T.);
#279=FACE_OUTER_BOUND('',#438,.T.);
#280=FACE_OUTER_BOUND('',#439,.T.);
#281=FACE_OUTER_BOUND('',#440,.T.);
#282=FACE_OUTER_BOUND('',#441,.T.);
#283=FACE_OUTER_BOUND('',#442,.T.);
#284=FACE_OUTER_BOUND('',#443,.T.);
#285=FACE_OUTER_BOUND('',#444,.T.);
#286=FACE_OUTER_BOUND('',#445,.T.);
#287=FACE_OUTER_BOUND('',#446,.T.);
#288=FACE_OUTER_BOUND('',#447,.T.);
#289=FACE_OUTER_BOUND('',#448,.T.);
#290=FACE_OUTER_BOUND('',#449,.T.);
#291=FACE_OUTER_BOUND('',#450,.T.);
#292=FACE_OUTER_BOUND('',#451,.T.);
#293=FACE_OUTER_BOUND('',#452,.T.);
#294=FACE_OUTER_BOUND('',#453,.T.);
#295=FACE_OUTER_BOUND('',#454,.T.);
#296=FACE_OUTER_BOUND('',#455,.T.);
#297=FACE_OUTER_BOUND('',#456,.T.);
#298=FACE_OUTER_BOUND('',#457,.T.);
#299=FACE_OUTER_BOUND('',#458,.T.);
#300=FACE_OUTER_BOUND('',#459,.T.);
#301=FACE_OUTER_BOUND('',#460,.T.);
#302=FACE_OUTER_BOUND('',#461,.T.);
#303=FACE_OUTER_BOUND('',#462,.T.);
#304=FACE_OUTER_BOUND('',#463,.T.);
#305=FACE_OUTER_BOUND('',#464,.T.);
#306=FACE_OUTER_BOUND('',#465,.T.);
#307=FACE_OUTER_BOUND('',#466,.T.);
#308=FACE_OUTER_BOUND('',#467,.T.);
#309=FACE_OUTER_BOUND('',#468,.T.);
#310=FACE_OUTER_BOUND('',#469,.T.);
#311=FACE_OUTER_BOUND('',#470,.T.);
#312=FACE_OUTER_BOUND('',#471,.T.);
#313=FACE_OUTER_BOUND('',#472,.T.);
#314=FACE_OUTER_BOUND('',#473,.T.);
#315=FACE_OUTER_BOUND('',#474,.T.);
#316=FACE_OUTER_BOUND('',#475,.T.);
#317=FACE_OUTER_BOUND('',#476,.T.);
#318=FACE_OUTER_BOUND('',#477,.T.);
#319=FACE_OUTER_BOUND('',#478,.T.);
#320=FACE_OUTER_BOUND('',#479,.T.);
#321=FACE_OUTER_BOUND('',#480,.T.);
#322=FACE_OUTER_BOUND('',#481,.T.);
#323=FACE_OUTER_BOUND('',#482,.T.);
#324=FACE_OUTER_BOUND('',#483,.T.);
#325=FACE_OUTER_BOUND('',#484,.T.);
#326=FACE_OUTER_BOUND('',#485,.T.);
#327=FACE_OUTER_BOUND('',#486,.T.);
#328=FACE_OUTER_BOUND('',#487,.T.);
#329=FACE_OUTER_BOUND('',#488,.T.);
#330=FACE_OUTER_BOUND('',#489,.T.);
#331=FACE_OUTER_BOUND('',#490,.T.);
#332=FACE_OUTER_BOUND('',#491,.T.);
#333=FACE_OUTER_BOUND('',#492,.T.);
#334=FACE_OUTER_BOUND('',#493,.T.);
#335=FACE_OUTER_BOUND('',#494,.T.);
#336=FACE_OUTER_BOUND('',#495,.T.);
#337=FACE_OUTER_BOUND('',#496,.T.);
#338=FACE_OUTER_BOUND('',#497,.T.);
#339=FACE_OUTER_BOUND('',#498,.T.);
#340=FACE_OUTER_BOUND('',#499,.T.);
#341=FACE_OUTER_BOUND('',#500,.T.);
#342=FACE_OUTER_BOUND('',#501,.T.);
#343=EDGE_LOOP('',(#1581,#1582,#1583,#1584,#1585,#1586,#1587,#1588));
#344=EDGE_LOOP('',(#1589,#1590,#1591,#1592));
#345=EDGE_LOOP('',(#1593,#1594,#1595,#1596));
#346=EDGE_LOOP('',(#1597,#1598,#1599,#1600));
#347=EDGE_LOOP('',(#1601,#1602,#1603,#1604));
#348=EDGE_LOOP('',(#1605,#1606,#1607,#1608,#1609,#1610,#1611,#1612));
#349=EDGE_LOOP('',(#1613));
#350=EDGE_LOOP('',(#1614));
#351=EDGE_LOOP('',(#1615));
#352=EDGE_LOOP('',(#1616));
#353=EDGE_LOOP('',(#1617,#1618,#1619,#1620));
#354=EDGE_LOOP('',(#1621,#1622,#1623,#1624));
#355=EDGE_LOOP('',(#1625,#1626,#1627,#1628));
#356=EDGE_LOOP('',(#1629,#1630,#1631,#1632));
#357=EDGE_LOOP('',(#1633,#1634,#1635,#1636));
#358=EDGE_LOOP('',(#1637,#1638,#1639,#1640));
#359=EDGE_LOOP('',(#1641));
#360=EDGE_LOOP('',(#1642));
#361=EDGE_LOOP('',(#1643,#1644,#1645,#1646));
#362=EDGE_LOOP('',(#1647));
#363=EDGE_LOOP('',(#1648));
#364=EDGE_LOOP('',(#1649,#1650,#1651,#1652));
#365=EDGE_LOOP('',(#1653));
#366=EDGE_LOOP('',(#1654));
#367=EDGE_LOOP('',(#1655,#1656,#1657,#1658));
#368=EDGE_LOOP('',(#1659));
#369=EDGE_LOOP('',(#1660));
#370=EDGE_LOOP('',(#1661,#1662,#1663,#1664));
#371=EDGE_LOOP('',(#1665,#1666,#1667,#1668));
#372=EDGE_LOOP('',(#1669,#1670,#1671,#1672));
#373=EDGE_LOOP('',(#1673,#1674,#1675,#1676));
#374=EDGE_LOOP('',(#1677,#1678,#1679,#1680));
#375=EDGE_LOOP('',(#1681,#1682,#1683,#1684));
#376=EDGE_LOOP('',(#1685,#1686,#1687,#1688));
#377=EDGE_LOOP('',(#1689,#1690,#1691,#1692,#1693,#1694,#1695,#1696));
#378=EDGE_LOOP('',(#1697,#1698,#1699,#1700));
#379=EDGE_LOOP('',(#1701,#1702,#1703,#1704));
#380=EDGE_LOOP('',(#1705,#1706,#1707,#1708));
#381=EDGE_LOOP('',(#1709,#1710,#1711,#1712,#1713,#1714,#1715,#1716));
#382=EDGE_LOOP('',(#1717,#1718,#1719,#1720));
#383=EDGE_LOOP('',(#1721));
#384=EDGE_LOOP('',(#1722));
#385=EDGE_LOOP('',(#1723));
#386=EDGE_LOOP('',(#1724));
#387=EDGE_LOOP('',(#1725,#1726,#1727,#1728));
#388=EDGE_LOOP('',(#1729,#1730,#1731,#1732,#1733,#1734,#1735,#1736));
#389=EDGE_LOOP('',(#1737,#1738,#1739,#1740));
#390=EDGE_LOOP('',(#1741));
#391=EDGE_LOOP('',(#1742));
#392=EDGE_LOOP('',(#1743));
#393=EDGE_LOOP('',(#1744));
#394=EDGE_LOOP('',(#1745,#1746,#1747,#1748));
#395=EDGE_LOOP('',(#1749,#1750,#1751,#1752));
#396=EDGE_LOOP('',(#1753,#1754,#1755,#1756));
#397=EDGE_LOOP('',(#1757,#1758,#1759,#1760));
#398=EDGE_LOOP('',(#1761,#1762,#1763,#1764));
#399=EDGE_LOOP('',(#1765,#1766,#1767,#1768));
#400=EDGE_LOOP('',(#1769));
#401=EDGE_LOOP('',(#1770,#1771,#1772,#1773));
#402=EDGE_LOOP('',(#1774));
#403=EDGE_LOOP('',(#1775,#1776,#1777,#1778));
#404=EDGE_LOOP('',(#1779));
#405=EDGE_LOOP('',(#1780,#1781,#1782,#1783));
#406=EDGE_LOOP('',(#1784));
#407=EDGE_LOOP('',(#1785,#1786,#1787,#1788));
#408=EDGE_LOOP('',(#1789,#1790,#1791,#1792));
#409=EDGE_LOOP('',(#1793,#1794,#1795,#1796));
#410=EDGE_LOOP('',(#1797,#1798,#1799,#1800));
#411=EDGE_LOOP('',(#1801,#1802,#1803,#1804));
#412=EDGE_LOOP('',(#1805,#1806,#1807,#1808));
#413=EDGE_LOOP('',(#1809,#1810,#1811,#1812,#1813,#1814,#1815,#1816));
#414=EDGE_LOOP('',(#1817,#1818,#1819,#1820,#1821,#1822,#1823,#1824));
#415=EDGE_LOOP('',(#1825,#1826,#1827,#1828,#1829,#1830,#1831,#1832));
#416=EDGE_LOOP('',(#1833,#1834,#1835,#1836,#1837,#1838,#1839,#1840));
#417=EDGE_LOOP('',(#1841,#1842,#1843,#1844,#1845,#1846,#1847,#1848));
#418=EDGE_LOOP('',(#1849,#1850,#1851,#1852,#1853,#1854,#1855,#1856));
#419=EDGE_LOOP('',(#1857,#1858,#1859,#1860,#1861,#1862,#1863,#1864));
#420=EDGE_LOOP('',(#1865,#1866,#1867,#1868,#1869,#1870,#1871,#1872));
#421=EDGE_LOOP('',(#1873,#1874,#1875,#1876));
#422=EDGE_LOOP('',(#1877,#1878,#1879,#1880));
#423=EDGE_LOOP('',(#1881,#1882,#1883,#1884));
#424=EDGE_LOOP('',(#1885,#1886,#1887,#1888));
#425=EDGE_LOOP('',(#1889,#1890,#1891,#1892));
#426=EDGE_LOOP('',(#1893,#1894,#1895,#1896));
#427=EDGE_LOOP('',(#1897,#1898,#1899,#1900));
#428=EDGE_LOOP('',(#1901,#1902,#1903,#1904));
#429=EDGE_LOOP('',(#1905,#1906,#1907,#1908));
#430=EDGE_LOOP('',(#1909,#1910,#1911,#1912));
#431=EDGE_LOOP('',(#1913,#1914,#1915,#1916));
#432=EDGE_LOOP('',(#1917,#1918,#1919,#1920));
#433=EDGE_LOOP('',(#1921,#1922,#1923,#1924));
#434=EDGE_LOOP('',(#1925,#1926,#1927,#1928));
#435=EDGE_LOOP('',(#1929,#1930,#1931,#1932));
#436=EDGE_LOOP('',(#1933,#1934,#1935,#1936));
#437=EDGE_LOOP('',(#1937,#1938,#1939,#1940));
#438=EDGE_LOOP('',(#1941,#1942,#1943,#1944));
#439=EDGE_LOOP('',(#1945,#1946,#1947,#1948));
#440=EDGE_LOOP('',(#1949,#1950,#1951,#1952));
#441=EDGE_LOOP('',(#1953,#1954,#1955,#1956));
#442=EDGE_LOOP('',(#1957,#1958,#1959,#1960));
#443=EDGE_LOOP('',(#1961,#1962,#1963,#1964));
#444=EDGE_LOOP('',(#1965,#1966,#1967,#1968));
#445=EDGE_LOOP('',(#1969,#1970,#1971,#1972));
#446=EDGE_LOOP('',(#1973,#1974,#1975,#1976));
#447=EDGE_LOOP('',(#1977,#1978,#1979,#1980));
#448=EDGE_LOOP('',(#1981,#1982,#1983,#1984));
#449=EDGE_LOOP('',(#1985,#1986,#1987,#1988));
#450=EDGE_LOOP('',(#1989,#1990,#1991,#1992));
#451=EDGE_LOOP('',(#1993,#1994,#1995,#1996));
#452=EDGE_LOOP('',(#1997,#1998,#1999,#2000));
#453=EDGE_LOOP('',(#2001,#2002,#2003,#2004));
#454=EDGE_LOOP('',(#2005,#2006,#2007,#2008));
#455=EDGE_LOOP('',(#2009,#2010,#2011,#2012));
#456=EDGE_LOOP('',(#2013,#2014,#2015,#2016));
#457=EDGE_LOOP('',(#2017,#2018,#2019,#2020));
#458=EDGE_LOOP('',(#2021,#2022,#2023,#2024));
#459=EDGE_LOOP('',(#2025,#2026,#2027,#2028));
#460=EDGE_LOOP('',(#2029,#2030,#2031,#2032));
#461=EDGE_LOOP('',(#2033,#2034,#2035,#2036));
#462=EDGE_LOOP('',(#2037,#2038,#2039,#2040));
#463=EDGE_LOOP('',(#2041,#2042,#2043,#2044));
#464=EDGE_LOOP('',(#2045,#2046,#2047,#2048));
#465=EDGE_LOOP('',(#2049,#2050,#2051,#2052));
#466=EDGE_LOOP('',(#2053,#2054,#2055,#2056));
#467=EDGE_LOOP('',(#2057,#2058,#2059,#2060));
#468=EDGE_LOOP('',(#2061,#2062,#2063,#2064));
#469=EDGE_LOOP('',(#2065,#2066,#2067,#2068));
#470=EDGE_LOOP('',(#2069,#2070,#2071,#2072));
#471=EDGE_LOOP('',(#2073,#2074,#2075,#2076));
#472=EDGE_LOOP('',(#2077,#2078,#2079,#2080));
#473=EDGE_LOOP('',(#2081,#2082,#2083,#2084));
#474=EDGE_LOOP('',(#2085,#2086,#2087,#2088));
#475=EDGE_LOOP('',(#2089,#2090,#2091,#2092));
#476=EDGE_LOOP('',(#2093,#2094,#2095,#2096));
#477=EDGE_LOOP('',(#2097,#2098,#2099,#2100));
#478=EDGE_LOOP('',(#2101,#2102,#2103,#2104));
#479=EDGE_LOOP('',(#2105,#2106,#2107,#2108));
#480=EDGE_LOOP('',(#2109,#2110,#2111,#2112));
#481=EDGE_LOOP('',(#2113,#2114,#2115,#2116));
#482=EDGE_LOOP('',(#2117,#2118,#2119,#2120));
#483=EDGE_LOOP('',(#2121,#2122,#2123,#2124));
#484=EDGE_LOOP('',(#2125,#2126,#2127,#2128));
#485=EDGE_LOOP('',(#2129,#2130,#2131,#2132));
#486=EDGE_LOOP('',(#2133,#2134,#2135,#2136));
#487=EDGE_LOOP('',(#2137,#2138,#2139,#2140));
#488=EDGE_LOOP('',(#2141,#2142,#2143,#2144));
#489=EDGE_LOOP('',(#2145,#2146,#2147,#2148));
#490=EDGE_LOOP('',(#2149,#2150,#2151,#2152));
#491=EDGE_LOOP('',(#2153,#2154,#2155,#2156));
#492=EDGE_LOOP('',(#2157,#2158,#2159,#2160));
#493=EDGE_LOOP('',(#2161,#2162,#2163,#2164));
#494=EDGE_LOOP('',(#2165,#2166,#2167,#2168));
#495=EDGE_LOOP('',(#2169,#2170,#2171,#2172));
#496=EDGE_LOOP('',(#2173,#2174,#2175,#2176));
#497=EDGE_LOOP('',(#2177,#2178,#2179,#2180));
#498=EDGE_LOOP('',(#2181,#2182,#2183,#2184));
#499=EDGE_LOOP('',(#2185,#2186,#2187,#2188));
#500=EDGE_LOOP('',(#2189,#2190,#2191,#2192));
#501=EDGE_LOOP('',(#2193,#2194,#2195,#2196,#2197,#2198,#2199,#2200));
#502=EDGE_LOOP('',(#2201,#2202,#2203,#2204));
#503=EDGE_LOOP('',(#2205,#2206,#2207,#2208));
#504=EDGE_LOOP('',(#2209,#2210,#2211,#2212,#2213,#2214,#2215,#2216));
#505=EDGE_LOOP('',(#2217,#2218,#2219,#2220,#2221,#2222,#2223,#2224));
#506=EDGE_LOOP('',(#2225,#2226,#2227,#2228,#2229,#2230,#2231,#2232));
#507=EDGE_LOOP('',(#2233,#2234,#2235,#2236,#2237,#2238,#2239,#2240));
#508=EDGE_LOOP('',(#2241,#2242,#2243,#2244,#2245,#2246,#2247,#2248));
#509=EDGE_LOOP('',(#2249,#2250,#2251,#2252,#2253,#2254,#2255,#2256));
#510=EDGE_LOOP('',(#2257,#2258,#2259,#2260,#2261,#2262,#2263,#2264));
#511=EDGE_LOOP('',(#2265,#2266,#2267,#2268,#2269,#2270,#2271,#2272));
#512=EDGE_LOOP('',(#2273,#2274,#2275,#2276));
#513=LINE('',#3447,#757);
#514=LINE('',#3449,#758);
#515=LINE('',#3451,#759);
#516=LINE('',#3453,#760);
#517=LINE('',#3455,#761);
#518=LINE('',#3457,#762);
#519=LINE('',#3459,#763);
#520=LINE('',#3460,#764);
#521=LINE('',#3463,#765);
#522=LINE('',#3465,#766);
#523=LINE('',#3466,#767);
#524=LINE('',#3469,#768);
#525=LINE('',#3471,#769);
#526=LINE('',#3472,#770);
#527=LINE('',#3474,#771);
#528=LINE('',#3475,#772);
#529=LINE('',#3481,#773);
#530=LINE('',#3484,#774);
#531=LINE('',#3487,#775);
#532=LINE('',#3491,#776);
#533=LINE('',#3495,#777);
#534=LINE('',#3498,#778);
#535=LINE('',#3509,#779);
#536=LINE('',#3510,#780);
#537=LINE('',#3514,#781);
#538=LINE('',#3519,#782);
#539=LINE('',#3520,#783);
#540=LINE('',#3523,#784);
#541=LINE('',#3524,#785);
#542=LINE('',#3528,#786);
#543=LINE('',#3531,#787);
#544=LINE('',#3538,#788);
#545=LINE('',#3545,#789);
#546=LINE('',#3552,#790);
#547=LINE('',#3560,#791);
#548=LINE('',#3564,#792);
#549=LINE('',#3568,#793);
#550=LINE('',#3572,#794);
#551=LINE('',#3576,#795);
#552=LINE('',#3577,#796);
#553=LINE('',#3578,#797);
#554=LINE('',#3581,#798);
#555=LINE('',#3582,#799);
#556=LINE('',#3584,#800);
#557=LINE('',#3587,#801);
#558=LINE('',#3588,#802);
#559=LINE('',#3590,#803);
#560=LINE('',#3592,#804);
#561=LINE('',#3599,#805);
#562=LINE('',#3602,#806);
#563=LINE('',#3605,#807);
#564=LINE('',#3609,#808);
#565=LINE('',#3613,#809);
#566=LINE('',#3616,#810);
#567=LINE('',#3619,#811);
#568=LINE('',#3621,#812);
#569=LINE('',#3623,#813);
#570=LINE('',#3624,#814);
#571=LINE('',#3635,#815);
#572=LINE('',#3636,#816);
#573=LINE('',#3640,#817);
#574=LINE('',#3643,#818);
#575=LINE('',#3646,#819);
#576=LINE('',#3649,#820);
#577=LINE('',#3650,#821);
#578=LINE('',#3654,#822);
#579=LINE('',#3657,#823);
#580=LINE('',#3662,#824);
#581=LINE('',#3667,#825);
#582=LINE('',#3672,#826);
#583=LINE('',#3678,#827);
#584=LINE('',#3679,#828);
#585=LINE('',#3680,#829);
#586=LINE('',#3683,#830);
#587=LINE('',#3684,#831);
#588=LINE('',#3687,#832);
#589=LINE('',#3688,#833);
#590=LINE('',#3690,#834);
#591=LINE('',#3694,#835);
#592=LINE('',#3696,#836);
#593=LINE('',#3698,#837);
#594=LINE('',#3699,#838);
#595=LINE('',#3704,#839);
#596=LINE('',#3708,#840);
#597=LINE('',#3712,#841);
#598=LINE('',#3715,#842);
#599=LINE('',#3720,#843);
#600=LINE('',#3724,#844);
#601=LINE('',#3728,#845);
#602=LINE('',#3731,#846);
#603=LINE('',#3736,#847);
#604=LINE('',#3740,#848);
#605=LINE('',#3744,#849);
#606=LINE('',#3747,#850);
#607=LINE('',#3752,#851);
#608=LINE('',#3756,#852);
#609=LINE('',#3760,#853);
#610=LINE('',#3763,#854);
#611=LINE('',#3768,#855);
#612=LINE('',#3772,#856);
#613=LINE('',#3776,#857);
#614=LINE('',#3779,#858);
#615=LINE('',#3784,#859);
#616=LINE('',#3788,#860);
#617=LINE('',#3792,#861);
#618=LINE('',#3795,#862);
#619=LINE('',#3800,#863);
#620=LINE('',#3804,#864);
#621=LINE('',#3808,#865);
#622=LINE('',#3811,#866);
#623=LINE('',#3816,#867);
#624=LINE('',#3820,#868);
#625=LINE('',#3824,#869);
#626=LINE('',#3827,#870);
#627=LINE('',#3830,#871);
#628=LINE('',#3832,#872);
#629=LINE('',#3834,#873);
#630=LINE('',#3835,#874);
#631=LINE('',#3838,#875);
#632=LINE('',#3840,#876);
#633=LINE('',#3842,#877);
#634=LINE('',#3843,#878);
#635=LINE('',#3847,#879);
#636=LINE('',#3848,#880);
#637=LINE('',#3849,#881);
#638=LINE('',#3852,#882);
#639=LINE('',#3853,#883);
#640=LINE('',#3856,#884);
#641=LINE('',#3857,#885);
#642=LINE('',#3859,#886);
#643=LINE('',#3863,#887);
#644=LINE('',#3864,#888);
#645=LINE('',#3865,#889);
#646=LINE('',#3868,#890);
#647=LINE('',#3869,#891);
#648=LINE('',#3872,#892);
#649=LINE('',#3873,#893);
#650=LINE('',#3875,#894);
#651=LINE('',#3879,#895);
#652=LINE('',#3880,#896);
#653=LINE('',#3881,#897);
#654=LINE('',#3884,#898);
#655=LINE('',#3885,#899);
#656=LINE('',#3888,#900);
#657=LINE('',#3889,#901);
#658=LINE('',#3891,#902);
#659=LINE('',#3895,#903);
#660=LINE('',#3896,#904);
#661=LINE('',#3897,#905);
#662=LINE('',#3901,#906);
#663=LINE('',#3904,#907);
#664=LINE('',#3905,#908);
#665=LINE('',#3909,#909);
#666=LINE('',#3912,#910);
#667=LINE('',#3913,#911);
#668=LINE('',#3917,#912);
#669=LINE('',#3920,#913);
#670=LINE('',#3921,#914);
#671=LINE('',#3927,#915);
#672=LINE('',#3928,#916);
#673=LINE('',#3929,#917);
#674=LINE('',#3933,#918);
#675=LINE('',#3936,#919);
#676=LINE('',#3937,#920);
#677=LINE('',#3941,#921);
#678=LINE('',#3944,#922);
#679=LINE('',#3945,#923);
#680=LINE('',#3949,#924);
#681=LINE('',#3952,#925);
#682=LINE('',#3953,#926);
#683=LINE('',#3959,#927);
#684=LINE('',#3960,#928);
#685=LINE('',#3961,#929);
#686=LINE('',#3965,#930);
#687=LINE('',#3968,#931);
#688=LINE('',#3969,#932);
#689=LINE('',#3973,#933);
#690=LINE('',#3976,#934);
#691=LINE('',#3977,#935);
#692=LINE('',#3981,#936);
#693=LINE('',#3984,#937);
#694=LINE('',#3985,#938);
#695=LINE('',#3991,#939);
#696=LINE('',#3992,#940);
#697=LINE('',#3993,#941);
#698=LINE('',#3997,#942);
#699=LINE('',#4000,#943);
#700=LINE('',#4001,#944);
#701=LINE('',#4005,#945);
#702=LINE('',#4008,#946);
#703=LINE('',#4009,#947);
#704=LINE('',#4013,#948);
#705=LINE('',#4016,#949);
#706=LINE('',#4017,#950);
#707=LINE('',#4023,#951);
#708=LINE('',#4024,#952);
#709=LINE('',#4025,#953);
#710=LINE('',#4029,#954);
#711=LINE('',#4032,#955);
#712=LINE('',#4033,#956);
#713=LINE('',#4037,#957);
#714=LINE('',#4040,#958);
#715=LINE('',#4041,#959);
#716=LINE('',#4045,#960);
#717=LINE('',#4048,#961);
#718=LINE('',#4049,#962);
#719=LINE('',#4055,#963);
#720=LINE('',#4056,#964);
#721=LINE('',#4057,#965);
#722=LINE('',#4061,#966);
#723=LINE('',#4064,#967);
#724=LINE('',#4065,#968);
#725=LINE('',#4069,#969);
#726=LINE('',#4072,#970);
#727=LINE('',#4073,#971);
#728=LINE('',#4077,#972);
#729=LINE('',#4080,#973);
#730=LINE('',#4081,#974);
#731=LINE('',#4087,#975);
#732=LINE('',#4088,#976);
#733=LINE('',#4089,#977);
#734=LINE('',#4093,#978);
#735=LINE('',#4096,#979);
#736=LINE('',#4097,#980);
#737=LINE('',#4101,#981);
#738=LINE('',#4104,#982);
#739=LINE('',#4105,#983);
#740=LINE('',#4109,#984);
#741=LINE('',#4112,#985);
#742=LINE('',#4113,#986);
#743=LINE('',#4119,#987);
#744=LINE('',#4120,#988);
#745=LINE('',#4121,#989);
#746=LINE('',#4125,#990);
#747=LINE('',#4128,#991);
#748=LINE('',#4129,#992);
#749=LINE('',#4133,#993);
#750=LINE('',#4136,#994);
#751=LINE('',#4137,#995);
#752=LINE('',#4141,#996);
#753=LINE('',#4144,#997);
#754=LINE('',#4145,#998);
#755=LINE('',#4149,#999);
#756=LINE('',#4151,#1000);
#757=VECTOR('',#2735,10.);
#758=VECTOR('',#2736,10.);
#759=VECTOR('',#2737,10.);
#760=VECTOR('',#2738,10.);
#761=VECTOR('',#2739,10.);
#762=VECTOR('',#2740,10.);
#763=VECTOR('',#2741,10.);
#764=VECTOR('',#2742,10.);
#765=VECTOR('',#2745,10.);
#766=VECTOR('',#2746,10.);
#767=VECTOR('',#2747,10.);
#768=VECTOR('',#2750,10.);
#769=VECTOR('',#2751,10.);
#770=VECTOR('',#2752,10.);
#771=VECTOR('',#2755,10.);
#772=VECTOR('',#2756,10.);
#773=VECTOR('',#2761,10.);
#774=VECTOR('',#2764,10.);
#775=VECTOR('',#2767,10.);
#776=VECTOR('',#2770,10.);
#777=VECTOR('',#2773,10.);
#778=VECTOR('',#2776,10.);
#779=VECTOR('',#2787,10.);
#780=VECTOR('',#2788,10.);
#781=VECTOR('',#2793,10.);
#782=VECTOR('',#2798,10.);
#783=VECTOR('',#2799,10.);
#784=VECTOR('',#2802,10.);
#785=VECTOR('',#2803,10.);
#786=VECTOR('',#2808,10.);
#787=VECTOR('',#2811,3.);
#788=VECTOR('',#2820,2.99999999999999);
#789=VECTOR('',#2829,2.99999999999999);
#790=VECTOR('',#2838,3.);
#791=VECTOR('',#2849,1.7);
#792=VECTOR('',#2854,1.7);
#793=VECTOR('',#2859,1.7);
#794=VECTOR('',#2864,1.7);
#795=VECTOR('',#2867,10.);
#796=VECTOR('',#2868,10.);
#797=VECTOR('',#2869,10.);
#798=VECTOR('',#2872,10.);
#799=VECTOR('',#2873,10.);
#800=VECTOR('',#2876,10.);
#801=VECTOR('',#2879,10.);
#802=VECTOR('',#2880,10.);
#803=VECTOR('',#2883,10.);
#804=VECTOR('',#2886,10.);
#805=VECTOR('',#2893,10.);
#806=VECTOR('',#2896,10.);
#807=VECTOR('',#2899,10.);
#808=VECTOR('',#2902,10.);
#809=VECTOR('',#2905,10.);
#810=VECTOR('',#2908,10.);
#811=VECTOR('',#2909,10.);
#812=VECTOR('',#2910,10.);
#813=VECTOR('',#2911,10.);
#814=VECTOR('',#2912,10.);
#815=VECTOR('',#2923,10.);
#816=VECTOR('',#2924,10.);
#817=VECTOR('',#2929,10.);
#818=VECTOR('',#2932,10.);
#819=VECTOR('',#2935,10.);
#820=VECTOR('',#2938,10.);
#821=VECTOR('',#2939,10.);
#822=VECTOR('',#2944,10.);
#823=VECTOR('',#2947,2.35);
#824=VECTOR('',#2954,2.34999999999999);
#825=VECTOR('',#2961,2.34999999999999);
#826=VECTOR('',#2968,2.35);
#827=VECTOR('',#2975,10.);
#828=VECTOR('',#2976,10.);
#829=VECTOR('',#2977,10.);
#830=VECTOR('',#2980,10.);
#831=VECTOR('',#2981,10.);
#832=VECTOR('',#2984,10.);
#833=VECTOR('',#2985,10.);
#834=VECTOR('',#2988,10.);
#835=VECTOR('',#2991,10.);
#836=VECTOR('',#2992,10.);
#837=VECTOR('',#2993,10.);
#838=VECTOR('',#2994,10.);
#839=VECTOR('',#2997,10.);
#840=VECTOR('',#3000,10.);
#841=VECTOR('',#3003,10.);
#842=VECTOR('',#3006,10.);
#843=VECTOR('',#3009,10.);
#844=VECTOR('',#3012,10.);
#845=VECTOR('',#3015,10.);
#846=VECTOR('',#3018,10.);
#847=VECTOR('',#3021,10.);
#848=VECTOR('',#3024,10.);
#849=VECTOR('',#3027,10.);
#850=VECTOR('',#3030,10.);
#851=VECTOR('',#3033,10.);
#852=VECTOR('',#3036,10.);
#853=VECTOR('',#3039,10.);
#854=VECTOR('',#3042,10.);
#855=VECTOR('',#3045,10.);
#856=VECTOR('',#3048,10.);
#857=VECTOR('',#3051,10.);
#858=VECTOR('',#3054,10.);
#859=VECTOR('',#3057,10.);
#860=VECTOR('',#3060,10.);
#861=VECTOR('',#3063,10.);
#862=VECTOR('',#3066,10.);
#863=VECTOR('',#3069,10.);
#864=VECTOR('',#3072,10.);
#865=VECTOR('',#3075,10.);
#866=VECTOR('',#3078,10.);
#867=VECTOR('',#3081,10.);
#868=VECTOR('',#3084,10.);
#869=VECTOR('',#3087,10.);
#870=VECTOR('',#3090,10.);
#871=VECTOR('',#3091,10.);
#872=VECTOR('',#3092,10.);
#873=VECTOR('',#3093,10.);
#874=VECTOR('',#3094,10.);
#875=VECTOR('',#3095,10.);
#876=VECTOR('',#3096,10.);
#877=VECTOR('',#3097,10.);
#878=VECTOR('',#3098,10.);
#879=VECTOR('',#3101,10.);
#880=VECTOR('',#3102,10.);
#881=VECTOR('',#3103,10.);
#882=VECTOR('',#3106,10.);
#883=VECTOR('',#3107,10.);
#884=VECTOR('',#3110,10.);
#885=VECTOR('',#3111,10.);
#886=VECTOR('',#3114,10.);
#887=VECTOR('',#3117,10.);
#888=VECTOR('',#3118,10.);
#889=VECTOR('',#3119,10.);
#890=VECTOR('',#3122,10.);
#891=VECTOR('',#3123,10.);
#892=VECTOR('',#3126,10.);
#893=VECTOR('',#3127,10.);
#894=VECTOR('',#3130,10.);
#895=VECTOR('',#3133,10.);
#896=VECTOR('',#3134,10.);
#897=VECTOR('',#3135,10.);
#898=VECTOR('',#3138,10.);
#899=VECTOR('',#3139,10.);
#900=VECTOR('',#3142,10.);
#901=VECTOR('',#3143,10.);
#902=VECTOR('',#3146,10.);
#903=VECTOR('',#3149,10.);
#904=VECTOR('',#3150,10.);
#905=VECTOR('',#3151,10.);
#906=VECTOR('',#3156,10.);
#907=VECTOR('',#3159,10.);
#908=VECTOR('',#3160,10.);
#909=VECTOR('',#3165,10.);
#910=VECTOR('',#3168,10.);
#911=VECTOR('',#3169,10.);
#912=VECTOR('',#3174,10.);
#913=VECTOR('',#3177,10.);
#914=VECTOR('',#3178,10.);
#915=VECTOR('',#3185,10.);
#916=VECTOR('',#3186,10.);
#917=VECTOR('',#3187,10.);
#918=VECTOR('',#3192,10.);
#919=VECTOR('',#3195,10.);
#920=VECTOR('',#3196,10.);
#921=VECTOR('',#3201,10.);
#922=VECTOR('',#3204,10.);
#923=VECTOR('',#3205,10.);
#924=VECTOR('',#3210,10.);
#925=VECTOR('',#3213,10.);
#926=VECTOR('',#3214,10.);
#927=VECTOR('',#3221,10.);
#928=VECTOR('',#3222,10.);
#929=VECTOR('',#3223,10.);
#930=VECTOR('',#3228,10.);
#931=VECTOR('',#3231,10.);
#932=VECTOR('',#3232,10.);
#933=VECTOR('',#3237,10.);
#934=VECTOR('',#3240,10.);
#935=VECTOR('',#3241,10.);
#936=VECTOR('',#3246,10.);
#937=VECTOR('',#3249,10.);
#938=VECTOR('',#3250,10.);
#939=VECTOR('',#3257,10.);
#940=VECTOR('',#3258,10.);
#941=VECTOR('',#3259,10.);
#942=VECTOR('',#3264,10.);
#943=VECTOR('',#3267,10.);
#944=VECTOR('',#3268,10.);
#945=VECTOR('',#3273,10.);
#946=VECTOR('',#3276,10.);
#947=VECTOR('',#3277,10.);
#948=VECTOR('',#3282,10.);
#949=VECTOR('',#3285,10.);
#950=VECTOR('',#3286,10.);
#951=VECTOR('',#3293,10.);
#952=VECTOR('',#3294,10.);
#953=VECTOR('',#3295,10.);
#954=VECTOR('',#3300,10.);
#955=VECTOR('',#3303,10.);
#956=VECTOR('',#3304,10.);
#957=VECTOR('',#3309,10.);
#958=VECTOR('',#3312,10.);
#959=VECTOR('',#3313,10.);
#960=VECTOR('',#3318,10.);
#961=VECTOR('',#3321,10.);
#962=VECTOR('',#3322,10.);
#963=VECTOR('',#3329,10.);
#964=VECTOR('',#3330,10.);
#965=VECTOR('',#3331,10.);
#966=VECTOR('',#3336,10.);
#967=VECTOR('',#3339,10.);
#968=VECTOR('',#3340,10.);
#969=VECTOR('',#3345,10.);
#970=VECTOR('',#3348,10.);
#971=VECTOR('',#3349,10.);
#972=VECTOR('',#3354,10.);
#973=VECTOR('',#3357,10.);
#974=VECTOR('',#3358,10.);
#975=VECTOR('',#3365,10.);
#976=VECTOR('',#3366,10.);
#977=VECTOR('',#3367,10.);
#978=VECTOR('',#3372,10.);
#979=VECTOR('',#3375,10.);
#980=VECTOR('',#3376,10.);
#981=VECTOR('',#3381,10.);
#982=VECTOR('',#3384,10.);
#983=VECTOR('',#3385,10.);
#984=VECTOR('',#3390,10.);
#985=VECTOR('',#3393,10.);
#986=VECTOR('',#3394,10.);
#987=VECTOR('',#3401,10.);
#988=VECTOR('',#3402,10.);
#989=VECTOR('',#3403,10.);
#990=VECTOR('',#3408,10.);
#991=VECTOR('',#3411,10.);
#992=VECTOR('',#3412,10.);
#993=VECTOR('',#3417,10.);
#994=VECTOR('',#3420,10.);
#995=VECTOR('',#3421,10.);
#996=VECTOR('',#3426,10.);
#997=VECTOR('',#3429,10.);
#998=VECTOR('',#3430,10.);
#999=VECTOR('',#3437,10.);
#1000=VECTOR('',#3440,10.);
#1001=VERTEX_POINT('',#3445);
#1002=VERTEX_POINT('',#3446);
#1003=VERTEX_POINT('',#3448);
#1004=VERTEX_POINT('',#3450);
#1005=VERTEX_POINT('',#3452);
#1006=VERTEX_POINT('',#3454);
#1007=VERTEX_POINT('',#3456);
#1008=VERTEX_POINT('',#3458);
#1009=VERTEX_POINT('',#3462);
#1010=VERTEX_POINT('',#3464);
#1011=VERTEX_POINT('',#3468);
#1012=VERTEX_POINT('',#3470);
#1013=VERTEX_POINT('',#3477);
#1014=VERTEX_POINT('',#3478);
#1015=VERTEX_POINT('',#3480);
#1016=VERTEX_POINT('',#3482);
#1017=VERTEX_POINT('',#3486);
#1018=VERTEX_POINT('',#3488);
#1019=VERTEX_POINT('',#3490);
#1020=VERTEX_POINT('',#3492);
#1021=VERTEX_POINT('',#3494);
#1022=VERTEX_POINT('',#3496);
#1023=VERTEX_POINT('',#3499);
#1024=VERTEX_POINT('',#3501);
#1025=VERTEX_POINT('',#3503);
#1026=VERTEX_POINT('',#3505);
#1027=VERTEX_POINT('',#3508);
#1028=VERTEX_POINT('',#3512);
#1029=VERTEX_POINT('',#3516);
#1030=VERTEX_POINT('',#3517);
#1031=VERTEX_POINT('',#3522);
#1032=VERTEX_POINT('',#3526);
#1033=VERTEX_POINT('',#3530);
#1034=VERTEX_POINT('',#3534);
#1035=VERTEX_POINT('',#3537);
#1036=VERTEX_POINT('',#3541);
#1037=VERTEX_POINT('',#3544);
#1038=VERTEX_POINT('',#3548);
#1039=VERTEX_POINT('',#3551);
#1040=VERTEX_POINT('',#3555);
#1041=VERTEX_POINT('',#3558);
#1042=VERTEX_POINT('',#3562);
#1043=VERTEX_POINT('',#3566);
#1044=VERTEX_POINT('',#3570);
#1045=VERTEX_POINT('',#3574);
#1046=VERTEX_POINT('',#3575);
#1047=VERTEX_POINT('',#3580);
#1048=VERTEX_POINT('',#3586);
#1049=VERTEX_POINT('',#3595);
#1050=VERTEX_POINT('',#3596);
#1051=VERTEX_POINT('',#3598);
#1052=VERTEX_POINT('',#3600);
#1053=VERTEX_POINT('',#3604);
#1054=VERTEX_POINT('',#3606);
#1055=VERTEX_POINT('',#3608);
#1056=VERTEX_POINT('',#3610);
#1057=VERTEX_POINT('',#3612);
#1058=VERTEX_POINT('',#3614);
#1059=VERTEX_POINT('',#3617);
#1060=VERTEX_POINT('',#3618);
#1061=VERTEX_POINT('',#3620);
#1062=VERTEX_POINT('',#3622);
#1063=VERTEX_POINT('',#3625);
#1064=VERTEX_POINT('',#3627);
#1065=VERTEX_POINT('',#3629);
#1066=VERTEX_POINT('',#3631);
#1067=VERTEX_POINT('',#3634);
#1068=VERTEX_POINT('',#3638);
#1069=VERTEX_POINT('',#3642);
#1070=VERTEX_POINT('',#3644);
#1071=VERTEX_POINT('',#3648);
#1072=VERTEX_POINT('',#3652);
#1073=VERTEX_POINT('',#3656);
#1074=VERTEX_POINT('',#3661);
#1075=VERTEX_POINT('',#3666);
#1076=VERTEX_POINT('',#3671);
#1077=VERTEX_POINT('',#3676);
#1078=VERTEX_POINT('',#3677);
#1079=VERTEX_POINT('',#3682);
#1080=VERTEX_POINT('',#3686);
#1081=VERTEX_POINT('',#3692);
#1082=VERTEX_POINT('',#3693);
#1083=VERTEX_POINT('',#3695);
#1084=VERTEX_POINT('',#3697);
#1085=VERTEX_POINT('',#3700);
#1086=VERTEX_POINT('',#3701);
#1087=VERTEX_POINT('',#3703);
#1088=VERTEX_POINT('',#3705);
#1089=VERTEX_POINT('',#3707);
#1090=VERTEX_POINT('',#3709);
#1091=VERTEX_POINT('',#3711);
#1092=VERTEX_POINT('',#3713);
#1093=VERTEX_POINT('',#3716);
#1094=VERTEX_POINT('',#3717);
#1095=VERTEX_POINT('',#3719);
#1096=VERTEX_POINT('',#3721);
#1097=VERTEX_POINT('',#3723);
#1098=VERTEX_POINT('',#3725);
#1099=VERTEX_POINT('',#3727);
#1100=VERTEX_POINT('',#3729);
#1101=VERTEX_POINT('',#3732);
#1102=VERTEX_POINT('',#3733);
#1103=VERTEX_POINT('',#3735);
#1104=VERTEX_POINT('',#3737);
#1105=VERTEX_POINT('',#3739);
#1106=VERTEX_POINT('',#3741);
#1107=VERTEX_POINT('',#3743);
#1108=VERTEX_POINT('',#3745);
#1109=VERTEX_POINT('',#3748);
#1110=VERTEX_POINT('',#3749);
#1111=VERTEX_POINT('',#3751);
#1112=VERTEX_POINT('',#3753);
#1113=VERTEX_POINT('',#3755);
#1114=VERTEX_POINT('',#3757);
#1115=VERTEX_POINT('',#3759);
#1116=VERTEX_POINT('',#3761);
#1117=VERTEX_POINT('',#3764);
#1118=VERTEX_POINT('',#3765);
#1119=VERTEX_POINT('',#3767);
#1120=VERTEX_POINT('',#3769);
#1121=VERTEX_POINT('',#3771);
#1122=VERTEX_POINT('',#3773);
#1123=VERTEX_POINT('',#3775);
#1124=VERTEX_POINT('',#3777);
#1125=VERTEX_POINT('',#3780);
#1126=VERTEX_POINT('',#3781);
#1127=VERTEX_POINT('',#3783);
#1128=VERTEX_POINT('',#3785);
#1129=VERTEX_POINT('',#3787);
#1130=VERTEX_POINT('',#3789);
#1131=VERTEX_POINT('',#3791);
#1132=VERTEX_POINT('',#3793);
#1133=VERTEX_POINT('',#3796);
#1134=VERTEX_POINT('',#3797);
#1135=VERTEX_POINT('',#3799);
#1136=VERTEX_POINT('',#3801);
#1137=VERTEX_POINT('',#3803);
#1138=VERTEX_POINT('',#3805);
#1139=VERTEX_POINT('',#3807);
#1140=VERTEX_POINT('',#3809);
#1141=VERTEX_POINT('',#3812);
#1142=VERTEX_POINT('',#3813);
#1143=VERTEX_POINT('',#3815);
#1144=VERTEX_POINT('',#3817);
#1145=VERTEX_POINT('',#3819);
#1146=VERTEX_POINT('',#3821);
#1147=VERTEX_POINT('',#3823);
#1148=VERTEX_POINT('',#3825);
#1149=VERTEX_POINT('',#3828);
#1150=VERTEX_POINT('',#3829);
#1151=VERTEX_POINT('',#3831);
#1152=VERTEX_POINT('',#3833);
#1153=VERTEX_POINT('',#3836);
#1154=VERTEX_POINT('',#3837);
#1155=VERTEX_POINT('',#3839);
#1156=VERTEX_POINT('',#3841);
#1157=VERTEX_POINT('',#3845);
#1158=VERTEX_POINT('',#3846);
#1159=VERTEX_POINT('',#3851);
#1160=VERTEX_POINT('',#3855);
#1161=VERTEX_POINT('',#3861);
#1162=VERTEX_POINT('',#3862);
#1163=VERTEX_POINT('',#3867);
#1164=VERTEX_POINT('',#3871);
#1165=VERTEX_POINT('',#3877);
#1166=VERTEX_POINT('',#3878);
#1167=VERTEX_POINT('',#3883);
#1168=VERTEX_POINT('',#3887);
#1169=VERTEX_POINT('',#3893);
#1170=VERTEX_POINT('',#3894);
#1171=VERTEX_POINT('',#3899);
#1172=VERTEX_POINT('',#3903);
#1173=VERTEX_POINT('',#3907);
#1174=VERTEX_POINT('',#3911);
#1175=VERTEX_POINT('',#3915);
#1176=VERTEX_POINT('',#3919);
#1177=VERTEX_POINT('',#3925);
#1178=VERTEX_POINT('',#3926);
#1179=VERTEX_POINT('',#3931);
#1180=VERTEX_POINT('',#3935);
#1181=VERTEX_POINT('',#3939);
#1182=VERTEX_POINT('',#3943);
#1183=VERTEX_POINT('',#3947);
#1184=VERTEX_POINT('',#3951);
#1185=VERTEX_POINT('',#3957);
#1186=VERTEX_POINT('',#3958);
#1187=VERTEX_POINT('',#3963);
#1188=VERTEX_POINT('',#3967);
#1189=VERTEX_POINT('',#3971);
#1190=VERTEX_POINT('',#3975);
#1191=VERTEX_POINT('',#3979);
#1192=VERTEX_POINT('',#3983);
#1193=VERTEX_POINT('',#3989);
#1194=VERTEX_POINT('',#3990);
#1195=VERTEX_POINT('',#3995);
#1196=VERTEX_POINT('',#3999);
#1197=VERTEX_POINT('',#4003);
#1198=VERTEX_POINT('',#4007);
#1199=VERTEX_POINT('',#4011);
#1200=VERTEX_POINT('',#4015);
#1201=VERTEX_POINT('',#4021);
#1202=VERTEX_POINT('',#4022);
#1203=VERTEX_POINT('',#4027);
#1204=VERTEX_POINT('',#4031);
#1205=VERTEX_POINT('',#4035);
#1206=VERTEX_POINT('',#4039);
#1207=VERTEX_POINT('',#4043);
#1208=VERTEX_POINT('',#4047);
#1209=VERTEX_POINT('',#4053);
#1210=VERTEX_POINT('',#4054);
#1211=VERTEX_POINT('',#4059);
#1212=VERTEX_POINT('',#4063);
#1213=VERTEX_POINT('',#4067);
#1214=VERTEX_POINT('',#4071);
#1215=VERTEX_POINT('',#4075);
#1216=VERTEX_POINT('',#4079);
#1217=VERTEX_POINT('',#4085);
#1218=VERTEX_POINT('',#4086);
#1219=VERTEX_POINT('',#4091);
#1220=VERTEX_POINT('',#4095);
#1221=VERTEX_POINT('',#4099);
#1222=VERTEX_POINT('',#4103);
#1223=VERTEX_POINT('',#4107);
#1224=VERTEX_POINT('',#4111);
#1225=VERTEX_POINT('',#4117);
#1226=VERTEX_POINT('',#4118);
#1227=VERTEX_POINT('',#4123);
#1228=VERTEX_POINT('',#4127);
#1229=VERTEX_POINT('',#4131);
#1230=VERTEX_POINT('',#4135);
#1231=VERTEX_POINT('',#4139);
#1232=VERTEX_POINT('',#4143);
#1233=EDGE_CURVE('',#1001,#1002,#513,.T.);
#1234=EDGE_CURVE('',#1003,#1001,#514,.T.);
#1235=EDGE_CURVE('',#1003,#1004,#515,.F.);
#1236=EDGE_CURVE('',#1005,#1004,#516,.T.);
#1237=EDGE_CURVE('',#1006,#1005,#517,.T.);
#1238=EDGE_CURVE('',#1007,#1006,#518,.T.);
#1239=EDGE_CURVE('',#1008,#1007,#519,.T.);
#1240=EDGE_CURVE('',#1002,#1008,#520,.T.);
#1241=EDGE_CURVE('',#1004,#1009,#521,.T.);
#1242=EDGE_CURVE('',#1010,#1003,#522,.T.);
#1243=EDGE_CURVE('',#1010,#1009,#523,.T.);
#1244=EDGE_CURVE('',#1009,#1011,#524,.T.);
#1245=EDGE_CURVE('',#1012,#1010,#525,.T.);
#1246=EDGE_CURVE('',#1012,#1011,#526,.F.);
#1247=EDGE_CURVE('',#1011,#1002,#527,.T.);
#1248=EDGE_CURVE('',#1001,#1012,#528,.T.);
#1249=EDGE_CURVE('',#1013,#1014,#58,.T.);
#1250=EDGE_CURVE('',#1014,#1015,#529,.T.);
#1251=EDGE_CURVE('',#1015,#1016,#59,.T.);
#1252=EDGE_CURVE('',#1016,#1013,#530,.T.);
#1253=EDGE_CURVE('',#1015,#1017,#531,.T.);
#1254=EDGE_CURVE('',#1018,#1017,#60,.T.);
#1255=EDGE_CURVE('',#1018,#1019,#532,.T.);
#1256=EDGE_CURVE('',#1020,#1019,#61,.T.);
#1257=EDGE_CURVE('',#1020,#1021,#533,.T.);
#1258=EDGE_CURVE('',#1022,#1021,#62,.T.);
#1259=EDGE_CURVE('',#1022,#1016,#534,.T.);
#1260=EDGE_CURVE('',#1023,#1023,#63,.T.);
#1261=EDGE_CURVE('',#1024,#1024,#64,.T.);
#1262=EDGE_CURVE('',#1025,#1025,#65,.T.);
#1263=EDGE_CURVE('',#1026,#1026,#66,.T.);
#1264=EDGE_CURVE('',#1027,#1014,#535,.T.);
#1265=EDGE_CURVE('',#1017,#1027,#536,.T.);
#1266=EDGE_CURVE('',#1027,#1028,#67,.T.);
#1267=EDGE_CURVE('',#1028,#1018,#537,.T.);
#1268=EDGE_CURVE('',#1029,#1030,#68,.T.);
#1269=EDGE_CURVE('',#1030,#1020,#538,.T.);
#1270=EDGE_CURVE('',#1019,#1029,#539,.T.);
#1271=EDGE_CURVE('',#1031,#1030,#540,.T.);
#1272=EDGE_CURVE('',#1021,#1031,#541,.T.);
#1273=EDGE_CURVE('',#1031,#1032,#69,.T.);
#1274=EDGE_CURVE('',#1032,#1022,#542,.T.);
#1275=EDGE_CURVE('',#1026,#1033,#543,.T.);
#1276=EDGE_CURVE('',#1033,#1033,#70,.T.);
#1277=EDGE_CURVE('',#1034,#1034,#71,.T.);
#1278=EDGE_CURVE('',#1025,#1035,#544,.T.);
#1279=EDGE_CURVE('',#1035,#1035,#72,.T.);
#1280=EDGE_CURVE('',#1036,#1036,#73,.T.);
#1281=EDGE_CURVE('',#1024,#1037,#545,.T.);
#1282=EDGE_CURVE('',#1037,#1037,#74,.T.);
#1283=EDGE_CURVE('',#1038,#1038,#75,.T.);
#1284=EDGE_CURVE('',#1023,#1039,#546,.T.);
#1285=EDGE_CURVE('',#1039,#1039,#76,.T.);
#1286=EDGE_CURVE('',#1040,#1040,#77,.T.);
#1287=EDGE_CURVE('',#1041,#1041,#78,.T.);
#1288=EDGE_CURVE('',#1041,#1034,#547,.T.);
#1289=EDGE_CURVE('',#1042,#1042,#79,.T.);
#1290=EDGE_CURVE('',#1042,#1038,#548,.T.);
#1291=EDGE_CURVE('',#1043,#1043,#80,.T.);
#1292=EDGE_CURVE('',#1043,#1040,#549,.T.);
#1293=EDGE_CURVE('',#1044,#1044,#81,.T.);
#1294=EDGE_CURVE('',#1044,#1036,#550,.T.);
#1295=EDGE_CURVE('',#1045,#1046,#551,.T.);
#1296=EDGE_CURVE('',#1007,#1045,#552,.T.);
#1297=EDGE_CURVE('',#1006,#1046,#553,.T.);
#1298=EDGE_CURVE('',#1005,#1047,#554,.T.);
#1299=EDGE_CURVE('',#1046,#1047,#555,.T.);
#1300=EDGE_CURVE('',#1029,#1028,#556,.T.);
#1301=EDGE_CURVE('',#1008,#1048,#557,.T.);
#1302=EDGE_CURVE('',#1047,#1048,#558,.T.);
#1303=EDGE_CURVE('',#1048,#1045,#559,.T.);
#1304=EDGE_CURVE('',#1013,#1032,#560,.T.);
#1305=EDGE_CURVE('',#1049,#1050,#82,.T.);
#1306=EDGE_CURVE('',#1050,#1051,#561,.T.);
#1307=EDGE_CURVE('',#1051,#1052,#83,.T.);
#1308=EDGE_CURVE('',#1052,#1049,#562,.T.);
#1309=EDGE_CURVE('',#1049,#1053,#563,.T.);
#1310=EDGE_CURVE('',#1054,#1053,#84,.T.);
#1311=EDGE_CURVE('',#1054,#1055,#564,.T.);
#1312=EDGE_CURVE('',#1056,#1055,#85,.T.);
#1313=EDGE_CURVE('',#1056,#1057,#565,.T.);
#1314=EDGE_CURVE('',#1058,#1057,#86,.T.);
#1315=EDGE_CURVE('',#1058,#1050,#566,.T.);
#1316=EDGE_CURVE('',#1059,#1060,#567,.T.);
#1317=EDGE_CURVE('',#1060,#1061,#568,.T.);
#1318=EDGE_CURVE('',#1061,#1062,#569,.T.);
#1319=EDGE_CURVE('',#1062,#1059,#570,.T.);
#1320=EDGE_CURVE('',#1063,#1063,#87,.T.);
#1321=EDGE_CURVE('',#1064,#1064,#88,.T.);
#1322=EDGE_CURVE('',#1065,#1065,#89,.T.);
#1323=EDGE_CURVE('',#1066,#1066,#90,.T.);
#1324=EDGE_CURVE('',#1067,#1052,#571,.T.);
#1325=EDGE_CURVE('',#1053,#1067,#572,.T.);
#1326=EDGE_CURVE('',#1067,#1068,#91,.T.);
#1327=EDGE_CURVE('',#1068,#1054,#573,.T.);
#1328=EDGE_CURVE('',#1055,#1069,#574,.T.);
#1329=EDGE_CURVE('',#1069,#1070,#92,.T.);
#1330=EDGE_CURVE('',#1070,#1056,#575,.T.);
#1331=EDGE_CURVE('',#1071,#1070,#576,.T.);
#1332=EDGE_CURVE('',#1057,#1071,#577,.T.);
#1333=EDGE_CURVE('',#1071,#1072,#93,.T.);
#1334=EDGE_CURVE('',#1072,#1058,#578,.T.);
#1335=EDGE_CURVE('',#1066,#1073,#579,.T.);
#1336=EDGE_CURVE('',#1073,#1073,#94,.T.);
#1337=EDGE_CURVE('',#1065,#1074,#580,.T.);
#1338=EDGE_CURVE('',#1074,#1074,#95,.T.);
#1339=EDGE_CURVE('',#1064,#1075,#581,.T.);
#1340=EDGE_CURVE('',#1075,#1075,#96,.T.);
#1341=EDGE_CURVE('',#1063,#1076,#582,.T.);
#1342=EDGE_CURVE('',#1076,#1076,#97,.T.);
#1343=EDGE_CURVE('',#1077,#1078,#583,.T.);
#1344=EDGE_CURVE('',#1077,#1059,#584,.T.);
#1345=EDGE_CURVE('',#1078,#1062,#585,.T.);
#1346=EDGE_CURVE('',#1078,#1079,#586,.T.);
#1347=EDGE_CURVE('',#1079,#1061,#587,.T.);
#1348=EDGE_CURVE('',#1079,#1080,#588,.T.);
#1349=EDGE_CURVE('',#1080,#1060,#589,.T.);
#1350=EDGE_CURVE('',#1080,#1077,#590,.T.);
#1351=EDGE_CURVE('',#1081,#1082,#591,.T.);
#1352=EDGE_CURVE('',#1082,#1083,#592,.T.);
#1353=EDGE_CURVE('',#1083,#1084,#593,.T.);
#1354=EDGE_CURVE('',#1084,#1081,#594,.T.);
#1355=EDGE_CURVE('',#1085,#1086,#98,.T.);
#1356=EDGE_CURVE('',#1086,#1087,#595,.T.);
#1357=EDGE_CURVE('',#1087,#1088,#99,.T.);
#1358=EDGE_CURVE('',#1088,#1089,#596,.T.);
#1359=EDGE_CURVE('',#1089,#1090,#100,.T.);
#1360=EDGE_CURVE('',#1090,#1091,#597,.T.);
#1361=EDGE_CURVE('',#1091,#1092,#101,.T.);
#1362=EDGE_CURVE('',#1092,#1085,#598,.T.);
#1363=EDGE_CURVE('',#1093,#1094,#102,.T.);
#1364=EDGE_CURVE('',#1094,#1095,#599,.T.);
#1365=EDGE_CURVE('',#1095,#1096,#103,.T.);
#1366=EDGE_CURVE('',#1096,#1097,#600,.T.);
#1367=EDGE_CURVE('',#1097,#1098,#104,.T.);
#1368=EDGE_CURVE('',#1098,#1099,#601,.T.);
#1369=EDGE_CURVE('',#1099,#1100,#105,.T.);
#1370=EDGE_CURVE('',#1100,#1093,#602,.T.);
#1371=EDGE_CURVE('',#1101,#1102,#106,.T.);
#1372=EDGE_CURVE('',#1102,#1103,#603,.T.);
#1373=EDGE_CURVE('',#1103,#1104,#107,.T.);
#1374=EDGE_CURVE('',#1104,#1105,#604,.T.);
#1375=EDGE_CURVE('',#1105,#1106,#108,.T.);
#1376=EDGE_CURVE('',#1106,#1107,#605,.T.);
#1377=EDGE_CURVE('',#1107,#1108,#109,.T.);
#1378=EDGE_CURVE('',#1108,#1101,#606,.T.);
#1379=EDGE_CURVE('',#1109,#1110,#110,.T.);
#1380=EDGE_CURVE('',#1110,#1111,#607,.T.);
#1381=EDGE_CURVE('',#1111,#1112,#111,.T.);
#1382=EDGE_CURVE('',#1112,#1113,#608,.T.);
#1383=EDGE_CURVE('',#1113,#1114,#112,.T.);
#1384=EDGE_CURVE('',#1114,#1115,#609,.T.);
#1385=EDGE_CURVE('',#1115,#1116,#113,.T.);
#1386=EDGE_CURVE('',#1116,#1109,#610,.T.);
#1387=EDGE_CURVE('',#1117,#1118,#114,.T.);
#1388=EDGE_CURVE('',#1118,#1119,#611,.T.);
#1389=EDGE_CURVE('',#1119,#1120,#115,.T.);
#1390=EDGE_CURVE('',#1120,#1121,#612,.T.);
#1391=EDGE_CURVE('',#1121,#1122,#116,.T.);
#1392=EDGE_CURVE('',#1122,#1123,#613,.T.);
#1393=EDGE_CURVE('',#1123,#1124,#117,.T.);
#1394=EDGE_CURVE('',#1124,#1117,#614,.T.);
#1395=EDGE_CURVE('',#1125,#1126,#118,.T.);
#1396=EDGE_CURVE('',#1126,#1127,#615,.T.);
#1397=EDGE_CURVE('',#1127,#1128,#119,.T.);
#1398=EDGE_CURVE('',#1128,#1129,#616,.T.);
#1399=EDGE_CURVE('',#1129,#1130,#120,.T.);
#1400=EDGE_CURVE('',#1130,#1131,#617,.T.);
#1401=EDGE_CURVE('',#1131,#1132,#121,.T.);
#1402=EDGE_CURVE('',#1132,#1125,#618,.T.);
#1403=EDGE_CURVE('',#1133,#1134,#122,.T.);
#1404=EDGE_CURVE('',#1134,#1135,#619,.T.);
#1405=EDGE_CURVE('',#1135,#1136,#123,.T.);
#1406=EDGE_CURVE('',#1136,#1137,#620,.T.);
#1407=EDGE_CURVE('',#1137,#1138,#124,.T.);
#1408=EDGE_CURVE('',#1138,#1139,#621,.T.);
#1409=EDGE_CURVE('',#1139,#1140,#125,.T.);
#1410=EDGE_CURVE('',#1140,#1133,#622,.T.);
#1411=EDGE_CURVE('',#1141,#1142,#126,.T.);
#1412=EDGE_CURVE('',#1142,#1143,#623,.T.);
#1413=EDGE_CURVE('',#1143,#1144,#127,.T.);
#1414=EDGE_CURVE('',#1144,#1145,#624,.T.);
#1415=EDGE_CURVE('',#1145,#1146,#128,.T.);
#1416=EDGE_CURVE('',#1146,#1147,#625,.T.);
#1417=EDGE_CURVE('',#1147,#1148,#129,.T.);
#1418=EDGE_CURVE('',#1148,#1141,#626,.T.);
#1419=EDGE_CURVE('',#1149,#1150,#627,.T.);
#1420=EDGE_CURVE('',#1150,#1151,#628,.T.);
#1421=EDGE_CURVE('',#1151,#1152,#629,.T.);
#1422=EDGE_CURVE('',#1152,#1149,#630,.T.);
#1423=EDGE_CURVE('',#1153,#1154,#631,.T.);
#1424=EDGE_CURVE('',#1154,#1155,#632,.T.);
#1425=EDGE_CURVE('',#1155,#1156,#633,.T.);
#1426=EDGE_CURVE('',#1156,#1153,#634,.T.);
#1427=EDGE_CURVE('',#1157,#1158,#635,.T.);
#1428=EDGE_CURVE('',#1157,#1082,#636,.T.);
#1429=EDGE_CURVE('',#1158,#1081,#637,.T.);
#1430=EDGE_CURVE('',#1159,#1157,#638,.T.);
#1431=EDGE_CURVE('',#1159,#1083,#639,.T.);
#1432=EDGE_CURVE('',#1160,#1159,#640,.T.);
#1433=EDGE_CURVE('',#1160,#1084,#641,.T.);
#1434=EDGE_CURVE('',#1158,#1160,#642,.T.);
#1435=EDGE_CURVE('',#1161,#1162,#643,.T.);
#1436=EDGE_CURVE('',#1161,#1154,#644,.T.);
#1437=EDGE_CURVE('',#1162,#1153,#645,.T.);
#1438=EDGE_CURVE('',#1163,#1161,#646,.T.);
#1439=EDGE_CURVE('',#1163,#1155,#647,.T.);
#1440=EDGE_CURVE('',#1164,#1163,#648,.T.);
#1441=EDGE_CURVE('',#1164,#1156,#649,.T.);
#1442=EDGE_CURVE('',#1162,#1164,#650,.T.);
#1443=EDGE_CURVE('',#1165,#1166,#651,.T.);
#1444=EDGE_CURVE('',#1165,#1150,#652,.T.);
#1445=EDGE_CURVE('',#1166,#1149,#653,.T.);
#1446=EDGE_CURVE('',#1167,#1165,#654,.T.);
#1447=EDGE_CURVE('',#1167,#1151,#655,.T.);
#1448=EDGE_CURVE('',#1168,#1167,#656,.T.);
#1449=EDGE_CURVE('',#1168,#1152,#657,.T.);
#1450=EDGE_CURVE('',#1166,#1168,#658,.T.);
#1451=EDGE_CURVE('',#1169,#1170,#659,.T.);
#1452=EDGE_CURVE('',#1169,#1085,#660,.T.);
#1453=EDGE_CURVE('',#1170,#1092,#661,.T.);
#1454=EDGE_CURVE('',#1170,#1171,#130,.T.);
#1455=EDGE_CURVE('',#1171,#1091,#662,.T.);
#1456=EDGE_CURVE('',#1171,#1172,#663,.T.);
#1457=EDGE_CURVE('',#1172,#1090,#664,.T.);
#1458=EDGE_CURVE('',#1172,#1173,#131,.T.);
#1459=EDGE_CURVE('',#1173,#1089,#665,.T.);
#1460=EDGE_CURVE('',#1173,#1174,#666,.T.);
#1461=EDGE_CURVE('',#1174,#1088,#667,.T.);
#1462=EDGE_CURVE('',#1174,#1175,#132,.T.);
#1463=EDGE_CURVE('',#1175,#1087,#668,.T.);
#1464=EDGE_CURVE('',#1175,#1176,#669,.T.);
#1465=EDGE_CURVE('',#1176,#1086,#670,.T.);
#1466=EDGE_CURVE('',#1176,#1169,#133,.T.);
#1467=EDGE_CURVE('',#1177,#1178,#671,.T.);
#1468=EDGE_CURVE('',#1177,#1093,#672,.T.);
#1469=EDGE_CURVE('',#1178,#1100,#673,.T.);
#1470=EDGE_CURVE('',#1178,#1179,#134,.T.);
#1471=EDGE_CURVE('',#1179,#1099,#674,.T.);
#1472=EDGE_CURVE('',#1179,#1180,#675,.T.);
#1473=EDGE_CURVE('',#1180,#1098,#676,.T.);
#1474=EDGE_CURVE('',#1180,#1181,#135,.T.);
#1475=EDGE_CURVE('',#1181,#1097,#677,.T.);
#1476=EDGE_CURVE('',#1181,#1182,#678,.T.);
#1477=EDGE_CURVE('',#1182,#1096,#679,.T.);
#1478=EDGE_CURVE('',#1182,#1183,#136,.T.);
#1479=EDGE_CURVE('',#1183,#1095,#680,.T.);
#1480=EDGE_CURVE('',#1183,#1184,#681,.T.);
#1481=EDGE_CURVE('',#1184,#1094,#682,.T.);
#1482=EDGE_CURVE('',#1184,#1177,#137,.T.);
#1483=EDGE_CURVE('',#1185,#1186,#683,.T.);
#1484=EDGE_CURVE('',#1185,#1101,#684,.T.);
#1485=EDGE_CURVE('',#1186,#1108,#685,.T.);
#1486=EDGE_CURVE('',#1186,#1187,#138,.T.);
#1487=EDGE_CURVE('',#1187,#1107,#686,.T.);
#1488=EDGE_CURVE('',#1187,#1188,#687,.T.);
#1489=EDGE_CURVE('',#1188,#1106,#688,.T.);
#1490=EDGE_CURVE('',#1188,#1189,#139,.T.);
#1491=EDGE_CURVE('',#1189,#1105,#689,.T.);
#1492=EDGE_CURVE('',#1189,#1190,#690,.T.);
#1493=EDGE_CURVE('',#1190,#1104,#691,.T.);
#1494=EDGE_CURVE('',#1190,#1191,#140,.T.);
#1495=EDGE_CURVE('',#1191,#1103,#692,.T.);
#1496=EDGE_CURVE('',#1191,#1192,#693,.T.);
#1497=EDGE_CURVE('',#1192,#1102,#694,.T.);
#1498=EDGE_CURVE('',#1192,#1185,#141,.T.);
#1499=EDGE_CURVE('',#1193,#1194,#695,.T.);
#1500=EDGE_CURVE('',#1193,#1109,#696,.T.);
#1501=EDGE_CURVE('',#1194,#1116,#697,.T.);
#1502=EDGE_CURVE('',#1194,#1195,#142,.T.);
#1503=EDGE_CURVE('',#1195,#1115,#698,.T.);
#1504=EDGE_CURVE('',#1195,#1196,#699,.T.);
#1505=EDGE_CURVE('',#1196,#1114,#700,.T.);
#1506=EDGE_CURVE('',#1196,#1197,#143,.T.);
#1507=EDGE_CURVE('',#1197,#1113,#701,.T.);
#1508=EDGE_CURVE('',#1197,#1198,#702,.T.);
#1509=EDGE_CURVE('',#1198,#1112,#703,.T.);
#1510=EDGE_CURVE('',#1198,#1199,#144,.T.);
#1511=EDGE_CURVE('',#1199,#1111,#704,.T.);
#1512=EDGE_CURVE('',#1199,#1200,#705,.T.);
#1513=EDGE_CURVE('',#1200,#1110,#706,.T.);
#1514=EDGE_CURVE('',#1200,#1193,#145,.T.);
#1515=EDGE_CURVE('',#1201,#1202,#707,.T.);
#1516=EDGE_CURVE('',#1201,#1117,#708,.T.);
#1517=EDGE_CURVE('',#1202,#1124,#709,.T.);
#1518=EDGE_CURVE('',#1202,#1203,#146,.T.);
#1519=EDGE_CURVE('',#1203,#1123,#710,.T.);
#1520=EDGE_CURVE('',#1203,#1204,#711,.T.);
#1521=EDGE_CURVE('',#1204,#1122,#712,.T.);
#1522=EDGE_CURVE('',#1204,#1205,#147,.T.);
#1523=EDGE_CURVE('',#1205,#1121,#713,.T.);
#1524=EDGE_CURVE('',#1205,#1206,#714,.T.);
#1525=EDGE_CURVE('',#1206,#1120,#715,.T.);
#1526=EDGE_CURVE('',#1206,#1207,#148,.T.);
#1527=EDGE_CURVE('',#1207,#1119,#716,.T.);
#1528=EDGE_CURVE('',#1207,#1208,#717,.T.);
#1529=EDGE_CURVE('',#1208,#1118,#718,.T.);
#1530=EDGE_CURVE('',#1208,#1201,#149,.T.);
#1531=EDGE_CURVE('',#1209,#1210,#719,.T.);
#1532=EDGE_CURVE('',#1209,#1125,#720,.T.);
#1533=EDGE_CURVE('',#1210,#1132,#721,.T.);
#1534=EDGE_CURVE('',#1210,#1211,#150,.T.);
#1535=EDGE_CURVE('',#1211,#1131,#722,.T.);
#1536=EDGE_CURVE('',#1211,#1212,#723,.T.);
#1537=EDGE_CURVE('',#1212,#1130,#724,.T.);
#1538=EDGE_CURVE('',#1212,#1213,#151,.T.);
#1539=EDGE_CURVE('',#1213,#1129,#725,.T.);
#1540=EDGE_CURVE('',#1213,#1214,#726,.T.);
#1541=EDGE_CURVE('',#1214,#1128,#727,.T.);
#1542=EDGE_CURVE('',#1214,#1215,#152,.T.);
#1543=EDGE_CURVE('',#1215,#1127,#728,.T.);
#1544=EDGE_CURVE('',#1215,#1216,#729,.T.);
#1545=EDGE_CURVE('',#1216,#1126,#730,.T.);
#1546=EDGE_CURVE('',#1216,#1209,#153,.T.);
#1547=EDGE_CURVE('',#1217,#1218,#731,.T.);
#1548=EDGE_CURVE('',#1217,#1133,#732,.T.);
#1549=EDGE_CURVE('',#1218,#1140,#733,.T.);
#1550=EDGE_CURVE('',#1218,#1219,#154,.T.);
#1551=EDGE_CURVE('',#1219,#1139,#734,.T.);
#1552=EDGE_CURVE('',#1219,#1220,#735,.T.);
#1553=EDGE_CURVE('',#1220,#1138,#736,.T.);
#1554=EDGE_CURVE('',#1220,#1221,#155,.T.);
#1555=EDGE_CURVE('',#1221,#1137,#737,.T.);
#1556=EDGE_CURVE('',#1221,#1222,#738,.T.);
#1557=EDGE_CURVE('',#1222,#1136,#739,.T.);
#1558=EDGE_CURVE('',#1222,#1223,#156,.T.);
#1559=EDGE_CURVE('',#1223,#1135,#740,.T.);
#1560=EDGE_CURVE('',#1223,#1224,#741,.T.);
#1561=EDGE_CURVE('',#1224,#1134,#742,.T.);
#1562=EDGE_CURVE('',#1224,#1217,#157,.T.);
#1563=EDGE_CURVE('',#1225,#1226,#743,.T.);
#1564=EDGE_CURVE('',#1225,#1141,#744,.T.);
#1565=EDGE_CURVE('',#1226,#1148,#745,.T.);
#1566=EDGE_CURVE('',#1226,#1227,#158,.T.);
#1567=EDGE_CURVE('',#1227,#1147,#746,.T.);
#1568=EDGE_CURVE('',#1227,#1228,#747,.T.);
#1569=EDGE_CURVE('',#1228,#1146,#748,.T.);
#1570=EDGE_CURVE('',#1228,#1229,#159,.T.);
#1571=EDGE_CURVE('',#1229,#1145,#749,.T.);
#1572=EDGE_CURVE('',#1229,#1230,#750,.T.);
#1573=EDGE_CURVE('',#1230,#1144,#751,.T.);
#1574=EDGE_CURVE('',#1230,#1231,#160,.T.);
#1575=EDGE_CURVE('',#1231,#1143,#752,.T.);
#1576=EDGE_CURVE('',#1231,#1232,#753,.T.);
#1577=EDGE_CURVE('',#1232,#1142,#754,.T.);
#1578=EDGE_CURVE('',#1232,#1225,#161,.T.);
#1579=EDGE_CURVE('',#1069,#1068,#755,.T.);
#1580=EDGE_CURVE('',#1051,#1072,#756,.T.);
#1581=ORIENTED_EDGE('',*,*,#1233,.F.);
#1582=ORIENTED_EDGE('',*,*,#1234,.F.);
#1583=ORIENTED_EDGE('',*,*,#1235,.T.);
#1584=ORIENTED_EDGE('',*,*,#1236,.F.);
#1585=ORIENTED_EDGE('',*,*,#1237,.F.);
#1586=ORIENTED_EDGE('',*,*,#1238,.F.);
#1587=ORIENTED_EDGE('',*,*,#1239,.F.);
#1588=ORIENTED_EDGE('',*,*,#1240,.F.);
#1589=ORIENTED_EDGE('',*,*,#1241,.F.);
#1590=ORIENTED_EDGE('',*,*,#1235,.F.);
#1591=ORIENTED_EDGE('',*,*,#1242,.F.);
#1592=ORIENTED_EDGE('',*,*,#1243,.T.);
#1593=ORIENTED_EDGE('',*,*,#1244,.F.);
#1594=ORIENTED_EDGE('',*,*,#1243,.F.);
#1595=ORIENTED_EDGE('',*,*,#1245,.F.);
#1596=ORIENTED_EDGE('',*,*,#1246,.T.);
#1597=ORIENTED_EDGE('',*,*,#1247,.F.);
#1598=ORIENTED_EDGE('',*,*,#1246,.F.);
#1599=ORIENTED_EDGE('',*,*,#1248,.F.);
#1600=ORIENTED_EDGE('',*,*,#1233,.T.);
#1601=ORIENTED_EDGE('',*,*,#1249,.T.);
#1602=ORIENTED_EDGE('',*,*,#1250,.T.);
#1603=ORIENTED_EDGE('',*,*,#1251,.T.);
#1604=ORIENTED_EDGE('',*,*,#1252,.T.);
#1605=ORIENTED_EDGE('',*,*,#1251,.F.);
#1606=ORIENTED_EDGE('',*,*,#1253,.T.);
#1607=ORIENTED_EDGE('',*,*,#1254,.F.);
#1608=ORIENTED_EDGE('',*,*,#1255,.T.);
#1609=ORIENTED_EDGE('',*,*,#1256,.F.);
#1610=ORIENTED_EDGE('',*,*,#1257,.T.);
#1611=ORIENTED_EDGE('',*,*,#1258,.F.);
#1612=ORIENTED_EDGE('',*,*,#1259,.T.);
#1613=ORIENTED_EDGE('',*,*,#1260,.T.);
#1614=ORIENTED_EDGE('',*,*,#1261,.T.);
#1615=ORIENTED_EDGE('',*,*,#1262,.T.);
#1616=ORIENTED_EDGE('',*,*,#1263,.T.);
#1617=ORIENTED_EDGE('',*,*,#1250,.F.);
#1618=ORIENTED_EDGE('',*,*,#1264,.F.);
#1619=ORIENTED_EDGE('',*,*,#1265,.F.);
#1620=ORIENTED_EDGE('',*,*,#1253,.F.);
#1621=ORIENTED_EDGE('',*,*,#1266,.T.);
#1622=ORIENTED_EDGE('',*,*,#1267,.T.);
#1623=ORIENTED_EDGE('',*,*,#1254,.T.);
#1624=ORIENTED_EDGE('',*,*,#1265,.T.);
#1625=ORIENTED_EDGE('',*,*,#1268,.T.);
#1626=ORIENTED_EDGE('',*,*,#1269,.T.);
#1627=ORIENTED_EDGE('',*,*,#1256,.T.);
#1628=ORIENTED_EDGE('',*,*,#1270,.T.);
#1629=ORIENTED_EDGE('',*,*,#1269,.F.);
#1630=ORIENTED_EDGE('',*,*,#1271,.F.);
#1631=ORIENTED_EDGE('',*,*,#1272,.F.);
#1632=ORIENTED_EDGE('',*,*,#1257,.F.);
#1633=ORIENTED_EDGE('',*,*,#1273,.T.);
#1634=ORIENTED_EDGE('',*,*,#1274,.T.);
#1635=ORIENTED_EDGE('',*,*,#1258,.T.);
#1636=ORIENTED_EDGE('',*,*,#1272,.T.);
#1637=ORIENTED_EDGE('',*,*,#1263,.F.);
#1638=ORIENTED_EDGE('',*,*,#1275,.T.);
#1639=ORIENTED_EDGE('',*,*,#1276,.T.);
#1640=ORIENTED_EDGE('',*,*,#1275,.F.);
#1641=ORIENTED_EDGE('',*,*,#1276,.F.);
#1642=ORIENTED_EDGE('',*,*,#1277,.F.);
#1643=ORIENTED_EDGE('',*,*,#1262,.F.);
#1644=ORIENTED_EDGE('',*,*,#1278,.T.);
#1645=ORIENTED_EDGE('',*,*,#1279,.T.);
#1646=ORIENTED_EDGE('',*,*,#1278,.F.);
#1647=ORIENTED_EDGE('',*,*,#1279,.F.);
#1648=ORIENTED_EDGE('',*,*,#1280,.F.);
#1649=ORIENTED_EDGE('',*,*,#1261,.F.);
#1650=ORIENTED_EDGE('',*,*,#1281,.T.);
#1651=ORIENTED_EDGE('',*,*,#1282,.T.);
#1652=ORIENTED_EDGE('',*,*,#1281,.F.);
#1653=ORIENTED_EDGE('',*,*,#1282,.F.);
#1654=ORIENTED_EDGE('',*,*,#1283,.F.);
#1655=ORIENTED_EDGE('',*,*,#1260,.F.);
#1656=ORIENTED_EDGE('',*,*,#1284,.T.);
#1657=ORIENTED_EDGE('',*,*,#1285,.T.);
#1658=ORIENTED_EDGE('',*,*,#1284,.F.);
#1659=ORIENTED_EDGE('',*,*,#1285,.F.);
#1660=ORIENTED_EDGE('',*,*,#1286,.F.);
#1661=ORIENTED_EDGE('',*,*,#1287,.F.);
#1662=ORIENTED_EDGE('',*,*,#1288,.T.);
#1663=ORIENTED_EDGE('',*,*,#1277,.T.);
#1664=ORIENTED_EDGE('',*,*,#1288,.F.);
#1665=ORIENTED_EDGE('',*,*,#1289,.F.);
#1666=ORIENTED_EDGE('',*,*,#1290,.T.);
#1667=ORIENTED_EDGE('',*,*,#1283,.T.);
#1668=ORIENTED_EDGE('',*,*,#1290,.F.);
#1669=ORIENTED_EDGE('',*,*,#1291,.F.);
#1670=ORIENTED_EDGE('',*,*,#1292,.T.);
#1671=ORIENTED_EDGE('',*,*,#1286,.T.);
#1672=ORIENTED_EDGE('',*,*,#1292,.F.);
#1673=ORIENTED_EDGE('',*,*,#1293,.F.);
#1674=ORIENTED_EDGE('',*,*,#1294,.T.);
#1675=ORIENTED_EDGE('',*,*,#1280,.T.);
#1676=ORIENTED_EDGE('',*,*,#1294,.F.);
#1677=ORIENTED_EDGE('',*,*,#1295,.F.);
#1678=ORIENTED_EDGE('',*,*,#1296,.F.);
#1679=ORIENTED_EDGE('',*,*,#1238,.T.);
#1680=ORIENTED_EDGE('',*,*,#1297,.T.);
#1681=ORIENTED_EDGE('',*,*,#1237,.T.);
#1682=ORIENTED_EDGE('',*,*,#1298,.T.);
#1683=ORIENTED_EDGE('',*,*,#1299,.F.);
#1684=ORIENTED_EDGE('',*,*,#1297,.F.);
#1685=ORIENTED_EDGE('',*,*,#1267,.F.);
#1686=ORIENTED_EDGE('',*,*,#1300,.F.);
#1687=ORIENTED_EDGE('',*,*,#1270,.F.);
#1688=ORIENTED_EDGE('',*,*,#1255,.F.);
#1689=ORIENTED_EDGE('',*,*,#1236,.T.);
#1690=ORIENTED_EDGE('',*,*,#1241,.T.);
#1691=ORIENTED_EDGE('',*,*,#1244,.T.);
#1692=ORIENTED_EDGE('',*,*,#1247,.T.);
#1693=ORIENTED_EDGE('',*,*,#1240,.T.);
#1694=ORIENTED_EDGE('',*,*,#1301,.T.);
#1695=ORIENTED_EDGE('',*,*,#1302,.F.);
#1696=ORIENTED_EDGE('',*,*,#1298,.F.);
#1697=ORIENTED_EDGE('',*,*,#1239,.T.);
#1698=ORIENTED_EDGE('',*,*,#1296,.T.);
#1699=ORIENTED_EDGE('',*,*,#1303,.F.);
#1700=ORIENTED_EDGE('',*,*,#1301,.F.);
#1701=ORIENTED_EDGE('',*,*,#1252,.F.);
#1702=ORIENTED_EDGE('',*,*,#1259,.F.);
#1703=ORIENTED_EDGE('',*,*,#1274,.F.);
#1704=ORIENTED_EDGE('',*,*,#1304,.F.);
#1705=ORIENTED_EDGE('',*,*,#1234,.T.);
#1706=ORIENTED_EDGE('',*,*,#1248,.T.);
#1707=ORIENTED_EDGE('',*,*,#1245,.T.);
#1708=ORIENTED_EDGE('',*,*,#1242,.T.);
#1709=ORIENTED_EDGE('',*,*,#1249,.F.);
#1710=ORIENTED_EDGE('',*,*,#1304,.T.);
#1711=ORIENTED_EDGE('',*,*,#1273,.F.);
#1712=ORIENTED_EDGE('',*,*,#1271,.T.);
#1713=ORIENTED_EDGE('',*,*,#1268,.F.);
#1714=ORIENTED_EDGE('',*,*,#1300,.T.);
#1715=ORIENTED_EDGE('',*,*,#1266,.F.);
#1716=ORIENTED_EDGE('',*,*,#1264,.T.);
#1717=ORIENTED_EDGE('',*,*,#1295,.T.);
#1718=ORIENTED_EDGE('',*,*,#1299,.T.);
#1719=ORIENTED_EDGE('',*,*,#1302,.T.);
#1720=ORIENTED_EDGE('',*,*,#1303,.T.);
#1721=ORIENTED_EDGE('',*,*,#1293,.T.);
#1722=ORIENTED_EDGE('',*,*,#1291,.T.);
#1723=ORIENTED_EDGE('',*,*,#1289,.T.);
#1724=ORIENTED_EDGE('',*,*,#1287,.T.);
#1725=ORIENTED_EDGE('',*,*,#1305,.T.);
#1726=ORIENTED_EDGE('',*,*,#1306,.T.);
#1727=ORIENTED_EDGE('',*,*,#1307,.T.);
#1728=ORIENTED_EDGE('',*,*,#1308,.T.);
#1729=ORIENTED_EDGE('',*,*,#1305,.F.);
#1730=ORIENTED_EDGE('',*,*,#1309,.T.);
#1731=ORIENTED_EDGE('',*,*,#1310,.F.);
#1732=ORIENTED_EDGE('',*,*,#1311,.T.);
#1733=ORIENTED_EDGE('',*,*,#1312,.F.);
#1734=ORIENTED_EDGE('',*,*,#1313,.T.);
#1735=ORIENTED_EDGE('',*,*,#1314,.F.);
#1736=ORIENTED_EDGE('',*,*,#1315,.T.);
#1737=ORIENTED_EDGE('',*,*,#1316,.T.);
#1738=ORIENTED_EDGE('',*,*,#1317,.T.);
#1739=ORIENTED_EDGE('',*,*,#1318,.T.);
#1740=ORIENTED_EDGE('',*,*,#1319,.T.);
#1741=ORIENTED_EDGE('',*,*,#1320,.T.);
#1742=ORIENTED_EDGE('',*,*,#1321,.T.);
#1743=ORIENTED_EDGE('',*,*,#1322,.T.);
#1744=ORIENTED_EDGE('',*,*,#1323,.T.);
#1745=ORIENTED_EDGE('',*,*,#1308,.F.);
#1746=ORIENTED_EDGE('',*,*,#1324,.F.);
#1747=ORIENTED_EDGE('',*,*,#1325,.F.);
#1748=ORIENTED_EDGE('',*,*,#1309,.F.);
#1749=ORIENTED_EDGE('',*,*,#1310,.T.);
#1750=ORIENTED_EDGE('',*,*,#1325,.T.);
#1751=ORIENTED_EDGE('',*,*,#1326,.T.);
#1752=ORIENTED_EDGE('',*,*,#1327,.T.);
#1753=ORIENTED_EDGE('',*,*,#1312,.T.);
#1754=ORIENTED_EDGE('',*,*,#1328,.T.);
#1755=ORIENTED_EDGE('',*,*,#1329,.T.);
#1756=ORIENTED_EDGE('',*,*,#1330,.T.);
#1757=ORIENTED_EDGE('',*,*,#1330,.F.);
#1758=ORIENTED_EDGE('',*,*,#1331,.F.);
#1759=ORIENTED_EDGE('',*,*,#1332,.F.);
#1760=ORIENTED_EDGE('',*,*,#1313,.F.);
#1761=ORIENTED_EDGE('',*,*,#1314,.T.);
#1762=ORIENTED_EDGE('',*,*,#1332,.T.);
#1763=ORIENTED_EDGE('',*,*,#1333,.T.);
#1764=ORIENTED_EDGE('',*,*,#1334,.T.);
#1765=ORIENTED_EDGE('',*,*,#1323,.F.);
#1766=ORIENTED_EDGE('',*,*,#1335,.T.);
#1767=ORIENTED_EDGE('',*,*,#1336,.T.);
#1768=ORIENTED_EDGE('',*,*,#1335,.F.);
#1769=ORIENTED_EDGE('',*,*,#1336,.F.);
#1770=ORIENTED_EDGE('',*,*,#1322,.F.);
#1771=ORIENTED_EDGE('',*,*,#1337,.T.);
#1772=ORIENTED_EDGE('',*,*,#1338,.T.);
#1773=ORIENTED_EDGE('',*,*,#1337,.F.);
#1774=ORIENTED_EDGE('',*,*,#1338,.F.);
#1775=ORIENTED_EDGE('',*,*,#1321,.F.);
#1776=ORIENTED_EDGE('',*,*,#1339,.T.);
#1777=ORIENTED_EDGE('',*,*,#1340,.T.);
#1778=ORIENTED_EDGE('',*,*,#1339,.F.);
#1779=ORIENTED_EDGE('',*,*,#1340,.F.);
#1780=ORIENTED_EDGE('',*,*,#1320,.F.);
#1781=ORIENTED_EDGE('',*,*,#1341,.T.);
#1782=ORIENTED_EDGE('',*,*,#1342,.T.);
#1783=ORIENTED_EDGE('',*,*,#1341,.F.);
#1784=ORIENTED_EDGE('',*,*,#1342,.F.);
#1785=ORIENTED_EDGE('',*,*,#1343,.F.);
#1786=ORIENTED_EDGE('',*,*,#1344,.T.);
#1787=ORIENTED_EDGE('',*,*,#1319,.F.);
#1788=ORIENTED_EDGE('',*,*,#1345,.F.);
#1789=ORIENTED_EDGE('',*,*,#1346,.F.);
#1790=ORIENTED_EDGE('',*,*,#1345,.T.);
#1791=ORIENTED_EDGE('',*,*,#1318,.F.);
#1792=ORIENTED_EDGE('',*,*,#1347,.F.);
#1793=ORIENTED_EDGE('',*,*,#1348,.F.);
#1794=ORIENTED_EDGE('',*,*,#1347,.T.);
#1795=ORIENTED_EDGE('',*,*,#1317,.F.);
#1796=ORIENTED_EDGE('',*,*,#1349,.F.);
#1797=ORIENTED_EDGE('',*,*,#1350,.F.);
#1798=ORIENTED_EDGE('',*,*,#1349,.T.);
#1799=ORIENTED_EDGE('',*,*,#1316,.F.);
#1800=ORIENTED_EDGE('',*,*,#1344,.F.);
#1801=ORIENTED_EDGE('',*,*,#1343,.T.);
#1802=ORIENTED_EDGE('',*,*,#1346,.T.);
#1803=ORIENTED_EDGE('',*,*,#1348,.T.);
#1804=ORIENTED_EDGE('',*,*,#1350,.T.);
#1805=ORIENTED_EDGE('',*,*,#1351,.T.);
#1806=ORIENTED_EDGE('',*,*,#1352,.T.);
#1807=ORIENTED_EDGE('',*,*,#1353,.T.);
#1808=ORIENTED_EDGE('',*,*,#1354,.T.);
#1809=ORIENTED_EDGE('',*,*,#1355,.T.);
#1810=ORIENTED_EDGE('',*,*,#1356,.T.);
#1811=ORIENTED_EDGE('',*,*,#1357,.T.);
#1812=ORIENTED_EDGE('',*,*,#1358,.T.);
#1813=ORIENTED_EDGE('',*,*,#1359,.T.);
#1814=ORIENTED_EDGE('',*,*,#1360,.T.);
#1815=ORIENTED_EDGE('',*,*,#1361,.T.);
#1816=ORIENTED_EDGE('',*,*,#1362,.T.);
#1817=ORIENTED_EDGE('',*,*,#1363,.T.);
#1818=ORIENTED_EDGE('',*,*,#1364,.T.);
#1819=ORIENTED_EDGE('',*,*,#1365,.T.);
#1820=ORIENTED_EDGE('',*,*,#1366,.T.);
#1821=ORIENTED_EDGE('',*,*,#1367,.T.);
#1822=ORIENTED_EDGE('',*,*,#1368,.T.);
#1823=ORIENTED_EDGE('',*,*,#1369,.T.);
#1824=ORIENTED_EDGE('',*,*,#1370,.T.);
#1825=ORIENTED_EDGE('',*,*,#1371,.T.);
#1826=ORIENTED_EDGE('',*,*,#1372,.T.);
#1827=ORIENTED_EDGE('',*,*,#1373,.T.);
#1828=ORIENTED_EDGE('',*,*,#1374,.T.);
#1829=ORIENTED_EDGE('',*,*,#1375,.T.);
#1830=ORIENTED_EDGE('',*,*,#1376,.T.);
#1831=ORIENTED_EDGE('',*,*,#1377,.T.);
#1832=ORIENTED_EDGE('',*,*,#1378,.T.);
#1833=ORIENTED_EDGE('',*,*,#1379,.T.);
#1834=ORIENTED_EDGE('',*,*,#1380,.T.);
#1835=ORIENTED_EDGE('',*,*,#1381,.T.);
#1836=ORIENTED_EDGE('',*,*,#1382,.T.);
#1837=ORIENTED_EDGE('',*,*,#1383,.T.);
#1838=ORIENTED_EDGE('',*,*,#1384,.T.);
#1839=ORIENTED_EDGE('',*,*,#1385,.T.);
#1840=ORIENTED_EDGE('',*,*,#1386,.T.);
#1841=ORIENTED_EDGE('',*,*,#1387,.T.);
#1842=ORIENTED_EDGE('',*,*,#1388,.T.);
#1843=ORIENTED_EDGE('',*,*,#1389,.T.);
#1844=ORIENTED_EDGE('',*,*,#1390,.T.);
#1845=ORIENTED_EDGE('',*,*,#1391,.T.);
#1846=ORIENTED_EDGE('',*,*,#1392,.T.);
#1847=ORIENTED_EDGE('',*,*,#1393,.T.);
#1848=ORIENTED_EDGE('',*,*,#1394,.T.);
#1849=ORIENTED_EDGE('',*,*,#1395,.T.);
#1850=ORIENTED_EDGE('',*,*,#1396,.T.);
#1851=ORIENTED_EDGE('',*,*,#1397,.T.);
#1852=ORIENTED_EDGE('',*,*,#1398,.T.);
#1853=ORIENTED_EDGE('',*,*,#1399,.T.);
#1854=ORIENTED_EDGE('',*,*,#1400,.T.);
#1855=ORIENTED_EDGE('',*,*,#1401,.T.);
#1856=ORIENTED_EDGE('',*,*,#1402,.T.);
#1857=ORIENTED_EDGE('',*,*,#1403,.T.);
#1858=ORIENTED_EDGE('',*,*,#1404,.T.);
#1859=ORIENTED_EDGE('',*,*,#1405,.T.);
#1860=ORIENTED_EDGE('',*,*,#1406,.T.);
#1861=ORIENTED_EDGE('',*,*,#1407,.T.);
#1862=ORIENTED_EDGE('',*,*,#1408,.T.);
#1863=ORIENTED_EDGE('',*,*,#1409,.T.);
#1864=ORIENTED_EDGE('',*,*,#1410,.T.);
#1865=ORIENTED_EDGE('',*,*,#1411,.T.);
#1866=ORIENTED_EDGE('',*,*,#1412,.T.);
#1867=ORIENTED_EDGE('',*,*,#1413,.T.);
#1868=ORIENTED_EDGE('',*,*,#1414,.T.);
#1869=ORIENTED_EDGE('',*,*,#1415,.T.);
#1870=ORIENTED_EDGE('',*,*,#1416,.T.);
#1871=ORIENTED_EDGE('',*,*,#1417,.T.);
#1872=ORIENTED_EDGE('',*,*,#1418,.T.);
#1873=ORIENTED_EDGE('',*,*,#1419,.T.);
#1874=ORIENTED_EDGE('',*,*,#1420,.T.);
#1875=ORIENTED_EDGE('',*,*,#1421,.T.);
#1876=ORIENTED_EDGE('',*,*,#1422,.T.);
#1877=ORIENTED_EDGE('',*,*,#1423,.T.);
#1878=ORIENTED_EDGE('',*,*,#1424,.T.);
#1879=ORIENTED_EDGE('',*,*,#1425,.T.);
#1880=ORIENTED_EDGE('',*,*,#1426,.T.);
#1881=ORIENTED_EDGE('',*,*,#1427,.F.);
#1882=ORIENTED_EDGE('',*,*,#1428,.T.);
#1883=ORIENTED_EDGE('',*,*,#1351,.F.);
#1884=ORIENTED_EDGE('',*,*,#1429,.F.);
#1885=ORIENTED_EDGE('',*,*,#1430,.F.);
#1886=ORIENTED_EDGE('',*,*,#1431,.T.);
#1887=ORIENTED_EDGE('',*,*,#1352,.F.);
#1888=ORIENTED_EDGE('',*,*,#1428,.F.);
#1889=ORIENTED_EDGE('',*,*,#1432,.F.);
#1890=ORIENTED_EDGE('',*,*,#1433,.T.);
#1891=ORIENTED_EDGE('',*,*,#1353,.F.);
#1892=ORIENTED_EDGE('',*,*,#1431,.F.);
#1893=ORIENTED_EDGE('',*,*,#1434,.F.);
#1894=ORIENTED_EDGE('',*,*,#1429,.T.);
#1895=ORIENTED_EDGE('',*,*,#1354,.F.);
#1896=ORIENTED_EDGE('',*,*,#1433,.F.);
#1897=ORIENTED_EDGE('',*,*,#1435,.F.);
#1898=ORIENTED_EDGE('',*,*,#1436,.T.);
#1899=ORIENTED_EDGE('',*,*,#1423,.F.);
#1900=ORIENTED_EDGE('',*,*,#1437,.F.);
#1901=ORIENTED_EDGE('',*,*,#1438,.F.);
#1902=ORIENTED_EDGE('',*,*,#1439,.T.);
#1903=ORIENTED_EDGE('',*,*,#1424,.F.);
#1904=ORIENTED_EDGE('',*,*,#1436,.F.);
#1905=ORIENTED_EDGE('',*,*,#1440,.F.);
#1906=ORIENTED_EDGE('',*,*,#1441,.T.);
#1907=ORIENTED_EDGE('',*,*,#1425,.F.);
#1908=ORIENTED_EDGE('',*,*,#1439,.F.);
#1909=ORIENTED_EDGE('',*,*,#1442,.F.);
#1910=ORIENTED_EDGE('',*,*,#1437,.T.);
#1911=ORIENTED_EDGE('',*,*,#1426,.F.);
#1912=ORIENTED_EDGE('',*,*,#1441,.F.);
#1913=ORIENTED_EDGE('',*,*,#1443,.F.);
#1914=ORIENTED_EDGE('',*,*,#1444,.T.);
#1915=ORIENTED_EDGE('',*,*,#1419,.F.);
#1916=ORIENTED_EDGE('',*,*,#1445,.F.);
#1917=ORIENTED_EDGE('',*,*,#1446,.F.);
#1918=ORIENTED_EDGE('',*,*,#1447,.T.);
#1919=ORIENTED_EDGE('',*,*,#1420,.F.);
#1920=ORIENTED_EDGE('',*,*,#1444,.F.);
#1921=ORIENTED_EDGE('',*,*,#1448,.F.);
#1922=ORIENTED_EDGE('',*,*,#1449,.T.);
#1923=ORIENTED_EDGE('',*,*,#1421,.F.);
#1924=ORIENTED_EDGE('',*,*,#1447,.F.);
#1925=ORIENTED_EDGE('',*,*,#1450,.F.);
#1926=ORIENTED_EDGE('',*,*,#1445,.T.);
#1927=ORIENTED_EDGE('',*,*,#1422,.F.);
#1928=ORIENTED_EDGE('',*,*,#1449,.F.);
#1929=ORIENTED_EDGE('',*,*,#1451,.F.);
#1930=ORIENTED_EDGE('',*,*,#1452,.T.);
#1931=ORIENTED_EDGE('',*,*,#1362,.F.);
#1932=ORIENTED_EDGE('',*,*,#1453,.F.);
#1933=ORIENTED_EDGE('',*,*,#1454,.F.);
#1934=ORIENTED_EDGE('',*,*,#1453,.T.);
#1935=ORIENTED_EDGE('',*,*,#1361,.F.);
#1936=ORIENTED_EDGE('',*,*,#1455,.F.);
#1937=ORIENTED_EDGE('',*,*,#1456,.F.);
#1938=ORIENTED_EDGE('',*,*,#1455,.T.);
#1939=ORIENTED_EDGE('',*,*,#1360,.F.);
#1940=ORIENTED_EDGE('',*,*,#1457,.F.);
#1941=ORIENTED_EDGE('',*,*,#1458,.F.);
#1942=ORIENTED_EDGE('',*,*,#1457,.T.);
#1943=ORIENTED_EDGE('',*,*,#1359,.F.);
#1944=ORIENTED_EDGE('',*,*,#1459,.F.);
#1945=ORIENTED_EDGE('',*,*,#1460,.F.);
#1946=ORIENTED_EDGE('',*,*,#1459,.T.);
#1947=ORIENTED_EDGE('',*,*,#1358,.F.);
#1948=ORIENTED_EDGE('',*,*,#1461,.F.);
#1949=ORIENTED_EDGE('',*,*,#1462,.F.);
#1950=ORIENTED_EDGE('',*,*,#1461,.T.);
#1951=ORIENTED_EDGE('',*,*,#1357,.F.);
#1952=ORIENTED_EDGE('',*,*,#1463,.F.);
#1953=ORIENTED_EDGE('',*,*,#1464,.F.);
#1954=ORIENTED_EDGE('',*,*,#1463,.T.);
#1955=ORIENTED_EDGE('',*,*,#1356,.F.);
#1956=ORIENTED_EDGE('',*,*,#1465,.F.);
#1957=ORIENTED_EDGE('',*,*,#1466,.F.);
#1958=ORIENTED_EDGE('',*,*,#1465,.T.);
#1959=ORIENTED_EDGE('',*,*,#1355,.F.);
#1960=ORIENTED_EDGE('',*,*,#1452,.F.);
#1961=ORIENTED_EDGE('',*,*,#1467,.F.);
#1962=ORIENTED_EDGE('',*,*,#1468,.T.);
#1963=ORIENTED_EDGE('',*,*,#1370,.F.);
#1964=ORIENTED_EDGE('',*,*,#1469,.F.);
#1965=ORIENTED_EDGE('',*,*,#1470,.F.);
#1966=ORIENTED_EDGE('',*,*,#1469,.T.);
#1967=ORIENTED_EDGE('',*,*,#1369,.F.);
#1968=ORIENTED_EDGE('',*,*,#1471,.F.);
#1969=ORIENTED_EDGE('',*,*,#1472,.F.);
#1970=ORIENTED_EDGE('',*,*,#1471,.T.);
#1971=ORIENTED_EDGE('',*,*,#1368,.F.);
#1972=ORIENTED_EDGE('',*,*,#1473,.F.);
#1973=ORIENTED_EDGE('',*,*,#1474,.F.);
#1974=ORIENTED_EDGE('',*,*,#1473,.T.);
#1975=ORIENTED_EDGE('',*,*,#1367,.F.);
#1976=ORIENTED_EDGE('',*,*,#1475,.F.);
#1977=ORIENTED_EDGE('',*,*,#1476,.F.);
#1978=ORIENTED_EDGE('',*,*,#1475,.T.);
#1979=ORIENTED_EDGE('',*,*,#1366,.F.);
#1980=ORIENTED_EDGE('',*,*,#1477,.F.);
#1981=ORIENTED_EDGE('',*,*,#1478,.F.);
#1982=ORIENTED_EDGE('',*,*,#1477,.T.);
#1983=ORIENTED_EDGE('',*,*,#1365,.F.);
#1984=ORIENTED_EDGE('',*,*,#1479,.F.);
#1985=ORIENTED_EDGE('',*,*,#1480,.F.);
#1986=ORIENTED_EDGE('',*,*,#1479,.T.);
#1987=ORIENTED_EDGE('',*,*,#1364,.F.);
#1988=ORIENTED_EDGE('',*,*,#1481,.F.);
#1989=ORIENTED_EDGE('',*,*,#1482,.F.);
#1990=ORIENTED_EDGE('',*,*,#1481,.T.);
#1991=ORIENTED_EDGE('',*,*,#1363,.F.);
#1992=ORIENTED_EDGE('',*,*,#1468,.F.);
#1993=ORIENTED_EDGE('',*,*,#1483,.F.);
#1994=ORIENTED_EDGE('',*,*,#1484,.T.);
#1995=ORIENTED_EDGE('',*,*,#1378,.F.);
#1996=ORIENTED_EDGE('',*,*,#1485,.F.);
#1997=ORIENTED_EDGE('',*,*,#1486,.F.);
#1998=ORIENTED_EDGE('',*,*,#1485,.T.);
#1999=ORIENTED_EDGE('',*,*,#1377,.F.);
#2000=ORIENTED_EDGE('',*,*,#1487,.F.);
#2001=ORIENTED_EDGE('',*,*,#1488,.F.);
#2002=ORIENTED_EDGE('',*,*,#1487,.T.);
#2003=ORIENTED_EDGE('',*,*,#1376,.F.);
#2004=ORIENTED_EDGE('',*,*,#1489,.F.);
#2005=ORIENTED_EDGE('',*,*,#1490,.F.);
#2006=ORIENTED_EDGE('',*,*,#1489,.T.);
#2007=ORIENTED_EDGE('',*,*,#1375,.F.);
#2008=ORIENTED_EDGE('',*,*,#1491,.F.);
#2009=ORIENTED_EDGE('',*,*,#1492,.F.);
#2010=ORIENTED_EDGE('',*,*,#1491,.T.);
#2011=ORIENTED_EDGE('',*,*,#1374,.F.);
#2012=ORIENTED_EDGE('',*,*,#1493,.F.);
#2013=ORIENTED_EDGE('',*,*,#1494,.F.);
#2014=ORIENTED_EDGE('',*,*,#1493,.T.);
#2015=ORIENTED_EDGE('',*,*,#1373,.F.);
#2016=ORIENTED_EDGE('',*,*,#1495,.F.);
#2017=ORIENTED_EDGE('',*,*,#1496,.F.);
#2018=ORIENTED_EDGE('',*,*,#1495,.T.);
#2019=ORIENTED_EDGE('',*,*,#1372,.F.);
#2020=ORIENTED_EDGE('',*,*,#1497,.F.);
#2021=ORIENTED_EDGE('',*,*,#1498,.F.);
#2022=ORIENTED_EDGE('',*,*,#1497,.T.);
#2023=ORIENTED_EDGE('',*,*,#1371,.F.);
#2024=ORIENTED_EDGE('',*,*,#1484,.F.);
#2025=ORIENTED_EDGE('',*,*,#1499,.F.);
#2026=ORIENTED_EDGE('',*,*,#1500,.T.);
#2027=ORIENTED_EDGE('',*,*,#1386,.F.);
#2028=ORIENTED_EDGE('',*,*,#1501,.F.);
#2029=ORIENTED_EDGE('',*,*,#1502,.F.);
#2030=ORIENTED_EDGE('',*,*,#1501,.T.);
#2031=ORIENTED_EDGE('',*,*,#1385,.F.);
#2032=ORIENTED_EDGE('',*,*,#1503,.F.);
#2033=ORIENTED_EDGE('',*,*,#1504,.F.);
#2034=ORIENTED_EDGE('',*,*,#1503,.T.);
#2035=ORIENTED_EDGE('',*,*,#1384,.F.);
#2036=ORIENTED_EDGE('',*,*,#1505,.F.);
#2037=ORIENTED_EDGE('',*,*,#1506,.F.);
#2038=ORIENTED_EDGE('',*,*,#1505,.T.);
#2039=ORIENTED_EDGE('',*,*,#1383,.F.);
#2040=ORIENTED_EDGE('',*,*,#1507,.F.);
#2041=ORIENTED_EDGE('',*,*,#1508,.F.);
#2042=ORIENTED_EDGE('',*,*,#1507,.T.);
#2043=ORIENTED_EDGE('',*,*,#1382,.F.);
#2044=ORIENTED_EDGE('',*,*,#1509,.F.);
#2045=ORIENTED_EDGE('',*,*,#1510,.F.);
#2046=ORIENTED_EDGE('',*,*,#1509,.T.);
#2047=ORIENTED_EDGE('',*,*,#1381,.F.);
#2048=ORIENTED_EDGE('',*,*,#1511,.F.);
#2049=ORIENTED_EDGE('',*,*,#1512,.F.);
#2050=ORIENTED_EDGE('',*,*,#1511,.T.);
#2051=ORIENTED_EDGE('',*,*,#1380,.F.);
#2052=ORIENTED_EDGE('',*,*,#1513,.F.);
#2053=ORIENTED_EDGE('',*,*,#1514,.F.);
#2054=ORIENTED_EDGE('',*,*,#1513,.T.);
#2055=ORIENTED_EDGE('',*,*,#1379,.F.);
#2056=ORIENTED_EDGE('',*,*,#1500,.F.);
#2057=ORIENTED_EDGE('',*,*,#1515,.F.);
#2058=ORIENTED_EDGE('',*,*,#1516,.T.);
#2059=ORIENTED_EDGE('',*,*,#1394,.F.);
#2060=ORIENTED_EDGE('',*,*,#1517,.F.);
#2061=ORIENTED_EDGE('',*,*,#1518,.F.);
#2062=ORIENTED_EDGE('',*,*,#1517,.T.);
#2063=ORIENTED_EDGE('',*,*,#1393,.F.);
#2064=ORIENTED_EDGE('',*,*,#1519,.F.);
#2065=ORIENTED_EDGE('',*,*,#1520,.F.);
#2066=ORIENTED_EDGE('',*,*,#1519,.T.);
#2067=ORIENTED_EDGE('',*,*,#1392,.F.);
#2068=ORIENTED_EDGE('',*,*,#1521,.F.);
#2069=ORIENTED_EDGE('',*,*,#1522,.F.);
#2070=ORIENTED_EDGE('',*,*,#1521,.T.);
#2071=ORIENTED_EDGE('',*,*,#1391,.F.);
#2072=ORIENTED_EDGE('',*,*,#1523,.F.);
#2073=ORIENTED_EDGE('',*,*,#1524,.F.);
#2074=ORIENTED_EDGE('',*,*,#1523,.T.);
#2075=ORIENTED_EDGE('',*,*,#1390,.F.);
#2076=ORIENTED_EDGE('',*,*,#1525,.F.);
#2077=ORIENTED_EDGE('',*,*,#1526,.F.);
#2078=ORIENTED_EDGE('',*,*,#1525,.T.);
#2079=ORIENTED_EDGE('',*,*,#1389,.F.);
#2080=ORIENTED_EDGE('',*,*,#1527,.F.);
#2081=ORIENTED_EDGE('',*,*,#1528,.F.);
#2082=ORIENTED_EDGE('',*,*,#1527,.T.);
#2083=ORIENTED_EDGE('',*,*,#1388,.F.);
#2084=ORIENTED_EDGE('',*,*,#1529,.F.);
#2085=ORIENTED_EDGE('',*,*,#1530,.F.);
#2086=ORIENTED_EDGE('',*,*,#1529,.T.);
#2087=ORIENTED_EDGE('',*,*,#1387,.F.);
#2088=ORIENTED_EDGE('',*,*,#1516,.F.);
#2089=ORIENTED_EDGE('',*,*,#1531,.F.);
#2090=ORIENTED_EDGE('',*,*,#1532,.T.);
#2091=ORIENTED_EDGE('',*,*,#1402,.F.);
#2092=ORIENTED_EDGE('',*,*,#1533,.F.);
#2093=ORIENTED_EDGE('',*,*,#1534,.F.);
#2094=ORIENTED_EDGE('',*,*,#1533,.T.);
#2095=ORIENTED_EDGE('',*,*,#1401,.F.);
#2096=ORIENTED_EDGE('',*,*,#1535,.F.);
#2097=ORIENTED_EDGE('',*,*,#1536,.F.);
#2098=ORIENTED_EDGE('',*,*,#1535,.T.);
#2099=ORIENTED_EDGE('',*,*,#1400,.F.);
#2100=ORIENTED_EDGE('',*,*,#1537,.F.);
#2101=ORIENTED_EDGE('',*,*,#1538,.F.);
#2102=ORIENTED_EDGE('',*,*,#1537,.T.);
#2103=ORIENTED_EDGE('',*,*,#1399,.F.);
#2104=ORIENTED_EDGE('',*,*,#1539,.F.);
#2105=ORIENTED_EDGE('',*,*,#1540,.F.);
#2106=ORIENTED_EDGE('',*,*,#1539,.T.);
#2107=ORIENTED_EDGE('',*,*,#1398,.F.);
#2108=ORIENTED_EDGE('',*,*,#1541,.F.);
#2109=ORIENTED_EDGE('',*,*,#1542,.F.);
#2110=ORIENTED_EDGE('',*,*,#1541,.T.);
#2111=ORIENTED_EDGE('',*,*,#1397,.F.);
#2112=ORIENTED_EDGE('',*,*,#1543,.F.);
#2113=ORIENTED_EDGE('',*,*,#1544,.F.);
#2114=ORIENTED_EDGE('',*,*,#1543,.T.);
#2115=ORIENTED_EDGE('',*,*,#1396,.F.);
#2116=ORIENTED_EDGE('',*,*,#1545,.F.);
#2117=ORIENTED_EDGE('',*,*,#1546,.F.);
#2118=ORIENTED_EDGE('',*,*,#1545,.T.);
#2119=ORIENTED_EDGE('',*,*,#1395,.F.);
#2120=ORIENTED_EDGE('',*,*,#1532,.F.);
#2121=ORIENTED_EDGE('',*,*,#1547,.F.);
#2122=ORIENTED_EDGE('',*,*,#1548,.T.);
#2123=ORIENTED_EDGE('',*,*,#1410,.F.);
#2124=ORIENTED_EDGE('',*,*,#1549,.F.);
#2125=ORIENTED_EDGE('',*,*,#1550,.F.);
#2126=ORIENTED_EDGE('',*,*,#1549,.T.);
#2127=ORIENTED_EDGE('',*,*,#1409,.F.);
#2128=ORIENTED_EDGE('',*,*,#1551,.F.);
#2129=ORIENTED_EDGE('',*,*,#1552,.F.);
#2130=ORIENTED_EDGE('',*,*,#1551,.T.);
#2131=ORIENTED_EDGE('',*,*,#1408,.F.);
#2132=ORIENTED_EDGE('',*,*,#1553,.F.);
#2133=ORIENTED_EDGE('',*,*,#1554,.F.);
#2134=ORIENTED_EDGE('',*,*,#1553,.T.);
#2135=ORIENTED_EDGE('',*,*,#1407,.F.);
#2136=ORIENTED_EDGE('',*,*,#1555,.F.);
#2137=ORIENTED_EDGE('',*,*,#1556,.F.);
#2138=ORIENTED_EDGE('',*,*,#1555,.T.);
#2139=ORIENTED_EDGE('',*,*,#1406,.F.);
#2140=ORIENTED_EDGE('',*,*,#1557,.F.);
#2141=ORIENTED_EDGE('',*,*,#1558,.F.);
#2142=ORIENTED_EDGE('',*,*,#1557,.T.);
#2143=ORIENTED_EDGE('',*,*,#1405,.F.);
#2144=ORIENTED_EDGE('',*,*,#1559,.F.);
#2145=ORIENTED_EDGE('',*,*,#1560,.F.);
#2146=ORIENTED_EDGE('',*,*,#1559,.T.);
#2147=ORIENTED_EDGE('',*,*,#1404,.F.);
#2148=ORIENTED_EDGE('',*,*,#1561,.F.);
#2149=ORIENTED_EDGE('',*,*,#1562,.F.);
#2150=ORIENTED_EDGE('',*,*,#1561,.T.);
#2151=ORIENTED_EDGE('',*,*,#1403,.F.);
#2152=ORIENTED_EDGE('',*,*,#1548,.F.);
#2153=ORIENTED_EDGE('',*,*,#1563,.F.);
#2154=ORIENTED_EDGE('',*,*,#1564,.T.);
#2155=ORIENTED_EDGE('',*,*,#1418,.F.);
#2156=ORIENTED_EDGE('',*,*,#1565,.F.);
#2157=ORIENTED_EDGE('',*,*,#1566,.F.);
#2158=ORIENTED_EDGE('',*,*,#1565,.T.);
#2159=ORIENTED_EDGE('',*,*,#1417,.F.);
#2160=ORIENTED_EDGE('',*,*,#1567,.F.);
#2161=ORIENTED_EDGE('',*,*,#1568,.F.);
#2162=ORIENTED_EDGE('',*,*,#1567,.T.);
#2163=ORIENTED_EDGE('',*,*,#1416,.F.);
#2164=ORIENTED_EDGE('',*,*,#1569,.F.);
#2165=ORIENTED_EDGE('',*,*,#1570,.F.);
#2166=ORIENTED_EDGE('',*,*,#1569,.T.);
#2167=ORIENTED_EDGE('',*,*,#1415,.F.);
#2168=ORIENTED_EDGE('',*,*,#1571,.F.);
#2169=ORIENTED_EDGE('',*,*,#1572,.F.);
#2170=ORIENTED_EDGE('',*,*,#1571,.T.);
#2171=ORIENTED_EDGE('',*,*,#1414,.F.);
#2172=ORIENTED_EDGE('',*,*,#1573,.F.);
#2173=ORIENTED_EDGE('',*,*,#1574,.F.);
#2174=ORIENTED_EDGE('',*,*,#1573,.T.);
#2175=ORIENTED_EDGE('',*,*,#1413,.F.);
#2176=ORIENTED_EDGE('',*,*,#1575,.F.);
#2177=ORIENTED_EDGE('',*,*,#1576,.F.);
#2178=ORIENTED_EDGE('',*,*,#1575,.T.);
#2179=ORIENTED_EDGE('',*,*,#1412,.F.);
#2180=ORIENTED_EDGE('',*,*,#1577,.F.);
#2181=ORIENTED_EDGE('',*,*,#1578,.F.);
#2182=ORIENTED_EDGE('',*,*,#1577,.T.);
#2183=ORIENTED_EDGE('',*,*,#1411,.F.);
#2184=ORIENTED_EDGE('',*,*,#1564,.F.);
#2185=ORIENTED_EDGE('',*,*,#1327,.F.);
#2186=ORIENTED_EDGE('',*,*,#1579,.F.);
#2187=ORIENTED_EDGE('',*,*,#1328,.F.);
#2188=ORIENTED_EDGE('',*,*,#1311,.F.);
#2189=ORIENTED_EDGE('',*,*,#1306,.F.);
#2190=ORIENTED_EDGE('',*,*,#1315,.F.);
#2191=ORIENTED_EDGE('',*,*,#1334,.F.);
#2192=ORIENTED_EDGE('',*,*,#1580,.F.);
#2193=ORIENTED_EDGE('',*,*,#1307,.F.);
#2194=ORIENTED_EDGE('',*,*,#1580,.T.);
#2195=ORIENTED_EDGE('',*,*,#1333,.F.);
#2196=ORIENTED_EDGE('',*,*,#1331,.T.);
#2197=ORIENTED_EDGE('',*,*,#1329,.F.);
#2198=ORIENTED_EDGE('',*,*,#1579,.T.);
#2199=ORIENTED_EDGE('',*,*,#1326,.F.);
#2200=ORIENTED_EDGE('',*,*,#1324,.T.);
#2201=ORIENTED_EDGE('',*,*,#1435,.T.);
#2202=ORIENTED_EDGE('',*,*,#1442,.T.);
#2203=ORIENTED_EDGE('',*,*,#1440,.T.);
#2204=ORIENTED_EDGE('',*,*,#1438,.T.);
#2205=ORIENTED_EDGE('',*,*,#1443,.T.);
#2206=ORIENTED_EDGE('',*,*,#1450,.T.);
#2207=ORIENTED_EDGE('',*,*,#1448,.T.);
#2208=ORIENTED_EDGE('',*,*,#1446,.T.);
#2209=ORIENTED_EDGE('',*,*,#1578,.T.);
#2210=ORIENTED_EDGE('',*,*,#1563,.T.);
#2211=ORIENTED_EDGE('',*,*,#1566,.T.);
#2212=ORIENTED_EDGE('',*,*,#1568,.T.);
#2213=ORIENTED_EDGE('',*,*,#1570,.T.);
#2214=ORIENTED_EDGE('',*,*,#1572,.T.);
#2215=ORIENTED_EDGE('',*,*,#1574,.T.);
#2216=ORIENTED_EDGE('',*,*,#1576,.T.);
#2217=ORIENTED_EDGE('',*,*,#1562,.T.);
#2218=ORIENTED_EDGE('',*,*,#1547,.T.);
#2219=ORIENTED_EDGE('',*,*,#1550,.T.);
#2220=ORIENTED_EDGE('',*,*,#1552,.T.);
#2221=ORIENTED_EDGE('',*,*,#1554,.T.);
#2222=ORIENTED_EDGE('',*,*,#1556,.T.);
#2223=ORIENTED_EDGE('',*,*,#1558,.T.);
#2224=ORIENTED_EDGE('',*,*,#1560,.T.);
#2225=ORIENTED_EDGE('',*,*,#1546,.T.);
#2226=ORIENTED_EDGE('',*,*,#1531,.T.);
#2227=ORIENTED_EDGE('',*,*,#1534,.T.);
#2228=ORIENTED_EDGE('',*,*,#1536,.T.);
#2229=ORIENTED_EDGE('',*,*,#1538,.T.);
#2230=ORIENTED_EDGE('',*,*,#1540,.T.);
#2231=ORIENTED_EDGE('',*,*,#1542,.T.);
#2232=ORIENTED_EDGE('',*,*,#1544,.T.);
#2233=ORIENTED_EDGE('',*,*,#1530,.T.);
#2234=ORIENTED_EDGE('',*,*,#1515,.T.);
#2235=ORIENTED_EDGE('',*,*,#1518,.T.);
#2236=ORIENTED_EDGE('',*,*,#1520,.T.);
#2237=ORIENTED_EDGE('',*,*,#1522,.T.);
#2238=ORIENTED_EDGE('',*,*,#1524,.T.);
#2239=ORIENTED_EDGE('',*,*,#1526,.T.);
#2240=ORIENTED_EDGE('',*,*,#1528,.T.);
#2241=ORIENTED_EDGE('',*,*,#1514,.T.);
#2242=ORIENTED_EDGE('',*,*,#1499,.T.);
#2243=ORIENTED_EDGE('',*,*,#1502,.T.);
#2244=ORIENTED_EDGE('',*,*,#1504,.T.);
#2245=ORIENTED_EDGE('',*,*,#1506,.T.);
#2246=ORIENTED_EDGE('',*,*,#1508,.T.);
#2247=ORIENTED_EDGE('',*,*,#1510,.T.);
#2248=ORIENTED_EDGE('',*,*,#1512,.T.);
#2249=ORIENTED_EDGE('',*,*,#1498,.T.);
#2250=ORIENTED_EDGE('',*,*,#1483,.T.);
#2251=ORIENTED_EDGE('',*,*,#1486,.T.);
#2252=ORIENTED_EDGE('',*,*,#1488,.T.);
#2253=ORIENTED_EDGE('',*,*,#1490,.T.);
#2254=ORIENTED_EDGE('',*,*,#1492,.T.);
#2255=ORIENTED_EDGE('',*,*,#1494,.T.);
#2256=ORIENTED_EDGE('',*,*,#1496,.T.);
#2257=ORIENTED_EDGE('',*,*,#1482,.T.);
#2258=ORIENTED_EDGE('',*,*,#1467,.T.);
#2259=ORIENTED_EDGE('',*,*,#1470,.T.);
#2260=ORIENTED_EDGE('',*,*,#1472,.T.);
#2261=ORIENTED_EDGE('',*,*,#1474,.T.);
#2262=ORIENTED_EDGE('',*,*,#1476,.T.);
#2263=ORIENTED_EDGE('',*,*,#1478,.T.);
#2264=ORIENTED_EDGE('',*,*,#1480,.T.);
#2265=ORIENTED_EDGE('',*,*,#1466,.T.);
#2266=ORIENTED_EDGE('',*,*,#1451,.T.);
#2267=ORIENTED_EDGE('',*,*,#1454,.T.);
#2268=ORIENTED_EDGE('',*,*,#1456,.T.);
#2269=ORIENTED_EDGE('',*,*,#1458,.T.);
#2270=ORIENTED_EDGE('',*,*,#1460,.T.);
#2271=ORIENTED_EDGE('',*,*,#1462,.T.);
#2272=ORIENTED_EDGE('',*,*,#1464,.T.);
#2273=ORIENTED_EDGE('',*,*,#1427,.T.);
#2274=ORIENTED_EDGE('',*,*,#1434,.T.);
#2275=ORIENTED_EDGE('',*,*,#1432,.T.);
#2276=ORIENTED_EDGE('',*,*,#1430,.T.);
#2277=PLANE('',#2498);
#2278=PLANE('',#2499);
#2279=PLANE('',#2500);
#2280=PLANE('',#2501);
#2281=PLANE('',#2505);
#2282=PLANE('',#2513);
#2283=PLANE('',#2518);
#2284=PLANE('',#2523);
#2285=PLANE('',#2527);
#2286=PLANE('',#2531);
#2287=PLANE('',#2535);
#2288=PLANE('',#2545);
#2289=PLANE('',#2546);
#2290=PLANE('',#2547);
#2291=PLANE('',#2548);
#2292=PLANE('',#2549);
#2293=PLANE('',#2550);
#2294=PLANE('',#2551);
#2295=PLANE('',#2555);
#2296=PLANE('',#2563);
#2297=PLANE('',#2568);
#2298=PLANE('',#2573);
#2299=PLANE('',#2576);
#2300=PLANE('',#2579);
#2301=PLANE('',#2582);
#2302=PLANE('',#2583);
#2303=PLANE('',#2584);
#2304=PLANE('',#2585);
#2305=PLANE('',#2586);
#2306=PLANE('',#2587);
#2307=PLANE('',#2620);
#2308=PLANE('',#2621);
#2309=PLANE('',#2622);
#2310=PLANE('',#2623);
#2311=PLANE('',#2624);
#2312=PLANE('',#2625);
#2313=PLANE('',#2626);
#2314=PLANE('',#2627);
#2315=PLANE('',#2628);
#2316=PLANE('',#2629);
#2317=PLANE('',#2630);
#2318=PLANE('',#2631);
#2319=PLANE('',#2632);
#2320=PLANE('',#2635);
#2321=PLANE('',#2638);
#2322=PLANE('',#2641);
#2323=PLANE('',#2644);
#2324=PLANE('',#2647);
#2325=PLANE('',#2650);
#2326=PLANE('',#2653);
#2327=PLANE('',#2656);
#2328=PLANE('',#2659);
#2329=PLANE('',#2662);
#2330=PLANE('',#2665);
#2331=PLANE('',#2668);
#2332=PLANE('',#2671);
#2333=PLANE('',#2674);
#2334=PLANE('',#2677);
#2335=PLANE('',#2680);
#2336=PLANE('',#2683);
#2337=PLANE('',#2686);
#2338=PLANE('',#2689);
#2339=PLANE('',#2692);
#2340=PLANE('',#2695);
#2341=PLANE('',#2698);
#2342=PLANE('',#2701);
#2343=PLANE('',#2704);
#2344=PLANE('',#2707);
#2345=PLANE('',#2710);
#2346=PLANE('',#2713);
#2347=PLANE('',#2716);
#2348=PLANE('',#2719);
#2349=PLANE('',#2722);
#2350=PLANE('',#2725);
#2351=PLANE('',#2728);
#2352=PLANE('',#2729);
#2353=PLANE('',#2730);
#2354=ADVANCED_FACE('',(#214),#2277,.F.);
#2355=ADVANCED_FACE('',(#215),#2278,.F.);
#2356=ADVANCED_FACE('',(#216),#2279,.F.);
#2357=ADVANCED_FACE('',(#217),#2280,.F.);
#2358=ADVANCED_FACE('',(#218),#162,.T.);
#2359=ADVANCED_FACE('',(#219,#17,#18,#19,#20),#2281,.T.);
#2360=ADVANCED_FACE('',(#220),#2282,.T.);
#2361=ADVANCED_FACE('',(#221),#163,.T.);
#2362=ADVANCED_FACE('',(#222),#164,.T.);
#2363=ADVANCED_FACE('',(#223),#2283,.T.);
#2364=ADVANCED_FACE('',(#224),#165,.T.);
#2365=ADVANCED_FACE('',(#225),#166,.F.);
#2366=ADVANCED_FACE('',(#226,#21),#2284,.T.);
#2367=ADVANCED_FACE('',(#227),#167,.F.);
#2368=ADVANCED_FACE('',(#228,#22),#2285,.T.);
#2369=ADVANCED_FACE('',(#229),#168,.F.);
#2370=ADVANCED_FACE('',(#230,#23),#2286,.T.);
#2371=ADVANCED_FACE('',(#231),#169,.F.);
#2372=ADVANCED_FACE('',(#232,#24),#2287,.T.);
#2373=ADVANCED_FACE('',(#233),#170,.F.);
#2374=ADVANCED_FACE('',(#234),#171,.F.);
#2375=ADVANCED_FACE('',(#235),#172,.F.);
#2376=ADVANCED_FACE('',(#236),#173,.F.);
#2377=ADVANCED_FACE('',(#237),#2288,.T.);
#2378=ADVANCED_FACE('',(#238),#2289,.T.);
#2379=ADVANCED_FACE('',(#239),#2290,.T.);
#2380=ADVANCED_FACE('',(#240),#2291,.T.);
#2381=ADVANCED_FACE('',(#241),#2292,.T.);
#2382=ADVANCED_FACE('',(#242,#25),#2293,.T.);
#2383=ADVANCED_FACE('',(#243,#26,#27,#28,#29,#30),#2294,.T.);
#2384=ADVANCED_FACE('',(#244),#174,.T.);
#2385=ADVANCED_FACE('',(#245,#31,#32,#33,#34,#35),#2295,.T.);
#2386=ADVANCED_FACE('',(#246),#2296,.T.);
#2387=ADVANCED_FACE('',(#247),#175,.T.);
#2388=ADVANCED_FACE('',(#248),#176,.T.);
#2389=ADVANCED_FACE('',(#249),#2297,.T.);
#2390=ADVANCED_FACE('',(#250),#177,.T.);
#2391=ADVANCED_FACE('',(#251),#178,.F.);
#2392=ADVANCED_FACE('',(#252),#2298,.T.);
#2393=ADVANCED_FACE('',(#253),#179,.F.);
#2394=ADVANCED_FACE('',(#254),#2299,.T.);
#2395=ADVANCED_FACE('',(#255),#180,.F.);
#2396=ADVANCED_FACE('',(#256),#2300,.T.);
#2397=ADVANCED_FACE('',(#257),#181,.F.);
#2398=ADVANCED_FACE('',(#258),#2301,.T.);
#2399=ADVANCED_FACE('',(#259),#2302,.T.);
#2400=ADVANCED_FACE('',(#260),#2303,.T.);
#2401=ADVANCED_FACE('',(#261),#2304,.T.);
#2402=ADVANCED_FACE('',(#262),#2305,.T.);
#2403=ADVANCED_FACE('',(#263,#36,#37,#38,#39,#40,#41,#42,#43,#44,#45,#46),
#2306,.F.);
#2404=ADVANCED_FACE('',(#264),#2307,.F.);
#2405=ADVANCED_FACE('',(#265),#2308,.F.);
#2406=ADVANCED_FACE('',(#266),#2309,.F.);
#2407=ADVANCED_FACE('',(#267),#2310,.F.);
#2408=ADVANCED_FACE('',(#268),#2311,.F.);
#2409=ADVANCED_FACE('',(#269),#2312,.F.);
#2410=ADVANCED_FACE('',(#270),#2313,.F.);
#2411=ADVANCED_FACE('',(#271),#2314,.F.);
#2412=ADVANCED_FACE('',(#272),#2315,.F.);
#2413=ADVANCED_FACE('',(#273),#2316,.F.);
#2414=ADVANCED_FACE('',(#274),#2317,.F.);
#2415=ADVANCED_FACE('',(#275),#2318,.F.);
#2416=ADVANCED_FACE('',(#276),#2319,.T.);
#2417=ADVANCED_FACE('',(#277),#182,.F.);
#2418=ADVANCED_FACE('',(#278),#2320,.T.);
#2419=ADVANCED_FACE('',(#279),#183,.F.);
#2420=ADVANCED_FACE('',(#280),#2321,.T.);
#2421=ADVANCED_FACE('',(#281),#184,.F.);
#2422=ADVANCED_FACE('',(#282),#2322,.T.);
#2423=ADVANCED_FACE('',(#283),#185,.F.);
#2424=ADVANCED_FACE('',(#284),#2323,.T.);
#2425=ADVANCED_FACE('',(#285),#186,.F.);
#2426=ADVANCED_FACE('',(#286),#2324,.T.);
#2427=ADVANCED_FACE('',(#287),#187,.F.);
#2428=ADVANCED_FACE('',(#288),#2325,.T.);
#2429=ADVANCED_FACE('',(#289),#188,.F.);
#2430=ADVANCED_FACE('',(#290),#2326,.T.);
#2431=ADVANCED_FACE('',(#291),#189,.F.);
#2432=ADVANCED_FACE('',(#292),#2327,.T.);
#2433=ADVANCED_FACE('',(#293),#190,.F.);
#2434=ADVANCED_FACE('',(#294),#2328,.T.);
#2435=ADVANCED_FACE('',(#295),#191,.F.);
#2436=ADVANCED_FACE('',(#296),#2329,.T.);
#2437=ADVANCED_FACE('',(#297),#192,.F.);
#2438=ADVANCED_FACE('',(#298),#2330,.T.);
#2439=ADVANCED_FACE('',(#299),#193,.F.);
#2440=ADVANCED_FACE('',(#300),#2331,.T.);
#2441=ADVANCED_FACE('',(#301),#194,.F.);
#2442=ADVANCED_FACE('',(#302),#2332,.T.);
#2443=ADVANCED_FACE('',(#303),#195,.F.);
#2444=ADVANCED_FACE('',(#304),#2333,.T.);
#2445=ADVANCED_FACE('',(#305),#196,.F.);
#2446=ADVANCED_FACE('',(#306),#2334,.T.);
#2447=ADVANCED_FACE('',(#307),#197,.F.);
#2448=ADVANCED_FACE('',(#308),#2335,.T.);
#2449=ADVANCED_FACE('',(#309),#198,.F.);
#2450=ADVANCED_FACE('',(#310),#2336,.T.);
#2451=ADVANCED_FACE('',(#311),#199,.F.);
#2452=ADVANCED_FACE('',(#312),#2337,.T.);
#2453=ADVANCED_FACE('',(#313),#200,.F.);
#2454=ADVANCED_FACE('',(#314),#2338,.T.);
#2455=ADVANCED_FACE('',(#315),#201,.F.);
#2456=ADVANCED_FACE('',(#316),#2339,.T.);
#2457=ADVANCED_FACE('',(#317),#202,.F.);
#2458=ADVANCED_FACE('',(#318),#2340,.T.);
#2459=ADVANCED_FACE('',(#319),#203,.F.);
#2460=ADVANCED_FACE('',(#320),#2341,.T.);
#2461=ADVANCED_FACE('',(#321),#204,.F.);
#2462=ADVANCED_FACE('',(#322),#2342,.T.);
#2463=ADVANCED_FACE('',(#323),#205,.F.);
#2464=ADVANCED_FACE('',(#324),#2343,.T.);
#2465=ADVANCED_FACE('',(#325),#206,.F.);
#2466=ADVANCED_FACE('',(#326),#2344,.T.);
#2467=ADVANCED_FACE('',(#327),#207,.F.);
#2468=ADVANCED_FACE('',(#328),#2345,.T.);
#2469=ADVANCED_FACE('',(#329),#208,.F.);
#2470=ADVANCED_FACE('',(#330),#2346,.T.);
#2471=ADVANCED_FACE('',(#331),#209,.F.);
#2472=ADVANCED_FACE('',(#332),#2347,.T.);
#2473=ADVANCED_FACE('',(#333),#210,.F.);
#2474=ADVANCED_FACE('',(#334),#2348,.T.);
#2475=ADVANCED_FACE('',(#335),#211,.F.);
#2476=ADVANCED_FACE('',(#336),#2349,.T.);
#2477=ADVANCED_FACE('',(#337),#212,.F.);
#2478=ADVANCED_FACE('',(#338),#2350,.T.);
#2479=ADVANCED_FACE('',(#339),#213,.F.);
#2480=ADVANCED_FACE('',(#340),#2351,.T.);
#2481=ADVANCED_FACE('',(#341),#2352,.T.);
#2482=ADVANCED_FACE('',(#342,#47,#48,#49,#50,#51,#52,#53,#54,#55,#56,#57),
#2353,.T.);
#2483=CLOSED_SHELL('',(#2354,#2355,#2356,#2357,#2358,#2359,#2360,#2361,
#2362,#2363,#2364,#2365,#2366,#2367,#2368,#2369,#2370,#2371,#2372,#2373,
#2374,#2375,#2376,#2377,#2378,#2379,#2380,#2381,#2382,#2383));
#2484=CLOSED_SHELL('',(#2384,#2385,#2386,#2387,#2388,#2389,#2390,#2391,
#2392,#2393,#2394,#2395,#2396,#2397,#2398,#2399,#2400,#2401,#2402,#2403,
#2404,#2405,#2406,#2407,#2408,#2409,#2410,#2411,#2412,#2413,#2414,#2415,
#2416,#2417,#2418,#2419,#2420,#2421,#2422,#2423,#2424,#2425,#2426,#2427,
#2428,#2429,#2430,#2431,#2432,#2433,#2434,#2435,#2436,#2437,#2438,#2439,
#2440,#2441,#2442,#2443,#2444,#2445,#2446,#2447,#2448,#2449,#2450,#2451,
#2452,#2453,#2454,#2455,#2456,#2457,#2458,#2459,#2460,#2461,#2462,#2463,
#2464,#2465,#2466,#2467,#2468,#2469,#2470,#2471,#2472,#2473,#2474,#2475,
#2476,#2477,#2478,#2479,#2480,#2481,#2482));
#2485=DERIVED_UNIT_ELEMENT(#2487,1.);
#2486=DERIVED_UNIT_ELEMENT(#4158,-3.);
#2487=(
MASS_UNIT()
NAMED_UNIT(*)
SI_UNIT(.KILO.,.GRAM.)
);
#2488=DERIVED_UNIT((#2485,#2486));
#2489=MEASURE_REPRESENTATION_ITEM('density measure',
POSITIVE_RATIO_MEASURE(7850.),#2488);
#2490=PROPERTY_DEFINITION_REPRESENTATION(#2495,#2492);
#2491=PROPERTY_DEFINITION_REPRESENTATION(#2496,#2493);
#2492=REPRESENTATION('material name',(#2494),#4155);
#2493=REPRESENTATION('density',(#2489),#4155);
#2494=DESCRIPTIVE_REPRESENTATION_ITEM('Stahl','Stahl');
#2495=PROPERTY_DEFINITION('material property','material name',#4165);
#2496=PROPERTY_DEFINITION('material property','density of part',#4165);
#2497=AXIS2_PLACEMENT_3D('',#3443,#2731,#2732);
#2498=AXIS2_PLACEMENT_3D('',#3444,#2733,#2734);
#2499=AXIS2_PLACEMENT_3D('',#3461,#2743,#2744);
#2500=AXIS2_PLACEMENT_3D('',#3467,#2748,#2749);
#2501=AXIS2_PLACEMENT_3D('',#3473,#2753,#2754);
#2502=AXIS2_PLACEMENT_3D('',#3476,#2757,#2758);
#2503=AXIS2_PLACEMENT_3D('',#3479,#2759,#2760);
#2504=AXIS2_PLACEMENT_3D('',#3483,#2762,#2763);
#2505=AXIS2_PLACEMENT_3D('',#3485,#2765,#2766);
#2506=AXIS2_PLACEMENT_3D('',#3489,#2768,#2769);
#2507=AXIS2_PLACEMENT_3D('',#3493,#2771,#2772);
#2508=AXIS2_PLACEMENT_3D('',#3497,#2774,#2775);
#2509=AXIS2_PLACEMENT_3D('',#3500,#2777,#2778);
#2510=AXIS2_PLACEMENT_3D('',#3502,#2779,#2780);
#2511=AXIS2_PLACEMENT_3D('',#3504,#2781,#2782);
#2512=AXIS2_PLACEMENT_3D('',#3506,#2783,#2784);
#2513=AXIS2_PLACEMENT_3D('',#3507,#2785,#2786);
#2514=AXIS2_PLACEMENT_3D('',#3511,#2789,#2790);
#2515=AXIS2_PLACEMENT_3D('',#3513,#2791,#2792);
#2516=AXIS2_PLACEMENT_3D('',#3515,#2794,#2795);
#2517=AXIS2_PLACEMENT_3D('',#3518,#2796,#2797);
#2518=AXIS2_PLACEMENT_3D('',#3521,#2800,#2801);
#2519=AXIS2_PLACEMENT_3D('',#3525,#2804,#2805);
#2520=AXIS2_PLACEMENT_3D('',#3527,#2806,#2807);
#2521=AXIS2_PLACEMENT_3D('',#3529,#2809,#2810);
#2522=AXIS2_PLACEMENT_3D('',#3532,#2812,#2813);
#2523=AXIS2_PLACEMENT_3D('',#3533,#2814,#2815);
#2524=AXIS2_PLACEMENT_3D('',#3535,#2816,#2817);
#2525=AXIS2_PLACEMENT_3D('',#3536,#2818,#2819);
#2526=AXIS2_PLACEMENT_3D('',#3539,#2821,#2822);
#2527=AXIS2_PLACEMENT_3D('',#3540,#2823,#2824);
#2528=AXIS2_PLACEMENT_3D('',#3542,#2825,#2826);
#2529=AXIS2_PLACEMENT_3D('',#3543,#2827,#2828);
#2530=AXIS2_PLACEMENT_3D('',#3546,#2830,#2831);
#2531=AXIS2_PLACEMENT_3D('',#3547,#2832,#2833);
#2532=AXIS2_PLACEMENT_3D('',#3549,#2834,#2835);
#2533=AXIS2_PLACEMENT_3D('',#3550,#2836,#2837);
#2534=AXIS2_PLACEMENT_3D('',#3553,#2839,#2840);
#2535=AXIS2_PLACEMENT_3D('',#3554,#2841,#2842);
#2536=AXIS2_PLACEMENT_3D('',#3556,#2843,#2844);
#2537=AXIS2_PLACEMENT_3D('',#3557,#2845,#2846);
#2538=AXIS2_PLACEMENT_3D('',#3559,#2847,#2848);
#2539=AXIS2_PLACEMENT_3D('',#3561,#2850,#2851);
#2540=AXIS2_PLACEMENT_3D('',#3563,#2852,#2853);
#2541=AXIS2_PLACEMENT_3D('',#3565,#2855,#2856);
#2542=AXIS2_PLACEMENT_3D('',#3567,#2857,#2858);
#2543=AXIS2_PLACEMENT_3D('',#3569,#2860,#2861);
#2544=AXIS2_PLACEMENT_3D('',#3571,#2862,#2863);
#2545=AXIS2_PLACEMENT_3D('',#3573,#2865,#2866);
#2546=AXIS2_PLACEMENT_3D('',#3579,#2870,#2871);
#2547=AXIS2_PLACEMENT_3D('',#3583,#2874,#2875);
#2548=AXIS2_PLACEMENT_3D('',#3585,#2877,#2878);
#2549=AXIS2_PLACEMENT_3D('',#3589,#2881,#2882);
#2550=AXIS2_PLACEMENT_3D('',#3591,#2884,#2885);
#2551=AXIS2_PLACEMENT_3D('',#3593,#2887,#2888);
#2552=AXIS2_PLACEMENT_3D('',#3594,#2889,#2890);
#2553=AXIS2_PLACEMENT_3D('',#3597,#2891,#2892);
#2554=AXIS2_PLACEMENT_3D('',#3601,#2894,#2895);
#2555=AXIS2_PLACEMENT_3D('',#3603,#2897,#2898);
#2556=AXIS2_PLACEMENT_3D('',#3607,#2900,#2901);
#2557=AXIS2_PLACEMENT_3D('',#3611,#2903,#2904);
#2558=AXIS2_PLACEMENT_3D('',#3615,#2906,#2907);
#2559=AXIS2_PLACEMENT_3D('',#3626,#2913,#2914);
#2560=AXIS2_PLACEMENT_3D('',#3628,#2915,#2916);
#2561=AXIS2_PLACEMENT_3D('',#3630,#2917,#2918);
#2562=AXIS2_PLACEMENT_3D('',#3632,#2919,#2920);
#2563=AXIS2_PLACEMENT_3D('',#3633,#2921,#2922);
#2564=AXIS2_PLACEMENT_3D('',#3637,#2925,#2926);
#2565=AXIS2_PLACEMENT_3D('',#3639,#2927,#2928);
#2566=AXIS2_PLACEMENT_3D('',#3641,#2930,#2931);
#2567=AXIS2_PLACEMENT_3D('',#3645,#2933,#2934);
#2568=AXIS2_PLACEMENT_3D('',#3647,#2936,#2937);
#2569=AXIS2_PLACEMENT_3D('',#3651,#2940,#2941);
#2570=AXIS2_PLACEMENT_3D('',#3653,#2942,#2943);
#2571=AXIS2_PLACEMENT_3D('',#3655,#2945,#2946);
#2572=AXIS2_PLACEMENT_3D('',#3658,#2948,#2949);
#2573=AXIS2_PLACEMENT_3D('',#3659,#2950,#2951);
#2574=AXIS2_PLACEMENT_3D('',#3660,#2952,#2953);
#2575=AXIS2_PLACEMENT_3D('',#3663,#2955,#2956);
#2576=AXIS2_PLACEMENT_3D('',#3664,#2957,#2958);
#2577=AXIS2_PLACEMENT_3D('',#3665,#2959,#2960);
#2578=AXIS2_PLACEMENT_3D('',#3668,#2962,#2963);
#2579=AXIS2_PLACEMENT_3D('',#3669,#2964,#2965);
#2580=AXIS2_PLACEMENT_3D('',#3670,#2966,#2967);
#2581=AXIS2_PLACEMENT_3D('',#3673,#2969,#2970);
#2582=AXIS2_PLACEMENT_3D('',#3674,#2971,#2972);
#2583=AXIS2_PLACEMENT_3D('',#3675,#2973,#2974);
#2584=AXIS2_PLACEMENT_3D('',#3681,#2978,#2979);
#2585=AXIS2_PLACEMENT_3D('',#3685,#2982,#2983);
#2586=AXIS2_PLACEMENT_3D('',#3689,#2986,#2987);
#2587=AXIS2_PLACEMENT_3D('',#3691,#2989,#2990);
#2588=AXIS2_PLACEMENT_3D('',#3702,#2995,#2996);
#2589=AXIS2_PLACEMENT_3D('',#3706,#2998,#2999);
#2590=AXIS2_PLACEMENT_3D('',#3710,#3001,#3002);
#2591=AXIS2_PLACEMENT_3D('',#3714,#3004,#3005);
#2592=AXIS2_PLACEMENT_3D('',#3718,#3007,#3008);
#2593=AXIS2_PLACEMENT_3D('',#3722,#3010,#3011);
#2594=AXIS2_PLACEMENT_3D('',#3726,#3013,#3014);
#2595=AXIS2_PLACEMENT_3D('',#3730,#3016,#3017);
#2596=AXIS2_PLACEMENT_3D('',#3734,#3019,#3020);
#2597=AXIS2_PLACEMENT_3D('',#3738,#3022,#3023);
#2598=AXIS2_PLACEMENT_3D('',#3742,#3025,#3026);
#2599=AXIS2_PLACEMENT_3D('',#3746,#3028,#3029);
#2600=AXIS2_PLACEMENT_3D('',#3750,#3031,#3032);
#2601=AXIS2_PLACEMENT_3D('',#3754,#3034,#3035);
#2602=AXIS2_PLACEMENT_3D('',#3758,#3037,#3038);
#2603=AXIS2_PLACEMENT_3D('',#3762,#3040,#3041);
#2604=AXIS2_PLACEMENT_3D('',#3766,#3043,#3044);
#2605=AXIS2_PLACEMENT_3D('',#3770,#3046,#3047);
#2606=AXIS2_PLACEMENT_3D('',#3774,#3049,#3050);
#2607=AXIS2_PLACEMENT_3D('',#3778,#3052,#3053);
#2608=AXIS2_PLACEMENT_3D('',#3782,#3055,#3056);
#2609=AXIS2_PLACEMENT_3D('',#3786,#3058,#3059);
#2610=AXIS2_PLACEMENT_3D('',#3790,#3061,#3062);
#2611=AXIS2_PLACEMENT_3D('',#3794,#3064,#3065);
#2612=AXIS2_PLACEMENT_3D('',#3798,#3067,#3068);
#2613=AXIS2_PLACEMENT_3D('',#3802,#3070,#3071);
#2614=AXIS2_PLACEMENT_3D('',#3806,#3073,#3074);
#2615=AXIS2_PLACEMENT_3D('',#3810,#3076,#3077);
#2616=AXIS2_PLACEMENT_3D('',#3814,#3079,#3080);
#2617=AXIS2_PLACEMENT_3D('',#3818,#3082,#3083);
#2618=AXIS2_PLACEMENT_3D('',#3822,#3085,#3086);
#2619=AXIS2_PLACEMENT_3D('',#3826,#3088,#3089);
#2620=AXIS2_PLACEMENT_3D('',#3844,#3099,#3100);
#2621=AXIS2_PLACEMENT_3D('',#3850,#3104,#3105);
#2622=AXIS2_PLACEMENT_3D('',#3854,#3108,#3109);
#2623=AXIS2_PLACEMENT_3D('',#3858,#3112,#3113);
#2624=AXIS2_PLACEMENT_3D('',#3860,#3115,#3116);
#2625=AXIS2_PLACEMENT_3D('',#3866,#3120,#3121);
#2626=AXIS2_PLACEMENT_3D('',#3870,#3124,#3125);
#2627=AXIS2_PLACEMENT_3D('',#3874,#3128,#3129);
#2628=AXIS2_PLACEMENT_3D('',#3876,#3131,#3132);
#2629=AXIS2_PLACEMENT_3D('',#3882,#3136,#3137);
#2630=AXIS2_PLACEMENT_3D('',#3886,#3140,#3141);
#2631=AXIS2_PLACEMENT_3D('',#3890,#3144,#3145);
#2632=AXIS2_PLACEMENT_3D('',#3892,#3147,#3148);
#2633=AXIS2_PLACEMENT_3D('',#3898,#3152,#3153);
#2634=AXIS2_PLACEMENT_3D('',#3900,#3154,#3155);
#2635=AXIS2_PLACEMENT_3D('',#3902,#3157,#3158);
#2636=AXIS2_PLACEMENT_3D('',#3906,#3161,#3162);
#2637=AXIS2_PLACEMENT_3D('',#3908,#3163,#3164);
#2638=AXIS2_PLACEMENT_3D('',#3910,#3166,#3167);
#2639=AXIS2_PLACEMENT_3D('',#3914,#3170,#3171);
#2640=AXIS2_PLACEMENT_3D('',#3916,#3172,#3173);
#2641=AXIS2_PLACEMENT_3D('',#3918,#3175,#3176);
#2642=AXIS2_PLACEMENT_3D('',#3922,#3179,#3180);
#2643=AXIS2_PLACEMENT_3D('',#3923,#3181,#3182);
#2644=AXIS2_PLACEMENT_3D('',#3924,#3183,#3184);
#2645=AXIS2_PLACEMENT_3D('',#3930,#3188,#3189);
#2646=AXIS2_PLACEMENT_3D('',#3932,#3190,#3191);
#2647=AXIS2_PLACEMENT_3D('',#3934,#3193,#3194);
#2648=AXIS2_PLACEMENT_3D('',#3938,#3197,#3198);
#2649=AXIS2_PLACEMENT_3D('',#3940,#3199,#3200);
#2650=AXIS2_PLACEMENT_3D('',#3942,#3202,#3203);
#2651=AXIS2_PLACEMENT_3D('',#3946,#3206,#3207);
#2652=AXIS2_PLACEMENT_3D('',#3948,#3208,#3209);
#2653=AXIS2_PLACEMENT_3D('',#3950,#3211,#3212);
#2654=AXIS2_PLACEMENT_3D('',#3954,#3215,#3216);
#2655=AXIS2_PLACEMENT_3D('',#3955,#3217,#3218);
#2656=AXIS2_PLACEMENT_3D('',#3956,#3219,#3220);
#2657=AXIS2_PLACEMENT_3D('',#3962,#3224,#3225);
#2658=AXIS2_PLACEMENT_3D('',#3964,#3226,#3227);
#2659=AXIS2_PLACEMENT_3D('',#3966,#3229,#3230);
#2660=AXIS2_PLACEMENT_3D('',#3970,#3233,#3234);
#2661=AXIS2_PLACEMENT_3D('',#3972,#3235,#3236);
#2662=AXIS2_PLACEMENT_3D('',#3974,#3238,#3239);
#2663=AXIS2_PLACEMENT_3D('',#3978,#3242,#3243);
#2664=AXIS2_PLACEMENT_3D('',#3980,#3244,#3245);
#2665=AXIS2_PLACEMENT_3D('',#3982,#3247,#3248);
#2666=AXIS2_PLACEMENT_3D('',#3986,#3251,#3252);
#2667=AXIS2_PLACEMENT_3D('',#3987,#3253,#3254);
#2668=AXIS2_PLACEMENT_3D('',#3988,#3255,#3256);
#2669=AXIS2_PLACEMENT_3D('',#3994,#3260,#3261);
#2670=AXIS2_PLACEMENT_3D('',#3996,#3262,#3263);
#2671=AXIS2_PLACEMENT_3D('',#3998,#3265,#3266);
#2672=AXIS2_PLACEMENT_3D('',#4002,#3269,#3270);
#2673=AXIS2_PLACEMENT_3D('',#4004,#3271,#3272);
#2674=AXIS2_PLACEMENT_3D('',#4006,#3274,#3275);
#2675=AXIS2_PLACEMENT_3D('',#4010,#3278,#3279);
#2676=AXIS2_PLACEMENT_3D('',#4012,#3280,#3281);
#2677=AXIS2_PLACEMENT_3D('',#4014,#3283,#3284);
#2678=AXIS2_PLACEMENT_3D('',#4018,#3287,#3288);
#2679=AXIS2_PLACEMENT_3D('',#4019,#3289,#3290);
#2680=AXIS2_PLACEMENT_3D('',#4020,#3291,#3292);
#2681=AXIS2_PLACEMENT_3D('',#4026,#3296,#3297);
#2682=AXIS2_PLACEMENT_3D('',#4028,#3298,#3299);
#2683=AXIS2_PLACEMENT_3D('',#4030,#3301,#3302);
#2684=AXIS2_PLACEMENT_3D('',#4034,#3305,#3306);
#2685=AXIS2_PLACEMENT_3D('',#4036,#3307,#3308);
#2686=AXIS2_PLACEMENT_3D('',#4038,#3310,#3311);
#2687=AXIS2_PLACEMENT_3D('',#4042,#3314,#3315);
#2688=AXIS2_PLACEMENT_3D('',#4044,#3316,#3317);
#2689=AXIS2_PLACEMENT_3D('',#4046,#3319,#3320);
#2690=AXIS2_PLACEMENT_3D('',#4050,#3323,#3324);
#2691=AXIS2_PLACEMENT_3D('',#4051,#3325,#3326);
#2692=AXIS2_PLACEMENT_3D('',#4052,#3327,#3328);
#2693=AXIS2_PLACEMENT_3D('',#4058,#3332,#3333);
#2694=AXIS2_PLACEMENT_3D('',#4060,#3334,#3335);
#2695=AXIS2_PLACEMENT_3D('',#4062,#3337,#3338);
#2696=AXIS2_PLACEMENT_3D('',#4066,#3341,#3342);
#2697=AXIS2_PLACEMENT_3D('',#4068,#3343,#3344);
#2698=AXIS2_PLACEMENT_3D('',#4070,#3346,#3347);
#2699=AXIS2_PLACEMENT_3D('',#4074,#3350,#3351);
#2700=AXIS2_PLACEMENT_3D('',#4076,#3352,#3353);
#2701=AXIS2_PLACEMENT_3D('',#4078,#3355,#3356);
#2702=AXIS2_PLACEMENT_3D('',#4082,#3359,#3360);
#2703=AXIS2_PLACEMENT_3D('',#4083,#3361,#3362);
#2704=AXIS2_PLACEMENT_3D('',#4084,#3363,#3364);
#2705=AXIS2_PLACEMENT_3D('',#4090,#3368,#3369);
#2706=AXIS2_PLACEMENT_3D('',#4092,#3370,#3371);
#2707=AXIS2_PLACEMENT_3D('',#4094,#3373,#3374);
#2708=AXIS2_PLACEMENT_3D('',#4098,#3377,#3378);
#2709=AXIS2_PLACEMENT_3D('',#4100,#3379,#3380);
#2710=AXIS2_PLACEMENT_3D('',#4102,#3382,#3383);
#2711=AXIS2_PLACEMENT_3D('',#4106,#3386,#3387);
#2712=AXIS2_PLACEMENT_3D('',#4108,#3388,#3389);
#2713=AXIS2_PLACEMENT_3D('',#4110,#3391,#3392);
#2714=AXIS2_PLACEMENT_3D('',#4114,#3395,#3396);
#2715=AXIS2_PLACEMENT_3D('',#4115,#3397,#3398);
#2716=AXIS2_PLACEMENT_3D('',#4116,#3399,#3400);
#2717=AXIS2_PLACEMENT_3D('',#4122,#3404,#3405);
#2718=AXIS2_PLACEMENT_3D('',#4124,#3406,#3407);
#2719=AXIS2_PLACEMENT_3D('',#4126,#3409,#3410);
#2720=AXIS2_PLACEMENT_3D('',#4130,#3413,#3414);
#2721=AXIS2_PLACEMENT_3D('',#4132,#3415,#3416);
#2722=AXIS2_PLACEMENT_3D('',#4134,#3418,#3419);
#2723=AXIS2_PLACEMENT_3D('',#4138,#3422,#3423);
#2724=AXIS2_PLACEMENT_3D('',#4140,#3424,#3425);
#2725=AXIS2_PLACEMENT_3D('',#4142,#3427,#3428);
#2726=AXIS2_PLACEMENT_3D('',#4146,#3431,#3432);
#2727=AXIS2_PLACEMENT_3D('',#4147,#3433,#3434);
#2728=AXIS2_PLACEMENT_3D('',#4148,#3435,#3436);
#2729=AXIS2_PLACEMENT_3D('',#4150,#3438,#3439);
#2730=AXIS2_PLACEMENT_3D('',#4152,#3441,#3442);
#2731=DIRECTION('axis',(0.,0.,1.));
#2732=DIRECTION('refdir',(1.,0.,0.));
#2733=DIRECTION('center_axis',(0.,0.,-1.));
#2734=DIRECTION('ref_axis',(1.,0.,0.));
#2735=DIRECTION('',(0.,-1.,0.));
#2736=DIRECTION('',(1.,0.,0.));
#2737=DIRECTION('',(0.,1.,0.));
#2738=DIRECTION('',(1.,0.,0.));
#2739=DIRECTION('',(-4.19331558653519E-34,1.,0.));
#2740=DIRECTION('',(-1.,-4.8031666893919E-33,0.));
#2741=DIRECTION('',(0.,-1.,0.));
#2742=DIRECTION('',(1.,0.,0.));
#2743=DIRECTION('center_axis',(-1.,0.,0.));
#2744=DIRECTION('ref_axis',(0.,0.,-1.));
#2745=DIRECTION('',(0.,0.,1.));
#2746=DIRECTION('',(0.,0.,-1.));
#2747=DIRECTION('',(0.,-1.,0.));
#2748=DIRECTION('center_axis',(0.,0.,1.));
#2749=DIRECTION('ref_axis',(-1.,0.,0.));
#2750=DIRECTION('',(1.,0.,0.));
#2751=DIRECTION('',(-1.,0.,0.));
#2752=DIRECTION('',(0.,1.,0.));
#2753=DIRECTION('center_axis',(1.,0.,0.));
#2754=DIRECTION('ref_axis',(0.,0.,1.));
#2755=DIRECTION('',(0.,0.,-1.));
#2756=DIRECTION('',(0.,0.,1.));
#2757=DIRECTION('center_axis',(0.,0.,1.));
#2758=DIRECTION('ref_axis',(0.707106781186547,0.707106781186548,0.));
#2759=DIRECTION('center_axis',(0.,0.,-1.));
#2760=DIRECTION('ref_axis',(0.707106781186547,0.707106781186548,0.));
#2761=DIRECTION('',(0.,0.,-1.));
#2762=DIRECTION('center_axis',(0.,0.,1.));
#2763=DIRECTION('ref_axis',(0.707106781186547,0.707106781186548,0.));
#2764=DIRECTION('',(0.,0.,1.));
#2765=DIRECTION('center_axis',(0.,0.,-1.));
#2766=DIRECTION('ref_axis',(-1.,0.,0.));
#2767=DIRECTION('',(0.,-1.,0.));
#2768=DIRECTION('center_axis',(0.,0.,1.));
#2769=DIRECTION('ref_axis',(0.707106781186547,-0.707106781186548,0.));
#2770=DIRECTION('',(-1.,0.,0.));
#2771=DIRECTION('center_axis',(0.,0.,1.));
#2772=DIRECTION('ref_axis',(-0.707106781186547,-0.707106781186548,0.));
#2773=DIRECTION('',(0.,1.,0.));
#2774=DIRECTION('center_axis',(0.,0.,1.));
#2775=DIRECTION('ref_axis',(-0.707106781186548,0.707106781186547,0.));
#2776=DIRECTION('',(1.,0.,0.));
#2777=DIRECTION('center_axis',(0.,0.,1.));
#2778=DIRECTION('ref_axis',(1.,0.,0.));
#2779=DIRECTION('center_axis',(0.,0.,1.));
#2780=DIRECTION('ref_axis',(1.,0.,0.));
#2781=DIRECTION('center_axis',(0.,0.,1.));
#2782=DIRECTION('ref_axis',(1.,0.,0.));
#2783=DIRECTION('center_axis',(0.,0.,1.));
#2784=DIRECTION('ref_axis',(1.,0.,0.));
#2785=DIRECTION('center_axis',(1.,0.,0.));
#2786=DIRECTION('ref_axis',(0.,1.,0.));
#2787=DIRECTION('',(0.,1.,0.));
#2788=DIRECTION('',(0.,0.,1.));
#2789=DIRECTION('center_axis',(0.,0.,1.));
#2790=DIRECTION('ref_axis',(0.707106781186547,-0.707106781186548,0.));
#2791=DIRECTION('center_axis',(0.,0.,-1.));
#2792=DIRECTION('ref_axis',(0.707106781186547,-0.707106781186548,0.));
#2793=DIRECTION('',(0.,0.,-1.));
#2794=DIRECTION('center_axis',(0.,0.,1.));
#2795=DIRECTION('ref_axis',(-0.707106781186547,-0.707106781186548,0.));
#2796=DIRECTION('center_axis',(0.,0.,-1.));
#2797=DIRECTION('ref_axis',(-0.707106781186547,-0.707106781186548,0.));
#2798=DIRECTION('',(0.,0.,-1.));
#2799=DIRECTION('',(0.,0.,1.));
#2800=DIRECTION('center_axis',(-1.,0.,0.));
#2801=DIRECTION('ref_axis',(0.,-1.,0.));
#2802=DIRECTION('',(0.,-1.,0.));
#2803=DIRECTION('',(0.,0.,1.));
#2804=DIRECTION('center_axis',(0.,0.,1.));
#2805=DIRECTION('ref_axis',(-0.707106781186548,0.707106781186547,0.));
#2806=DIRECTION('center_axis',(0.,0.,-1.));
#2807=DIRECTION('ref_axis',(-0.707106781186548,0.707106781186547,0.));
#2808=DIRECTION('',(0.,0.,-1.));
#2809=DIRECTION('center_axis',(0.,0.,1.));
#2810=DIRECTION('ref_axis',(1.,0.,0.));
#2811=DIRECTION('',(0.,0.,1.));
#2812=DIRECTION('center_axis',(0.,0.,1.));
#2813=DIRECTION('ref_axis',(1.,0.,0.));
#2814=DIRECTION('center_axis',(0.,0.,-1.));
#2815=DIRECTION('ref_axis',(1.,0.,0.));
#2816=DIRECTION('center_axis',(0.,0.,-1.));
#2817=DIRECTION('ref_axis',(1.,0.,0.));
#2818=DIRECTION('center_axis',(0.,0.,1.));
#2819=DIRECTION('ref_axis',(1.,0.,0.));
#2820=DIRECTION('',(0.,0.,1.));
#2821=DIRECTION('center_axis',(0.,0.,1.));
#2822=DIRECTION('ref_axis',(1.,0.,0.));
#2823=DIRECTION('center_axis',(0.,0.,-1.));
#2824=DIRECTION('ref_axis',(1.,0.,0.));
#2825=DIRECTION('center_axis',(0.,0.,-1.));
#2826=DIRECTION('ref_axis',(1.,0.,0.));
#2827=DIRECTION('center_axis',(0.,0.,1.));
#2828=DIRECTION('ref_axis',(1.,0.,0.));
#2829=DIRECTION('',(0.,0.,1.));
#2830=DIRECTION('center_axis',(0.,0.,1.));
#2831=DIRECTION('ref_axis',(1.,0.,0.));
#2832=DIRECTION('center_axis',(0.,0.,-1.));
#2833=DIRECTION('ref_axis',(1.,0.,0.));
#2834=DIRECTION('center_axis',(0.,0.,-1.));
#2835=DIRECTION('ref_axis',(1.,0.,0.));
#2836=DIRECTION('center_axis',(0.,0.,1.));
#2837=DIRECTION('ref_axis',(1.,0.,0.));
#2838=DIRECTION('',(0.,0.,1.));
#2839=DIRECTION('center_axis',(0.,0.,1.));
#2840=DIRECTION('ref_axis',(1.,0.,0.));
#2841=DIRECTION('center_axis',(0.,0.,-1.));
#2842=DIRECTION('ref_axis',(1.,0.,0.));
#2843=DIRECTION('center_axis',(0.,0.,-1.));
#2844=DIRECTION('ref_axis',(1.,0.,0.));
#2845=DIRECTION('center_axis',(0.,0.,-1.));
#2846=DIRECTION('ref_axis',(1.,0.,0.));
#2847=DIRECTION('center_axis',(0.,0.,-1.));
#2848=DIRECTION('ref_axis',(1.,0.,0.));
#2849=DIRECTION('',(0.,0.,-1.));
#2850=DIRECTION('center_axis',(0.,0.,-1.));
#2851=DIRECTION('ref_axis',(1.,0.,0.));
#2852=DIRECTION('center_axis',(0.,0.,-1.));
#2853=DIRECTION('ref_axis',(1.,0.,0.));
#2854=DIRECTION('',(0.,0.,-1.));
#2855=DIRECTION('center_axis',(0.,0.,-1.));
#2856=DIRECTION('ref_axis',(1.,0.,0.));
#2857=DIRECTION('center_axis',(0.,0.,-1.));
#2858=DIRECTION('ref_axis',(1.,0.,0.));
#2859=DIRECTION('',(0.,0.,-1.));
#2860=DIRECTION('center_axis',(0.,0.,-1.));
#2861=DIRECTION('ref_axis',(1.,0.,0.));
#2862=DIRECTION('center_axis',(0.,0.,-1.));
#2863=DIRECTION('ref_axis',(1.,0.,0.));
#2864=DIRECTION('',(0.,0.,-1.));
#2865=DIRECTION('center_axis',(-4.8031666893919E-33,1.,0.));
#2866=DIRECTION('ref_axis',(-1.,-4.8031666893919E-33,0.));
#2867=DIRECTION('',(-1.,-4.8031666893919E-33,0.));
#2868=DIRECTION('',(0.,0.,1.));
#2869=DIRECTION('',(0.,0.,1.));
#2870=DIRECTION('center_axis',(1.,4.19331558653519E-34,0.));
#2871=DIRECTION('ref_axis',(-4.19331558653519E-34,1.,0.));
#2872=DIRECTION('',(0.,0.,1.));
#2873=DIRECTION('',(-4.19331558653519E-34,1.,0.));
#2874=DIRECTION('center_axis',(0.,-1.,0.));
#2875=DIRECTION('ref_axis',(1.,0.,0.));
#2876=DIRECTION('',(1.,0.,0.));
#2877=DIRECTION('center_axis',(0.,-1.,0.));
#2878=DIRECTION('ref_axis',(1.,0.,0.));
#2879=DIRECTION('',(0.,0.,1.));
#2880=DIRECTION('',(1.,0.,0.));
#2881=DIRECTION('center_axis',(-1.,0.,0.));
#2882=DIRECTION('ref_axis',(0.,-1.,0.));
#2883=DIRECTION('',(0.,-1.,0.));
#2884=DIRECTION('center_axis',(0.,1.,0.));
#2885=DIRECTION('ref_axis',(-1.,0.,0.));
#2886=DIRECTION('',(-1.,0.,0.));
#2887=DIRECTION('center_axis',(0.,0.,1.));
#2888=DIRECTION('ref_axis',(1.,0.,0.));
#2889=DIRECTION('center_axis',(0.,0.,-1.));
#2890=DIRECTION('ref_axis',(0.707106781186547,-0.707106781186548,0.));
#2891=DIRECTION('center_axis',(0.,0.,1.));
#2892=DIRECTION('ref_axis',(0.707106781186547,-0.707106781186548,0.));
#2893=DIRECTION('',(0.,0.,1.));
#2894=DIRECTION('center_axis',(0.,0.,-1.));
#2895=DIRECTION('ref_axis',(0.707106781186547,-0.707106781186548,0.));
#2896=DIRECTION('',(0.,0.,-1.));
#2897=DIRECTION('center_axis',(0.,0.,-1.));
#2898=DIRECTION('ref_axis',(-1.,0.,0.));
#2899=DIRECTION('',(-1.,0.,0.));
#2900=DIRECTION('center_axis',(0.,0.,1.));
#2901=DIRECTION('ref_axis',(-0.707106781186548,-0.707106781186547,0.));
#2902=DIRECTION('',(0.,1.,0.));
#2903=DIRECTION('center_axis',(0.,0.,1.));
#2904=DIRECTION('ref_axis',(-0.707106781186547,0.707106781186548,0.));
#2905=DIRECTION('',(1.,0.,0.));
#2906=DIRECTION('center_axis',(0.,0.,1.));
#2907=DIRECTION('ref_axis',(0.707106781186548,0.707106781186548,0.));
#2908=DIRECTION('',(0.,-1.,0.));
#2909=DIRECTION('',(1.,0.,0.));
#2910=DIRECTION('',(0.,1.,0.));
#2911=DIRECTION('',(-1.,0.,0.));
#2912=DIRECTION('',(0.,-1.,0.));
#2913=DIRECTION('center_axis',(0.,0.,1.));
#2914=DIRECTION('ref_axis',(1.,0.,0.));
#2915=DIRECTION('center_axis',(0.,0.,1.));
#2916=DIRECTION('ref_axis',(1.,0.,0.));
#2917=DIRECTION('center_axis',(0.,0.,1.));
#2918=DIRECTION('ref_axis',(1.,0.,0.));
#2919=DIRECTION('center_axis',(0.,0.,1.));
#2920=DIRECTION('ref_axis',(1.,0.,0.));
#2921=DIRECTION('center_axis',(0.,-1.,0.));
#2922=DIRECTION('ref_axis',(-1.,0.,0.));
#2923=DIRECTION('',(1.,0.,0.));
#2924=DIRECTION('',(0.,0.,1.));
#2925=DIRECTION('center_axis',(0.,0.,-1.));
#2926=DIRECTION('ref_axis',(-0.707106781186548,-0.707106781186547,0.));
#2927=DIRECTION('center_axis',(0.,0.,-1.));
#2928=DIRECTION('ref_axis',(-0.707106781186548,-0.707106781186547,0.));
#2929=DIRECTION('',(0.,0.,-1.));
#2930=DIRECTION('center_axis',(0.,0.,-1.));
#2931=DIRECTION('ref_axis',(-0.707106781186547,0.707106781186548,0.));
#2932=DIRECTION('',(0.,0.,1.));
#2933=DIRECTION('center_axis',(0.,0.,-1.));
#2934=DIRECTION('ref_axis',(-0.707106781186547,0.707106781186548,0.));
#2935=DIRECTION('',(0.,0.,-1.));
#2936=DIRECTION('center_axis',(0.,1.,0.));
#2937=DIRECTION('ref_axis',(1.,0.,0.));
#2938=DIRECTION('',(-1.,0.,0.));
#2939=DIRECTION('',(0.,0.,1.));
#2940=DIRECTION('center_axis',(0.,0.,-1.));
#2941=DIRECTION('ref_axis',(0.707106781186548,0.707106781186548,0.));
#2942=DIRECTION('center_axis',(0.,0.,-1.));
#2943=DIRECTION('ref_axis',(0.707106781186548,0.707106781186548,0.));
#2944=DIRECTION('',(0.,0.,-1.));
#2945=DIRECTION('center_axis',(0.,0.,1.));
#2946=DIRECTION('ref_axis',(1.,0.,0.));
#2947=DIRECTION('',(0.,0.,1.));
#2948=DIRECTION('center_axis',(0.,0.,1.));
#2949=DIRECTION('ref_axis',(1.,0.,0.));
#2950=DIRECTION('center_axis',(0.,0.,-1.));
#2951=DIRECTION('ref_axis',(1.,0.,0.));
#2952=DIRECTION('center_axis',(0.,0.,1.));
#2953=DIRECTION('ref_axis',(1.,0.,0.));
#2954=DIRECTION('',(0.,0.,1.));
#2955=DIRECTION('center_axis',(0.,0.,1.));
#2956=DIRECTION('ref_axis',(1.,0.,0.));
#2957=DIRECTION('center_axis',(0.,0.,-1.));
#2958=DIRECTION('ref_axis',(1.,0.,0.));
#2959=DIRECTION('center_axis',(0.,0.,1.));
#2960=DIRECTION('ref_axis',(1.,0.,0.));
#2961=DIRECTION('',(0.,0.,1.));
#2962=DIRECTION('center_axis',(0.,0.,1.));
#2963=DIRECTION('ref_axis',(1.,0.,0.));
#2964=DIRECTION('center_axis',(0.,0.,-1.));
#2965=DIRECTION('ref_axis',(1.,0.,0.));
#2966=DIRECTION('center_axis',(0.,0.,1.));
#2967=DIRECTION('ref_axis',(1.,0.,0.));
#2968=DIRECTION('',(0.,0.,1.));
#2969=DIRECTION('center_axis',(0.,0.,1.));
#2970=DIRECTION('ref_axis',(1.,0.,0.));
#2971=DIRECTION('center_axis',(0.,0.,-1.));
#2972=DIRECTION('ref_axis',(1.,0.,0.));
#2973=DIRECTION('center_axis',(1.,0.,0.));
#2974=DIRECTION('ref_axis',(0.,-1.,0.));
#2975=DIRECTION('',(0.,1.,0.));
#2976=DIRECTION('',(0.,0.,-1.));
#2977=DIRECTION('',(0.,0.,-1.));
#2978=DIRECTION('center_axis',(0.,-1.,0.));
#2979=DIRECTION('ref_axis',(-1.,0.,0.));
#2980=DIRECTION('',(1.,0.,0.));
#2981=DIRECTION('',(0.,0.,-1.));
#2982=DIRECTION('center_axis',(-1.,0.,0.));
#2983=DIRECTION('ref_axis',(0.,1.,0.));
#2984=DIRECTION('',(0.,-1.,0.));
#2985=DIRECTION('',(0.,0.,-1.));
#2986=DIRECTION('center_axis',(0.,1.,0.));
#2987=DIRECTION('ref_axis',(1.,0.,0.));
#2988=DIRECTION('',(-1.,0.,0.));
#2989=DIRECTION('center_axis',(0.,0.,1.));
#2990=DIRECTION('ref_axis',(-1.,0.,0.));
#2991=DIRECTION('',(1.,0.,0.));
#2992=DIRECTION('',(0.,1.,0.));
#2993=DIRECTION('',(-1.,0.,0.));
#2994=DIRECTION('',(0.,-1.,0.));
#2995=DIRECTION('center_axis',(0.,0.,1.));
#2996=DIRECTION('ref_axis',(0.,1.,0.));
#2997=DIRECTION('',(-6.83214169000096E-16,-1.,0.));
#2998=DIRECTION('center_axis',(0.,0.,1.));
#2999=DIRECTION('ref_axis',(-1.,4.44089209850064E-15,0.));
#3000=DIRECTION('',(1.,-1.70803542250024E-16,0.));
#3001=DIRECTION('center_axis',(0.,0.,1.));
#3002=DIRECTION('ref_axis',(3.55271367880045E-14,-1.,0.));
#3003=DIRECTION('',(6.83214169000096E-16,1.,0.));
#3004=DIRECTION('center_axis',(0.,0.,1.));
#3005=DIRECTION('ref_axis',(1.,4.44089209850064E-15,0.));
#3006=DIRECTION('',(-1.,-1.70803542250024E-16,0.));
#3007=DIRECTION('center_axis',(0.,0.,1.));
#3008=DIRECTION('ref_axis',(0.,1.,0.));
#3009=DIRECTION('',(6.83214169000096E-16,-1.,0.));
#3010=DIRECTION('center_axis',(0.,0.,1.));
#3011=DIRECTION('ref_axis',(-1.,-8.88178419700128E-15,0.));
#3012=DIRECTION('',(1.,-3.41607084500048E-16,0.));
#3013=DIRECTION('center_axis',(0.,0.,1.));
#3014=DIRECTION('ref_axis',(0.,-1.,0.));
#3015=DIRECTION('',(0.,1.,0.));
#3016=DIRECTION('center_axis',(0.,0.,1.));
#3017=DIRECTION('ref_axis',(1.,0.,0.));
#3018=DIRECTION('',(-1.,3.41607084500048E-16,0.));
#3019=DIRECTION('center_axis',(0.,0.,1.));
#3020=DIRECTION('ref_axis',(0.,1.,0.));
#3021=DIRECTION('',(0.,-1.,0.));
#3022=DIRECTION('center_axis',(0.,0.,1.));
#3023=DIRECTION('ref_axis',(-1.,-4.44089209850064E-15,0.));
#3024=DIRECTION('',(1.,-1.70803542250024E-16,0.));
#3025=DIRECTION('center_axis',(0.,0.,1.));
#3026=DIRECTION('ref_axis',(-1.77635683940026E-14,-1.,0.));
#3027=DIRECTION('',(0.,1.,0.));
#3028=DIRECTION('center_axis',(0.,0.,1.));
#3029=DIRECTION('ref_axis',(1.,-1.33226762955019E-14,0.));
#3030=DIRECTION('',(-1.,-8.54017711250121E-16,0.));
#3031=DIRECTION('center_axis',(0.,0.,1.));
#3032=DIRECTION('ref_axis',(0.,1.,0.));
#3033=DIRECTION('',(6.83214169000096E-16,-1.,0.));
#3034=DIRECTION('center_axis',(0.,0.,1.));
#3035=DIRECTION('ref_axis',(-1.,-4.44089209850064E-15,0.));
#3036=DIRECTION('',(1.,-1.70803542250024E-16,0.));
#3037=DIRECTION('center_axis',(0.,0.,1.));
#3038=DIRECTION('ref_axis',(3.55271367880045E-14,-1.,0.));
#3039=DIRECTION('',(6.83214169000096E-16,1.,0.));
#3040=DIRECTION('center_axis',(0.,0.,1.));
#3041=DIRECTION('ref_axis',(1.,4.44089209850064E-15,0.));
#3042=DIRECTION('',(-1.,-1.70803542250024E-16,0.));
#3043=DIRECTION('center_axis',(0.,0.,1.));
#3044=DIRECTION('ref_axis',(0.,1.,0.));
#3045=DIRECTION('',(-6.83214169000096E-16,-1.,0.));
#3046=DIRECTION('center_axis',(0.,0.,1.));
#3047=DIRECTION('ref_axis',(-1.,8.88178419700128E-15,0.));
#3048=DIRECTION('',(1.,1.02482125350014E-15,0.));
#3049=DIRECTION('center_axis',(0.,0.,1.));
#3050=DIRECTION('ref_axis',(0.,-1.,0.));
#3051=DIRECTION('',(0.,1.,0.));
#3052=DIRECTION('center_axis',(0.,0.,1.));
#3053=DIRECTION('ref_axis',(1.,0.,0.));
#3054=DIRECTION('',(-1.,0.,0.));
#3055=DIRECTION('center_axis',(0.,0.,1.));
#3056=DIRECTION('ref_axis',(4.44089209850064E-15,1.,0.));
#3057=DIRECTION('',(2.56205313375036E-16,-1.,0.));
#3058=DIRECTION('center_axis',(0.,0.,1.));
#3059=DIRECTION('ref_axis',(-1.,-4.44089209850063E-15,0.));
#3060=DIRECTION('',(1.,-1.70803542250024E-16,0.));
#3061=DIRECTION('center_axis',(0.,0.,1.));
#3062=DIRECTION('ref_axis',(4.4408920985006E-15,-1.,0.));
#3063=DIRECTION('',(-1.70803542250024E-16,1.,0.));
#3064=DIRECTION('center_axis',(0.,0.,1.));
#3065=DIRECTION('ref_axis',(1.,4.44089209850066E-15,0.));
#3066=DIRECTION('',(-1.,5.12410626750072E-16,0.));
#3067=DIRECTION('center_axis',(0.,0.,1.));
#3068=DIRECTION('ref_axis',(0.,1.,0.));
#3069=DIRECTION('',(1.70803542250024E-16,-1.,0.));
#3070=DIRECTION('center_axis',(0.,0.,1.));
#3071=DIRECTION('ref_axis',(-1.,-8.88178419700124E-15,0.));
#3072=DIRECTION('',(1.,0.,0.));
#3073=DIRECTION('center_axis',(0.,0.,1.));
#3074=DIRECTION('ref_axis',(-4.44089209850064E-15,-1.,0.));
#3075=DIRECTION('',(-1.70803542250024E-16,1.,0.));
#3076=DIRECTION('center_axis',(0.,0.,1.));
#3077=DIRECTION('ref_axis',(1.,0.,0.));
#3078=DIRECTION('',(-1.,3.41607084500048E-16,0.));
#3079=DIRECTION('center_axis',(0.,0.,1.));
#3080=DIRECTION('ref_axis',(0.,1.,0.));
#3081=DIRECTION('',(0.,-1.,0.));
#3082=DIRECTION('center_axis',(0.,0.,1.));
#3083=DIRECTION('ref_axis',(-1.,0.,0.));
#3084=DIRECTION('',(1.,0.,0.));
#3085=DIRECTION('center_axis',(0.,0.,1.));
#3086=DIRECTION('ref_axis',(0.,-1.,0.));
#3087=DIRECTION('',(3.41607084500048E-16,1.,0.));
#3088=DIRECTION('center_axis',(0.,0.,1.));
#3089=DIRECTION('ref_axis',(1.,0.,0.));
#3090=DIRECTION('',(-1.,-6.83214169000096E-16,0.));
#3091=DIRECTION('',(1.,0.,0.));
#3092=DIRECTION('',(0.,1.,0.));
#3093=DIRECTION('',(-1.,0.,0.));
#3094=DIRECTION('',(0.,-1.,0.));
#3095=DIRECTION('',(0.,-1.,0.));
#3096=DIRECTION('',(1.,0.,0.));
#3097=DIRECTION('',(0.,1.,0.));
#3098=DIRECTION('',(-1.,0.,0.));
#3099=DIRECTION('center_axis',(0.,-1.,0.));
#3100=DIRECTION('ref_axis',(-1.,0.,0.));
#3101=DIRECTION('',(-1.,0.,0.));
#3102=DIRECTION('',(0.,0.,-1.));
#3103=DIRECTION('',(0.,0.,-1.));
#3104=DIRECTION('center_axis',(1.,0.,0.));
#3105=DIRECTION('ref_axis',(0.,-1.,0.));
#3106=DIRECTION('',(0.,-1.,0.));
#3107=DIRECTION('',(0.,0.,-1.));
#3108=DIRECTION('center_axis',(0.,1.,0.));
#3109=DIRECTION('ref_axis',(1.,0.,0.));
#3110=DIRECTION('',(1.,0.,0.));
#3111=DIRECTION('',(0.,0.,-1.));
#3112=DIRECTION('center_axis',(-1.,0.,0.));
#3113=DIRECTION('ref_axis',(0.,1.,0.));
#3114=DIRECTION('',(0.,1.,0.));
#3115=DIRECTION('center_axis',(-1.,0.,0.));
#3116=DIRECTION('ref_axis',(0.,1.,0.));
#3117=DIRECTION('',(0.,1.,0.));
#3118=DIRECTION('',(0.,0.,-1.));
#3119=DIRECTION('',(0.,0.,-1.));
#3120=DIRECTION('center_axis',(0.,-1.,0.));
#3121=DIRECTION('ref_axis',(-1.,0.,0.));
#3122=DIRECTION('',(-1.,0.,0.));
#3123=DIRECTION('',(0.,0.,-1.));
#3124=DIRECTION('center_axis',(1.,0.,0.));
#3125=DIRECTION('ref_axis',(0.,-1.,0.));
#3126=DIRECTION('',(0.,-1.,0.));
#3127=DIRECTION('',(0.,0.,-1.));
#3128=DIRECTION('center_axis',(0.,1.,0.));
#3129=DIRECTION('ref_axis',(1.,0.,0.));
#3130=DIRECTION('',(1.,0.,0.));
#3131=DIRECTION('center_axis',(0.,-1.,0.));
#3132=DIRECTION('ref_axis',(-1.,0.,0.));
#3133=DIRECTION('',(-1.,0.,0.));
#3134=DIRECTION('',(0.,0.,-1.));
#3135=DIRECTION('',(0.,0.,-1.));
#3136=DIRECTION('center_axis',(1.,0.,0.));
#3137=DIRECTION('ref_axis',(0.,-1.,0.));
#3138=DIRECTION('',(0.,-1.,0.));
#3139=DIRECTION('',(0.,0.,-1.));
#3140=DIRECTION('center_axis',(0.,1.,0.));
#3141=DIRECTION('ref_axis',(1.,0.,0.));
#3142=DIRECTION('',(1.,0.,0.));
#3143=DIRECTION('',(0.,0.,-1.));
#3144=DIRECTION('center_axis',(-1.,0.,0.));
#3145=DIRECTION('ref_axis',(0.,1.,0.));
#3146=DIRECTION('',(0.,1.,0.));
#3147=DIRECTION('center_axis',(1.70803542250024E-16,-1.,0.));
#3148=DIRECTION('ref_axis',(-1.,-1.70803542250024E-16,0.));
#3149=DIRECTION('',(1.,1.70803542250024E-16,0.));
#3150=DIRECTION('',(0.,0.,-1.));
#3151=DIRECTION('',(0.,0.,-1.));
#3152=DIRECTION('center_axis',(0.,0.,-1.));
#3153=DIRECTION('ref_axis',(1.,4.44089209850064E-15,0.));
#3154=DIRECTION('center_axis',(0.,0.,-1.));
#3155=DIRECTION('ref_axis',(1.,4.44089209850064E-15,0.));
#3156=DIRECTION('',(0.,0.,-1.));
#3157=DIRECTION('center_axis',(-1.,6.83214169000096E-16,0.));
#3158=DIRECTION('ref_axis',(6.83214169000096E-16,1.,0.));
#3159=DIRECTION('',(-6.83214169000096E-16,-1.,0.));
#3160=DIRECTION('',(0.,0.,-1.));
#3161=DIRECTION('center_axis',(0.,0.,-1.));
#3162=DIRECTION('ref_axis',(3.55271367880045E-14,-1.,0.));
#3163=DIRECTION('center_axis',(0.,0.,-1.));
#3164=DIRECTION('ref_axis',(3.55271367880045E-14,-1.,0.));
#3165=DIRECTION('',(0.,0.,-1.));
#3166=DIRECTION('center_axis',(1.70803542250024E-16,1.,0.));
#3167=DIRECTION('ref_axis',(1.,-1.70803542250024E-16,0.));
#3168=DIRECTION('',(-1.,1.70803542250024E-16,0.));
#3169=DIRECTION('',(0.,0.,-1.));
#3170=DIRECTION('center_axis',(0.,0.,-1.));
#3171=DIRECTION('ref_axis',(-1.,4.44089209850064E-15,0.));
#3172=DIRECTION('center_axis',(0.,0.,-1.));
#3173=DIRECTION('ref_axis',(-1.,4.44089209850064E-15,0.));
#3174=DIRECTION('',(0.,0.,-1.));
#3175=DIRECTION('center_axis',(1.,-6.83214169000096E-16,0.));
#3176=DIRECTION('ref_axis',(-6.83214169000096E-16,-1.,0.));
#3177=DIRECTION('',(6.83214169000096E-16,1.,0.));
#3178=DIRECTION('',(0.,0.,-1.));
#3179=DIRECTION('center_axis',(0.,0.,-1.));
#3180=DIRECTION('ref_axis',(0.,1.,0.));
#3181=DIRECTION('center_axis',(0.,0.,-1.));
#3182=DIRECTION('ref_axis',(0.,1.,0.));
#3183=DIRECTION('center_axis',(-3.41607084500048E-16,-1.,0.));
#3184=DIRECTION('ref_axis',(-1.,3.41607084500048E-16,0.));
#3185=DIRECTION('',(1.,-3.41607084500048E-16,0.));
#3186=DIRECTION('',(0.,0.,-1.));
#3187=DIRECTION('',(0.,0.,-1.));
#3188=DIRECTION('center_axis',(0.,0.,-1.));
#3189=DIRECTION('ref_axis',(1.,0.,0.));
#3190=DIRECTION('center_axis',(0.,0.,-1.));
#3191=DIRECTION('ref_axis',(1.,0.,0.));
#3192=DIRECTION('',(0.,0.,-1.));
#3193=DIRECTION('center_axis',(-1.,0.,0.));
#3194=DIRECTION('ref_axis',(0.,1.,0.));
#3195=DIRECTION('',(0.,-1.,0.));
#3196=DIRECTION('',(0.,0.,-1.));
#3197=DIRECTION('center_axis',(0.,0.,-1.));
#3198=DIRECTION('ref_axis',(0.,-1.,0.));
#3199=DIRECTION('center_axis',(0.,0.,-1.));
#3200=DIRECTION('ref_axis',(0.,-1.,0.));
#3201=DIRECTION('',(0.,0.,-1.));
#3202=DIRECTION('center_axis',(3.41607084500048E-16,1.,0.));
#3203=DIRECTION('ref_axis',(1.,-3.41607084500048E-16,0.));
#3204=DIRECTION('',(-1.,3.41607084500048E-16,0.));
#3205=DIRECTION('',(0.,0.,-1.));
#3206=DIRECTION('center_axis',(0.,0.,-1.));
#3207=DIRECTION('ref_axis',(-1.,-8.88178419700128E-15,0.));
#3208=DIRECTION('center_axis',(0.,0.,-1.));
#3209=DIRECTION('ref_axis',(-1.,-8.88178419700128E-15,0.));
#3210=DIRECTION('',(0.,0.,-1.));
#3211=DIRECTION('center_axis',(1.,6.83214169000096E-16,0.));
#3212=DIRECTION('ref_axis',(6.83214169000096E-16,-1.,0.));
#3213=DIRECTION('',(-6.83214169000096E-16,1.,0.));
#3214=DIRECTION('',(0.,0.,-1.));
#3215=DIRECTION('center_axis',(0.,0.,-1.));
#3216=DIRECTION('ref_axis',(0.,1.,0.));
#3217=DIRECTION('center_axis',(0.,0.,-1.));
#3218=DIRECTION('ref_axis',(0.,1.,0.));
#3219=DIRECTION('center_axis',(8.54017711250121E-16,-1.,0.));
#3220=DIRECTION('ref_axis',(-1.,-8.54017711250121E-16,0.));
#3221=DIRECTION('',(1.,8.54017711250121E-16,0.));
#3222=DIRECTION('',(0.,0.,-1.));
#3223=DIRECTION('',(0.,0.,-1.));
#3224=DIRECTION('center_axis',(0.,0.,-1.));
#3225=DIRECTION('ref_axis',(1.,-1.33226762955019E-14,0.));
#3226=DIRECTION('center_axis',(0.,0.,-1.));
#3227=DIRECTION('ref_axis',(1.,-1.33226762955019E-14,0.));
#3228=DIRECTION('',(0.,0.,-1.));
#3229=DIRECTION('center_axis',(-1.,0.,0.));
#3230=DIRECTION('ref_axis',(0.,1.,0.));
#3231=DIRECTION('',(0.,-1.,0.));
#3232=DIRECTION('',(0.,0.,-1.));
#3233=DIRECTION('center_axis',(0.,0.,-1.));
#3234=DIRECTION('ref_axis',(-1.77635683940026E-14,-1.,0.));
#3235=DIRECTION('center_axis',(0.,0.,-1.));
#3236=DIRECTION('ref_axis',(-1.77635683940026E-14,-1.,0.));
#3237=DIRECTION('',(0.,0.,-1.));
#3238=DIRECTION('center_axis',(1.70803542250024E-16,1.,0.));
#3239=DIRECTION('ref_axis',(1.,-1.70803542250024E-16,0.));
#3240=DIRECTION('',(-1.,1.70803542250024E-16,0.));
#3241=DIRECTION('',(0.,0.,-1.));
#3242=DIRECTION('center_axis',(0.,0.,-1.));
#3243=DIRECTION('ref_axis',(-1.,-4.44089209850064E-15,0.));
#3244=DIRECTION('center_axis',(0.,0.,-1.));
#3245=DIRECTION('ref_axis',(-1.,-4.44089209850064E-15,0.));
#3246=DIRECTION('',(0.,0.,-1.));
#3247=DIRECTION('center_axis',(1.,0.,0.));
#3248=DIRECTION('ref_axis',(0.,-1.,0.));
#3249=DIRECTION('',(0.,1.,0.));
#3250=DIRECTION('',(0.,0.,-1.));
#3251=DIRECTION('center_axis',(0.,0.,-1.));
#3252=DIRECTION('ref_axis',(0.,1.,0.));
#3253=DIRECTION('center_axis',(0.,0.,-1.));
#3254=DIRECTION('ref_axis',(0.,1.,0.));
#3255=DIRECTION('center_axis',(1.70803542250024E-16,-1.,0.));
#3256=DIRECTION('ref_axis',(-1.,-1.70803542250024E-16,0.));
#3257=DIRECTION('',(1.,1.70803542250024E-16,0.));
#3258=DIRECTION('',(0.,0.,-1.));
#3259=DIRECTION('',(0.,0.,-1.));
#3260=DIRECTION('center_axis',(0.,0.,-1.));
#3261=DIRECTION('ref_axis',(1.,4.44089209850064E-15,0.));
#3262=DIRECTION('center_axis',(0.,0.,-1.));
#3263=DIRECTION('ref_axis',(1.,4.44089209850064E-15,0.));
#3264=DIRECTION('',(0.,0.,-1.));
#3265=DIRECTION('center_axis',(-1.,6.83214169000096E-16,0.));
#3266=DIRECTION('ref_axis',(6.83214169000096E-16,1.,0.));
#3267=DIRECTION('',(-6.83214169000096E-16,-1.,0.));
#3268=DIRECTION('',(0.,0.,-1.));
#3269=DIRECTION('center_axis',(0.,0.,-1.));
#3270=DIRECTION('ref_axis',(3.55271367880045E-14,-1.,0.));
#3271=DIRECTION('center_axis',(0.,0.,-1.));
#3272=DIRECTION('ref_axis',(3.55271367880045E-14,-1.,0.));
#3273=DIRECTION('',(0.,0.,-1.));
#3274=DIRECTION('center_axis',(1.70803542250024E-16,1.,0.));
#3275=DIRECTION('ref_axis',(1.,-1.70803542250024E-16,0.));
#3276=DIRECTION('',(-1.,1.70803542250024E-16,0.));
#3277=DIRECTION('',(0.,0.,-1.));
#3278=DIRECTION('center_axis',(0.,0.,-1.));
#3279=DIRECTION('ref_axis',(-1.,-4.44089209850064E-15,0.));
#3280=DIRECTION('center_axis',(0.,0.,-1.));
#3281=DIRECTION('ref_axis',(-1.,-4.44089209850064E-15,0.));
#3282=DIRECTION('',(0.,0.,-1.));
#3283=DIRECTION('center_axis',(1.,6.83214169000096E-16,0.));
#3284=DIRECTION('ref_axis',(6.83214169000096E-16,-1.,0.));
#3285=DIRECTION('',(-6.83214169000096E-16,1.,0.));
#3286=DIRECTION('',(0.,0.,-1.));
#3287=DIRECTION('center_axis',(0.,0.,-1.));
#3288=DIRECTION('ref_axis',(0.,1.,0.));
#3289=DIRECTION('center_axis',(0.,0.,-1.));
#3290=DIRECTION('ref_axis',(0.,1.,0.));
#3291=DIRECTION('center_axis',(0.,-1.,0.));
#3292=DIRECTION('ref_axis',(-1.,0.,0.));
#3293=DIRECTION('',(1.,0.,0.));
#3294=DIRECTION('',(0.,0.,-1.));
#3295=DIRECTION('',(0.,0.,-1.));
#3296=DIRECTION('center_axis',(0.,0.,-1.));
#3297=DIRECTION('ref_axis',(1.,0.,0.));
#3298=DIRECTION('center_axis',(0.,0.,-1.));
#3299=DIRECTION('ref_axis',(1.,0.,0.));
#3300=DIRECTION('',(0.,0.,-1.));
#3301=DIRECTION('center_axis',(-1.,0.,0.));
#3302=DIRECTION('ref_axis',(0.,1.,0.));
#3303=DIRECTION('',(0.,-1.,0.));
#3304=DIRECTION('',(0.,0.,-1.));
#3305=DIRECTION('center_axis',(0.,0.,-1.));
#3306=DIRECTION('ref_axis',(0.,-1.,0.));
#3307=DIRECTION('center_axis',(0.,0.,-1.));
#3308=DIRECTION('ref_axis',(0.,-1.,0.));
#3309=DIRECTION('',(0.,0.,-1.));
#3310=DIRECTION('center_axis',(-1.02482125350014E-15,1.,0.));
#3311=DIRECTION('ref_axis',(1.,1.02482125350014E-15,0.));
#3312=DIRECTION('',(-1.,-1.02482125350014E-15,0.));
#3313=DIRECTION('',(0.,0.,-1.));
#3314=DIRECTION('center_axis',(0.,0.,-1.));
#3315=DIRECTION('ref_axis',(-1.,8.88178419700128E-15,0.));
#3316=DIRECTION('center_axis',(0.,0.,-1.));
#3317=DIRECTION('ref_axis',(-1.,8.88178419700128E-15,0.));
#3318=DIRECTION('',(0.,0.,-1.));
#3319=DIRECTION('center_axis',(1.,-6.83214169000096E-16,0.));
#3320=DIRECTION('ref_axis',(-6.83214169000096E-16,-1.,0.));
#3321=DIRECTION('',(6.83214169000096E-16,1.,0.));
#3322=DIRECTION('',(0.,0.,-1.));
#3323=DIRECTION('center_axis',(0.,0.,-1.));
#3324=DIRECTION('ref_axis',(0.,1.,0.));
#3325=DIRECTION('center_axis',(0.,0.,-1.));
#3326=DIRECTION('ref_axis',(0.,1.,0.));
#3327=DIRECTION('center_axis',(-5.12410626750072E-16,-1.,0.));
#3328=DIRECTION('ref_axis',(-1.,5.12410626750072E-16,0.));
#3329=DIRECTION('',(1.,-5.12410626750072E-16,0.));
#3330=DIRECTION('',(0.,0.,-1.));
#3331=DIRECTION('',(0.,0.,-1.));
#3332=DIRECTION('center_axis',(0.,0.,-1.));
#3333=DIRECTION('ref_axis',(1.,4.44089209850066E-15,0.));
#3334=DIRECTION('center_axis',(0.,0.,-1.));
#3335=DIRECTION('ref_axis',(1.,4.44089209850066E-15,0.));
#3336=DIRECTION('',(0.,0.,-1.));
#3337=DIRECTION('center_axis',(-1.,-1.70803542250024E-16,0.));
#3338=DIRECTION('ref_axis',(-1.70803542250024E-16,1.,0.));
#3339=DIRECTION('',(1.70803542250024E-16,-1.,0.));
#3340=DIRECTION('',(0.,0.,-1.));
#3341=DIRECTION('center_axis',(0.,0.,-1.));
#3342=DIRECTION('ref_axis',(4.4408920985006E-15,-1.,0.));
#3343=DIRECTION('center_axis',(0.,0.,-1.));
#3344=DIRECTION('ref_axis',(4.4408920985006E-15,-1.,0.));
#3345=DIRECTION('',(0.,0.,-1.));
#3346=DIRECTION('center_axis',(1.70803542250024E-16,1.,0.));
#3347=DIRECTION('ref_axis',(1.,-1.70803542250024E-16,0.));
#3348=DIRECTION('',(-1.,1.70803542250024E-16,0.));
#3349=DIRECTION('',(0.,0.,-1.));
#3350=DIRECTION('center_axis',(0.,0.,-1.));
#3351=DIRECTION('ref_axis',(-1.,-4.44089209850063E-15,0.));
#3352=DIRECTION('center_axis',(0.,0.,-1.));
#3353=DIRECTION('ref_axis',(-1.,-4.44089209850063E-15,0.));
#3354=DIRECTION('',(0.,0.,-1.));
#3355=DIRECTION('center_axis',(1.,2.56205313375036E-16,0.));
#3356=DIRECTION('ref_axis',(2.56205313375036E-16,-1.,0.));
#3357=DIRECTION('',(-2.56205313375036E-16,1.,0.));
#3358=DIRECTION('',(0.,0.,-1.));
#3359=DIRECTION('center_axis',(0.,0.,-1.));
#3360=DIRECTION('ref_axis',(4.44089209850064E-15,1.,0.));
#3361=DIRECTION('center_axis',(0.,0.,-1.));
#3362=DIRECTION('ref_axis',(4.44089209850064E-15,1.,0.));
#3363=DIRECTION('center_axis',(-3.41607084500048E-16,-1.,0.));
#3364=DIRECTION('ref_axis',(-1.,3.41607084500048E-16,0.));
#3365=DIRECTION('',(1.,-3.41607084500048E-16,0.));
#3366=DIRECTION('',(0.,0.,-1.));
#3367=DIRECTION('',(0.,0.,-1.));
#3368=DIRECTION('center_axis',(0.,0.,-1.));
#3369=DIRECTION('ref_axis',(1.,0.,0.));
#3370=DIRECTION('center_axis',(0.,0.,-1.));
#3371=DIRECTION('ref_axis',(1.,0.,0.));
#3372=DIRECTION('',(0.,0.,-1.));
#3373=DIRECTION('center_axis',(-1.,-1.70803542250024E-16,0.));
#3374=DIRECTION('ref_axis',(-1.70803542250024E-16,1.,0.));
#3375=DIRECTION('',(1.70803542250024E-16,-1.,0.));
#3376=DIRECTION('',(0.,0.,-1.));
#3377=DIRECTION('center_axis',(0.,0.,-1.));
#3378=DIRECTION('ref_axis',(-4.44089209850064E-15,-1.,0.));
#3379=DIRECTION('center_axis',(0.,0.,-1.));
#3380=DIRECTION('ref_axis',(-4.44089209850064E-15,-1.,0.));
#3381=DIRECTION('',(0.,0.,-1.));
#3382=DIRECTION('center_axis',(0.,1.,0.));
#3383=DIRECTION('ref_axis',(1.,0.,0.));
#3384=DIRECTION('',(-1.,0.,0.));
#3385=DIRECTION('',(0.,0.,-1.));
#3386=DIRECTION('center_axis',(0.,0.,-1.));
#3387=DIRECTION('ref_axis',(-1.,-8.88178419700124E-15,0.));
#3388=DIRECTION('center_axis',(0.,0.,-1.));
#3389=DIRECTION('ref_axis',(-1.,-8.88178419700124E-15,0.));
#3390=DIRECTION('',(0.,0.,-1.));
#3391=DIRECTION('center_axis',(1.,1.70803542250024E-16,0.));
#3392=DIRECTION('ref_axis',(1.70803542250024E-16,-1.,0.));
#3393=DIRECTION('',(-1.70803542250024E-16,1.,0.));
#3394=DIRECTION('',(0.,0.,-1.));
#3395=DIRECTION('center_axis',(0.,0.,-1.));
#3396=DIRECTION('ref_axis',(0.,1.,0.));
#3397=DIRECTION('center_axis',(0.,0.,-1.));
#3398=DIRECTION('ref_axis',(0.,1.,0.));
#3399=DIRECTION('center_axis',(6.83214169000096E-16,-1.,0.));
#3400=DIRECTION('ref_axis',(-1.,-6.83214169000096E-16,0.));
#3401=DIRECTION('',(1.,6.83214169000096E-16,0.));
#3402=DIRECTION('',(0.,0.,-1.));
#3403=DIRECTION('',(0.,0.,-1.));
#3404=DIRECTION('center_axis',(0.,0.,-1.));
#3405=DIRECTION('ref_axis',(1.,0.,0.));
#3406=DIRECTION('center_axis',(0.,0.,-1.));
#3407=DIRECTION('ref_axis',(1.,0.,0.));
#3408=DIRECTION('',(0.,0.,-1.));
#3409=DIRECTION('center_axis',(-1.,3.41607084500048E-16,0.));
#3410=DIRECTION('ref_axis',(3.41607084500048E-16,1.,0.));
#3411=DIRECTION('',(-3.41607084500048E-16,-1.,0.));
#3412=DIRECTION('',(0.,0.,-1.));
#3413=DIRECTION('center_axis',(0.,0.,-1.));
#3414=DIRECTION('ref_axis',(0.,-1.,0.));
#3415=DIRECTION('center_axis',(0.,0.,-1.));
#3416=DIRECTION('ref_axis',(0.,-1.,0.));
#3417=DIRECTION('',(0.,0.,-1.));
#3418=DIRECTION('center_axis',(0.,1.,0.));
#3419=DIRECTION('ref_axis',(1.,0.,0.));
#3420=DIRECTION('',(-1.,0.,0.));
#3421=DIRECTION('',(0.,0.,-1.));
#3422=DIRECTION('center_axis',(0.,0.,-1.));
#3423=DIRECTION('ref_axis',(-1.,0.,0.));
#3424=DIRECTION('center_axis',(0.,0.,-1.));
#3425=DIRECTION('ref_axis',(-1.,0.,0.));
#3426=DIRECTION('',(0.,0.,-1.));
#3427=DIRECTION('center_axis',(1.,0.,0.));
#3428=DIRECTION('ref_axis',(0.,-1.,0.));
#3429=DIRECTION('',(0.,1.,0.));
#3430=DIRECTION('',(0.,0.,-1.));
#3431=DIRECTION('center_axis',(0.,0.,-1.));
#3432=DIRECTION('ref_axis',(0.,1.,0.));
#3433=DIRECTION('center_axis',(0.,0.,-1.));
#3434=DIRECTION('ref_axis',(0.,1.,0.));
#3435=DIRECTION('center_axis',(-1.,0.,0.));
#3436=DIRECTION('ref_axis',(0.,1.,0.));
#3437=DIRECTION('',(0.,-1.,0.));
#3438=DIRECTION('center_axis',(1.,0.,0.));
#3439=DIRECTION('ref_axis',(0.,-1.,0.));
#3440=DIRECTION('',(0.,1.,0.));
#3441=DIRECTION('center_axis',(0.,0.,1.));
#3442=DIRECTION('ref_axis',(-1.,0.,0.));
#3443=CARTESIAN_POINT('',(0.,0.,0.));
#3444=CARTESIAN_POINT('Origin',(36.,74.3,3.));
#3445=CARTESIAN_POINT('',(46.6,74.3,3.));
#3446=CARTESIAN_POINT('',(46.6,64.3,3.));
#3447=CARTESIAN_POINT('',(46.6,74.3,3.));
#3448=CARTESIAN_POINT('',(36.,74.3,3.));
#3449=CARTESIAN_POINT('',(64.3,74.3,3.));
#3450=CARTESIAN_POINT('',(36.,64.3,3.));
#3451=CARTESIAN_POINT('',(36.,74.3,3.));
#3452=CARTESIAN_POINT('',(-2.69630192214213E-32,64.3,3.));
#3453=CARTESIAN_POINT('',(20.65,64.3,3.));
#3454=CARTESIAN_POINT('',(0.,0.,3.));
#3455=CARTESIAN_POINT('',(0.,16.075,3.));
#3456=CARTESIAN_POINT('',(82.6,0.,3.));
#3457=CARTESIAN_POINT('',(61.95,0.,3.));
#3458=CARTESIAN_POINT('',(82.6,64.3,3.));
#3459=CARTESIAN_POINT('',(82.6,48.225,3.));
#3460=CARTESIAN_POINT('',(20.65,64.3,3.));
#3461=CARTESIAN_POINT('Origin',(36.,74.3,7.));
#3462=CARTESIAN_POINT('',(36.,64.3,9.));
#3463=CARTESIAN_POINT('',(36.,64.3,3.5));
#3464=CARTESIAN_POINT('',(36.,74.3,9.));
#3465=CARTESIAN_POINT('',(36.,74.3,3.5));
#3466=CARTESIAN_POINT('',(36.,74.3,9.));
#3467=CARTESIAN_POINT('Origin',(46.6,74.3,9.));
#3468=CARTESIAN_POINT('',(46.6,64.3,9.));
#3469=CARTESIAN_POINT('',(23.3,64.3,9.));
#3470=CARTESIAN_POINT('',(46.6,74.3,9.));
#3471=CARTESIAN_POINT('',(69.6,74.3,9.));
#3472=CARTESIAN_POINT('',(46.6,74.3,9.));
#3473=CARTESIAN_POINT('Origin',(46.6,74.3,4.));
#3474=CARTESIAN_POINT('',(46.6,64.3,2.));
#3475=CARTESIAN_POINT('',(46.6,74.3,2.));
#3476=CARTESIAN_POINT('Origin',(85.6,67.3,0.));
#3477=CARTESIAN_POINT('',(85.6,74.3,11.));
#3478=CARTESIAN_POINT('',(92.6,67.3,11.));
#3479=CARTESIAN_POINT('Origin',(85.6,67.3,11.));
#3480=CARTESIAN_POINT('',(92.6,67.3,0.));
#3481=CARTESIAN_POINT('',(92.6,67.3,0.));
#3482=CARTESIAN_POINT('',(85.6,74.3,0.));
#3483=CARTESIAN_POINT('Origin',(85.6,67.3,0.));
#3484=CARTESIAN_POINT('',(85.6,74.3,0.));
#3485=CARTESIAN_POINT('Origin',(41.2999989651144,32.1499991696328,0.));
#3486=CARTESIAN_POINT('',(92.6,-3.,0.));
#3487=CARTESIAN_POINT('',(92.6,11.0749995848164,0.));
#3488=CARTESIAN_POINT('',(85.6,-10.,0.));
#3489=CARTESIAN_POINT('Origin',(85.6,-3.,0.));
#3490=CARTESIAN_POINT('',(-3.,-10.,0.));
#3491=CARTESIAN_POINT('',(15.6499994825572,-10.,0.));
#3492=CARTESIAN_POINT('',(-10.,-3.,0.));
#3493=CARTESIAN_POINT('Origin',(-3.,-3.,0.));
#3494=CARTESIAN_POINT('',(-10.,67.3,0.));
#3495=CARTESIAN_POINT('',(-10.,53.2249995848164,0.));
#3496=CARTESIAN_POINT('',(-3.,74.3,0.));
#3497=CARTESIAN_POINT('Origin',(-3.,67.3,0.));
#3498=CARTESIAN_POINT('',(66.9499994825572,74.3,0.));
#3499=CARTESIAN_POINT('',(-8.,-5.,0.));
#3500=CARTESIAN_POINT('Origin',(-5.,-5.,0.));
#3501=CARTESIAN_POINT('',(84.6,69.3,0.));
#3502=CARTESIAN_POINT('Origin',(87.6,69.3,0.));
#3503=CARTESIAN_POINT('',(84.6,-5.,0.));
#3504=CARTESIAN_POINT('Origin',(87.6,-5.,0.));
#3505=CARTESIAN_POINT('',(-8.,69.3,0.));
#3506=CARTESIAN_POINT('Origin',(-5.,69.3,0.));
#3507=CARTESIAN_POINT('Origin',(92.6,-10.,0.));
#3508=CARTESIAN_POINT('',(92.6,-3.,11.));
#3509=CARTESIAN_POINT('',(92.6,11.075,11.));
#3510=CARTESIAN_POINT('',(92.6,-3.,0.));
#3511=CARTESIAN_POINT('Origin',(85.6,-3.,0.));
#3512=CARTESIAN_POINT('',(85.6,-10.,11.));
#3513=CARTESIAN_POINT('Origin',(85.6,-3.,11.));
#3514=CARTESIAN_POINT('',(85.6,-10.,0.));
#3515=CARTESIAN_POINT('Origin',(-3.,-3.,0.));
#3516=CARTESIAN_POINT('',(-3.,-10.,11.));
#3517=CARTESIAN_POINT('',(-10.,-3.,11.));
#3518=CARTESIAN_POINT('Origin',(-3.,-3.,11.));
#3519=CARTESIAN_POINT('',(-10.,-3.,0.));
#3520=CARTESIAN_POINT('',(-3.,-10.,0.));
#3521=CARTESIAN_POINT('Origin',(-10.,74.3,0.));
#3522=CARTESIAN_POINT('',(-10.,67.3,11.));
#3523=CARTESIAN_POINT('',(-10.,53.225,11.));
#3524=CARTESIAN_POINT('',(-10.,67.3,0.));
#3525=CARTESIAN_POINT('Origin',(-3.,67.3,0.));
#3526=CARTESIAN_POINT('',(-3.,74.3,11.));
#3527=CARTESIAN_POINT('Origin',(-3.,67.3,11.));
#3528=CARTESIAN_POINT('',(-3.,74.3,0.));
#3529=CARTESIAN_POINT('Origin',(-5.,69.3,0.));
#3530=CARTESIAN_POINT('',(-8.,69.3,3.));
#3531=CARTESIAN_POINT('',(-8.,69.3,0.));
#3532=CARTESIAN_POINT('Origin',(-5.,69.3,3.));
#3533=CARTESIAN_POINT('Origin',(-5.,69.3,3.));
#3534=CARTESIAN_POINT('',(-6.7,69.3,3.));
#3535=CARTESIAN_POINT('Origin',(-5.,69.3,3.));
#3536=CARTESIAN_POINT('Origin',(87.6,-5.,0.));
#3537=CARTESIAN_POINT('',(84.6,-5.,3.));
#3538=CARTESIAN_POINT('',(84.6,-5.,0.));
#3539=CARTESIAN_POINT('Origin',(87.6,-5.,3.));
#3540=CARTESIAN_POINT('Origin',(87.6,-5.,3.));
#3541=CARTESIAN_POINT('',(85.9,-5.,3.));
#3542=CARTESIAN_POINT('Origin',(87.6,-5.,3.));
#3543=CARTESIAN_POINT('Origin',(87.6,69.3,0.));
#3544=CARTESIAN_POINT('',(84.6,69.3,3.));
#3545=CARTESIAN_POINT('',(84.6,69.3,0.));
#3546=CARTESIAN_POINT('Origin',(87.6,69.3,3.));
#3547=CARTESIAN_POINT('Origin',(87.6,69.3,3.));
#3548=CARTESIAN_POINT('',(85.9,69.3,3.));
#3549=CARTESIAN_POINT('Origin',(87.6,69.3,3.));
#3550=CARTESIAN_POINT('Origin',(-5.,-5.,0.));
#3551=CARTESIAN_POINT('',(-8.,-5.,3.));
#3552=CARTESIAN_POINT('',(-8.,-5.,0.));
#3553=CARTESIAN_POINT('Origin',(-5.,-5.,3.));
#3554=CARTESIAN_POINT('Origin',(-5.,-5.,3.));
#3555=CARTESIAN_POINT('',(-6.7,-5.,3.));
#3556=CARTESIAN_POINT('Origin',(-5.,-5.,3.));
#3557=CARTESIAN_POINT('Origin',(-5.,69.3,11.));
#3558=CARTESIAN_POINT('',(-6.7,69.3,11.));
#3559=CARTESIAN_POINT('Origin',(-5.,69.3,11.));
#3560=CARTESIAN_POINT('',(-6.7,69.3,11.));
#3561=CARTESIAN_POINT('Origin',(87.6,69.3,11.));
#3562=CARTESIAN_POINT('',(85.9,69.3,11.));
#3563=CARTESIAN_POINT('Origin',(87.6,69.3,11.));
#3564=CARTESIAN_POINT('',(85.9,69.3,11.));
#3565=CARTESIAN_POINT('Origin',(-5.,-5.,11.));
#3566=CARTESIAN_POINT('',(-6.7,-5.,11.));
#3567=CARTESIAN_POINT('Origin',(-5.,-5.,11.));
#3568=CARTESIAN_POINT('',(-6.7,-5.,11.));
#3569=CARTESIAN_POINT('Origin',(87.6,-5.,11.));
#3570=CARTESIAN_POINT('',(85.9,-5.,11.));
#3571=CARTESIAN_POINT('Origin',(87.6,-5.,11.));
#3572=CARTESIAN_POINT('',(85.9,-5.,11.));
#3573=CARTESIAN_POINT('Origin',(82.6,3.96741568543771E-31,0.));
#3574=CARTESIAN_POINT('',(82.6,1.98370784271885E-31,11.));
#3575=CARTESIAN_POINT('',(0.,0.,11.));
#3576=CARTESIAN_POINT('',(61.95,0.,11.));
#3577=CARTESIAN_POINT('',(82.6,3.96741568543771E-31,0.));
#3578=CARTESIAN_POINT('',(0.,0.,0.));
#3579=CARTESIAN_POINT('Origin',(0.,0.,0.));
#3580=CARTESIAN_POINT('',(-1.34815096107107E-32,64.3,11.));
#3581=CARTESIAN_POINT('',(-2.69630192214213E-32,64.3,0.));
#3582=CARTESIAN_POINT('',(0.,16.075,11.));
#3583=CARTESIAN_POINT('Origin',(-10.,-10.,0.));
#3584=CARTESIAN_POINT('',(15.65,-10.,11.));
#3585=CARTESIAN_POINT('Origin',(0.,64.3,0.));
#3586=CARTESIAN_POINT('',(82.6,64.3,11.));
#3587=CARTESIAN_POINT('',(82.6,64.3,0.));
#3588=CARTESIAN_POINT('',(20.65,64.3,11.));
#3589=CARTESIAN_POINT('Origin',(82.6,64.3,0.));
#3590=CARTESIAN_POINT('',(82.6,48.225,11.));
#3591=CARTESIAN_POINT('Origin',(92.6,74.3,0.));
#3592=CARTESIAN_POINT('',(66.95,74.3,11.));
#3593=CARTESIAN_POINT('Origin',(41.3,32.15,11.));
#3594=CARTESIAN_POINT('Origin',(85.6,-3.,16.5));
#3595=CARTESIAN_POINT('',(85.6,-10.,11.));
#3596=CARTESIAN_POINT('',(92.6,-3.,11.));
#3597=CARTESIAN_POINT('Origin',(85.6,-3.,11.));
#3598=CARTESIAN_POINT('',(92.6,-3.,16.5));
#3599=CARTESIAN_POINT('',(92.6,-3.,16.5));
#3600=CARTESIAN_POINT('',(85.6,-10.,16.5));
#3601=CARTESIAN_POINT('Origin',(85.6,-3.,16.5));
#3602=CARTESIAN_POINT('',(85.6,-10.,16.5));
#3603=CARTESIAN_POINT('Origin',(41.3,32.15,11.));
#3604=CARTESIAN_POINT('',(-2.99999999999999,-10.,11.));
#3605=CARTESIAN_POINT('',(92.6,-10.,11.));
#3606=CARTESIAN_POINT('',(-10.,-3.,11.));
#3607=CARTESIAN_POINT('Origin',(-3.,-3.,11.));
#3608=CARTESIAN_POINT('',(-10.,67.3,11.));
#3609=CARTESIAN_POINT('',(-10.,-10.,11.));
#3610=CARTESIAN_POINT('',(-3.,74.3,11.));
#3611=CARTESIAN_POINT('Origin',(-3.,67.3,11.));
#3612=CARTESIAN_POINT('',(85.6,74.3,11.));
#3613=CARTESIAN_POINT('',(-10.,74.3,11.));
#3614=CARTESIAN_POINT('',(92.6,67.3,11.));
#3615=CARTESIAN_POINT('Origin',(85.6,67.3,11.));
#3616=CARTESIAN_POINT('',(92.6,74.3,11.));
#3617=CARTESIAN_POINT('',(0.,0.,11.));
#3618=CARTESIAN_POINT('',(82.6,0.,11.));
#3619=CARTESIAN_POINT('',(0.,0.,11.));
#3620=CARTESIAN_POINT('',(82.6,64.3,11.));
#3621=CARTESIAN_POINT('',(82.6,0.,11.));
#3622=CARTESIAN_POINT('',(0.,64.3,11.));
#3623=CARTESIAN_POINT('',(82.6,64.3,11.));
#3624=CARTESIAN_POINT('',(0.,64.3,11.));
#3625=CARTESIAN_POINT('',(-7.35,69.3,11.));
#3626=CARTESIAN_POINT('Origin',(-5.,69.3,11.));
#3627=CARTESIAN_POINT('',(85.25,-5.,11.));
#3628=CARTESIAN_POINT('Origin',(87.6,-5.,11.));
#3629=CARTESIAN_POINT('',(85.25,69.3,11.));
#3630=CARTESIAN_POINT('Origin',(87.6,69.3,11.));
#3631=CARTESIAN_POINT('',(-7.35,-5.,11.));
#3632=CARTESIAN_POINT('Origin',(-5.,-5.,11.));
#3633=CARTESIAN_POINT('Origin',(92.6,-10.,16.5));
#3634=CARTESIAN_POINT('',(-3.,-10.,16.5));
#3635=CARTESIAN_POINT('',(-10.,-10.,16.5));
#3636=CARTESIAN_POINT('',(-3.,-10.,16.5));
#3637=CARTESIAN_POINT('Origin',(-3.,-3.,16.5));
#3638=CARTESIAN_POINT('',(-10.,-3.,16.5));
#3639=CARTESIAN_POINT('Origin',(-3.,-3.,16.5));
#3640=CARTESIAN_POINT('',(-10.,-3.,16.5));
#3641=CARTESIAN_POINT('Origin',(-3.,67.3,16.5));
#3642=CARTESIAN_POINT('',(-10.,67.3,16.5));
#3643=CARTESIAN_POINT('',(-10.,67.3,16.5));
#3644=CARTESIAN_POINT('',(-3.00000000000001,74.3,16.5));
#3645=CARTESIAN_POINT('Origin',(-3.,67.3,16.5));
#3646=CARTESIAN_POINT('',(-3.,74.3,16.5));
#3647=CARTESIAN_POINT('Origin',(-10.,74.3,16.5));
#3648=CARTESIAN_POINT('',(85.6,74.3,16.5));
#3649=CARTESIAN_POINT('',(92.6,74.3,16.5));
#3650=CARTESIAN_POINT('',(85.6,74.3,16.5));
#3651=CARTESIAN_POINT('Origin',(85.6,67.3,16.5));
#3652=CARTESIAN_POINT('',(92.6,67.3,16.5));
#3653=CARTESIAN_POINT('Origin',(85.6,67.3,16.5));
#3654=CARTESIAN_POINT('',(92.6,67.3,16.5));
#3655=CARTESIAN_POINT('Origin',(-5.,-5.,11.));
#3656=CARTESIAN_POINT('',(-7.35,-5.,15.));
#3657=CARTESIAN_POINT('',(-7.35,-5.,11.));
#3658=CARTESIAN_POINT('Origin',(-5.,-5.,15.));
#3659=CARTESIAN_POINT('Origin',(-5.,-5.,15.));
#3660=CARTESIAN_POINT('Origin',(87.6,69.3,11.));
#3661=CARTESIAN_POINT('',(85.25,69.3,15.));
#3662=CARTESIAN_POINT('',(85.25,69.3,11.));
#3663=CARTESIAN_POINT('Origin',(87.6,69.3,15.));
#3664=CARTESIAN_POINT('Origin',(87.6,69.3,15.));
#3665=CARTESIAN_POINT('Origin',(87.6,-5.,11.));
#3666=CARTESIAN_POINT('',(85.25,-5.,15.));
#3667=CARTESIAN_POINT('',(85.25,-5.,11.));
#3668=CARTESIAN_POINT('Origin',(87.6,-5.,15.));
#3669=CARTESIAN_POINT('Origin',(87.6,-5.,15.));
#3670=CARTESIAN_POINT('Origin',(-5.,69.3,11.));
#3671=CARTESIAN_POINT('',(-7.35,69.3,15.));
#3672=CARTESIAN_POINT('',(-7.35,69.3,11.));
#3673=CARTESIAN_POINT('Origin',(-5.,69.3,15.));
#3674=CARTESIAN_POINT('Origin',(-5.,69.3,15.));
#3675=CARTESIAN_POINT('Origin',(0.,64.3,15.));
#3676=CARTESIAN_POINT('',(0.,0.,15.));
#3677=CARTESIAN_POINT('',(0.,64.3,15.));
#3678=CARTESIAN_POINT('',(0.,48.225,15.));
#3679=CARTESIAN_POINT('',(0.,0.,15.));
#3680=CARTESIAN_POINT('',(0.,64.3,15.));
#3681=CARTESIAN_POINT('Origin',(82.6,64.3,15.));
#3682=CARTESIAN_POINT('',(82.6,64.3,15.));
#3683=CARTESIAN_POINT('',(61.95,64.3,15.));
#3684=CARTESIAN_POINT('',(82.6,64.3,15.));
#3685=CARTESIAN_POINT('Origin',(82.6,0.,15.));
#3686=CARTESIAN_POINT('',(82.6,0.,15.));
#3687=CARTESIAN_POINT('',(82.6,16.075,15.));
#3688=CARTESIAN_POINT('',(82.6,0.,15.));
#3689=CARTESIAN_POINT('Origin',(0.,0.,15.));
#3690=CARTESIAN_POINT('',(20.65,0.,15.));
#3691=CARTESIAN_POINT('Origin',(41.3,32.15,15.));
#3692=CARTESIAN_POINT('',(29.68875141014,51.5000024461187,15.));
#3693=CARTESIAN_POINT('',(52.9868890058474,51.5000024461187,15.));
#3694=CARTESIAN_POINT('',(47.1434445029237,51.5000024461187,15.));
#3695=CARTESIAN_POINT('',(52.9868890058474,57.2840024461187,15.));
#3696=CARTESIAN_POINT('',(52.9868890058474,44.7170012230594,15.));
#3697=CARTESIAN_POINT('',(29.68875141014,57.2840024461187,15.));
#3698=CARTESIAN_POINT('',(35.49437570507,57.2840024461187,15.));
#3699=CARTESIAN_POINT('',(29.68875141014,41.8250012230594,15.));
#3700=CARTESIAN_POINT('',(63.375,18.755,15.));
#3701=CARTESIAN_POINT('',(62.875,18.255,15.));
#3702=CARTESIAN_POINT('Origin',(63.375,18.255,15.));
#3703=CARTESIAN_POINT('',(62.875,5.255,15.));
#3704=CARTESIAN_POINT('',(62.875,5.255,15.));
#3705=CARTESIAN_POINT('',(63.375,4.755,15.));
#3706=CARTESIAN_POINT('Origin',(63.375,5.255,15.));
#3707=CARTESIAN_POINT('',(76.375,4.755,15.));
#3708=CARTESIAN_POINT('',(76.375,4.755,15.));
#3709=CARTESIAN_POINT('',(76.875,5.255,15.));
#3710=CARTESIAN_POINT('Origin',(76.375,5.25500000000001,15.));
#3711=CARTESIAN_POINT('',(76.875,18.255,15.));
#3712=CARTESIAN_POINT('',(76.875,18.255,15.));
#3713=CARTESIAN_POINT('',(76.375,18.755,15.));
#3714=CARTESIAN_POINT('Origin',(76.375,18.255,15.));
#3715=CARTESIAN_POINT('',(63.375,18.755,15.));
#3716=CARTESIAN_POINT('',(44.325,37.805,15.));
#3717=CARTESIAN_POINT('',(43.825,37.305,15.));
#3718=CARTESIAN_POINT('Origin',(44.325,37.305,15.));
#3719=CARTESIAN_POINT('',(43.825,24.305,15.));
#3720=CARTESIAN_POINT('',(43.825,24.305,15.));
#3721=CARTESIAN_POINT('',(44.325,23.805,15.));
#3722=CARTESIAN_POINT('Origin',(44.325,24.305,15.));
#3723=CARTESIAN_POINT('',(57.325,23.805,15.));
#3724=CARTESIAN_POINT('',(57.325,23.805,15.));
#3725=CARTESIAN_POINT('',(57.825,24.305,15.));
#3726=CARTESIAN_POINT('Origin',(57.325,24.305,15.));
#3727=CARTESIAN_POINT('',(57.825,37.305,15.));
#3728=CARTESIAN_POINT('',(57.825,37.305,15.));
#3729=CARTESIAN_POINT('',(57.325,37.805,15.));
#3730=CARTESIAN_POINT('Origin',(57.325,37.305,15.));
#3731=CARTESIAN_POINT('',(44.325,37.805,15.));
#3732=CARTESIAN_POINT('',(25.275,18.755,15.));
#3733=CARTESIAN_POINT('',(24.775,18.255,15.));
#3734=CARTESIAN_POINT('Origin',(25.275,18.255,15.));
#3735=CARTESIAN_POINT('',(24.775,5.255,15.));
#3736=CARTESIAN_POINT('',(24.775,5.255,15.));
#3737=CARTESIAN_POINT('',(25.275,4.755,15.));
#3738=CARTESIAN_POINT('Origin',(25.275,5.255,15.));
#3739=CARTESIAN_POINT('',(38.275,4.755,15.));
#3740=CARTESIAN_POINT('',(38.275,4.755,15.));
#3741=CARTESIAN_POINT('',(38.775,5.255,15.));
#3742=CARTESIAN_POINT('Origin',(38.275,5.255,15.));
#3743=CARTESIAN_POINT('',(38.775,18.255,15.));
#3744=CARTESIAN_POINT('',(38.775,18.255,15.));
#3745=CARTESIAN_POINT('',(38.275,18.755,15.));
#3746=CARTESIAN_POINT('Origin',(38.275,18.255,15.));
#3747=CARTESIAN_POINT('',(25.275,18.755,15.));
#3748=CARTESIAN_POINT('',(44.325,18.755,15.));
#3749=CARTESIAN_POINT('',(43.825,18.255,15.));
#3750=CARTESIAN_POINT('Origin',(44.325,18.255,15.));
#3751=CARTESIAN_POINT('',(43.825,5.255,15.));
#3752=CARTESIAN_POINT('',(43.825,5.255,15.));
#3753=CARTESIAN_POINT('',(44.325,4.755,15.));
#3754=CARTESIAN_POINT('Origin',(44.325,5.255,15.));
#3755=CARTESIAN_POINT('',(57.325,4.755,15.));
#3756=CARTESIAN_POINT('',(57.325,4.755,15.));
#3757=CARTESIAN_POINT('',(57.825,5.255,15.));
#3758=CARTESIAN_POINT('Origin',(57.325,5.25500000000001,15.));
#3759=CARTESIAN_POINT('',(57.825,18.255,15.));
#3760=CARTESIAN_POINT('',(57.825,18.255,15.));
#3761=CARTESIAN_POINT('',(57.325,18.755,15.));
#3762=CARTESIAN_POINT('Origin',(57.325,18.255,15.));
#3763=CARTESIAN_POINT('',(44.325,18.755,15.));
#3764=CARTESIAN_POINT('',(63.375,37.805,15.));
#3765=CARTESIAN_POINT('',(62.875,37.305,15.));
#3766=CARTESIAN_POINT('Origin',(63.375,37.305,15.));
#3767=CARTESIAN_POINT('',(62.875,24.305,15.));
#3768=CARTESIAN_POINT('',(62.875,24.305,15.));
#3769=CARTESIAN_POINT('',(63.375,23.805,15.));
#3770=CARTESIAN_POINT('Origin',(63.375,24.305,15.));
#3771=CARTESIAN_POINT('',(76.375,23.805,15.));
#3772=CARTESIAN_POINT('',(76.375,23.805,15.));
#3773=CARTESIAN_POINT('',(76.875,24.305,15.));
#3774=CARTESIAN_POINT('Origin',(76.375,24.305,15.));
#3775=CARTESIAN_POINT('',(76.875,37.305,15.));
#3776=CARTESIAN_POINT('',(76.875,37.305,15.));
#3777=CARTESIAN_POINT('',(76.375,37.805,15.));
#3778=CARTESIAN_POINT('Origin',(76.375,37.305,15.));
#3779=CARTESIAN_POINT('',(63.375,37.805,15.));
#3780=CARTESIAN_POINT('',(6.225,18.755,15.));
#3781=CARTESIAN_POINT('',(5.725,18.255,15.));
#3782=CARTESIAN_POINT('Origin',(6.225,18.255,15.));
#3783=CARTESIAN_POINT('',(5.725,5.255,15.));
#3784=CARTESIAN_POINT('',(5.725,5.255,15.));
#3785=CARTESIAN_POINT('',(6.225,4.755,15.));
#3786=CARTESIAN_POINT('Origin',(6.225,5.255,15.));
#3787=CARTESIAN_POINT('',(19.225,4.755,15.));
#3788=CARTESIAN_POINT('',(19.225,4.755,15.));
#3789=CARTESIAN_POINT('',(19.725,5.255,15.));
#3790=CARTESIAN_POINT('Origin',(19.225,5.255,15.));
#3791=CARTESIAN_POINT('',(19.725,18.255,15.));
#3792=CARTESIAN_POINT('',(19.725,18.255,15.));
#3793=CARTESIAN_POINT('',(19.225,18.755,15.));
#3794=CARTESIAN_POINT('Origin',(19.225,18.255,15.));
#3795=CARTESIAN_POINT('',(6.225,18.755,15.));
#3796=CARTESIAN_POINT('',(6.225,37.805,15.));
#3797=CARTESIAN_POINT('',(5.725,37.305,15.));
#3798=CARTESIAN_POINT('Origin',(6.225,37.305,15.));
#3799=CARTESIAN_POINT('',(5.725,24.305,15.));
#3800=CARTESIAN_POINT('',(5.725,24.305,15.));
#3801=CARTESIAN_POINT('',(6.225,23.805,15.));
#3802=CARTESIAN_POINT('Origin',(6.225,24.305,15.));
#3803=CARTESIAN_POINT('',(19.225,23.805,15.));
#3804=CARTESIAN_POINT('',(19.225,23.805,15.));
#3805=CARTESIAN_POINT('',(19.725,24.305,15.));
#3806=CARTESIAN_POINT('Origin',(19.225,24.305,15.));
#3807=CARTESIAN_POINT('',(19.725,37.305,15.));
#3808=CARTESIAN_POINT('',(19.725,37.305,15.));
#3809=CARTESIAN_POINT('',(19.225,37.805,15.));
#3810=CARTESIAN_POINT('Origin',(19.225,37.305,15.));
#3811=CARTESIAN_POINT('',(6.225,37.805,15.));
#3812=CARTESIAN_POINT('',(25.275,37.805,15.));
#3813=CARTESIAN_POINT('',(24.775,37.305,15.));
#3814=CARTESIAN_POINT('Origin',(25.275,37.305,15.));
#3815=CARTESIAN_POINT('',(24.775,24.305,15.));
#3816=CARTESIAN_POINT('',(24.775,24.305,15.));
#3817=CARTESIAN_POINT('',(25.275,23.805,15.));
#3818=CARTESIAN_POINT('Origin',(25.275,24.305,15.));
#3819=CARTESIAN_POINT('',(38.275,23.805,15.));
#3820=CARTESIAN_POINT('',(38.275,23.805,15.));
#3821=CARTESIAN_POINT('',(38.775,24.305,15.));
#3822=CARTESIAN_POINT('Origin',(38.275,24.305,15.));
#3823=CARTESIAN_POINT('',(38.775,37.305,15.));
#3824=CARTESIAN_POINT('',(38.775,37.305,15.));
#3825=CARTESIAN_POINT('',(38.275,37.805,15.));
#3826=CARTESIAN_POINT('Origin',(38.275,37.305,15.));
#3827=CARTESIAN_POINT('',(25.275,37.805,15.));
#3828=CARTESIAN_POINT('',(6.28875827775264,48.68,15.));
#3829=CARTESIAN_POINT('',(18.6887582777526,48.68,15.));
#3830=CARTESIAN_POINT('',(29.9943791388763,48.68,15.));
#3831=CARTESIAN_POINT('',(18.6887582777526,60.68,15.));
#3832=CARTESIAN_POINT('',(18.6887582777526,46.415,15.));
#3833=CARTESIAN_POINT('',(6.28875827775264,60.68,15.));
#3834=CARTESIAN_POINT('',(23.7943791388763,60.68,15.));
#3835=CARTESIAN_POINT('',(6.28875827775264,40.415,15.));
#3836=CARTESIAN_POINT('',(64.4400039232895,60.6800023121759,15.));
#3837=CARTESIAN_POINT('',(64.4400039232895,48.6800023121759,15.));
#3838=CARTESIAN_POINT('',(64.4400039232895,40.415001156088,15.));
#3839=CARTESIAN_POINT('',(76.8400039232895,48.6800023121759,15.));
#3840=CARTESIAN_POINT('',(59.0700019616447,48.6800023121759,15.));
#3841=CARTESIAN_POINT('',(76.8400039232895,60.6800023121759,15.));
#3842=CARTESIAN_POINT('',(76.8400039232895,46.415001156088,15.));
#3843=CARTESIAN_POINT('',(52.8700019616447,60.6800023121759,15.));
#3844=CARTESIAN_POINT('Origin',(52.9868890058474,51.5000024461187,16.5));
#3845=CARTESIAN_POINT('',(52.9868890058474,51.5000024461187,16.5));
#3846=CARTESIAN_POINT('',(29.68875141014,51.5000024461187,16.5));
#3847=CARTESIAN_POINT('',(47.1434445029237,51.5000024461187,16.5));
#3848=CARTESIAN_POINT('',(52.9868890058474,51.5000024461187,16.5));
#3849=CARTESIAN_POINT('',(29.68875141014,51.5000024461187,16.5));
#3850=CARTESIAN_POINT('Origin',(52.9868890058474,57.2840024461187,16.5));
#3851=CARTESIAN_POINT('',(52.9868890058474,57.2840024461187,16.5));
#3852=CARTESIAN_POINT('',(52.9868890058474,44.7170012230594,16.5));
#3853=CARTESIAN_POINT('',(52.9868890058474,57.2840024461187,16.5));
#3854=CARTESIAN_POINT('Origin',(29.68875141014,57.2840024461187,16.5));
#3855=CARTESIAN_POINT('',(29.68875141014,57.2840024461187,16.5));
#3856=CARTESIAN_POINT('',(35.49437570507,57.2840024461187,16.5));
#3857=CARTESIAN_POINT('',(29.68875141014,57.2840024461187,16.5));
#3858=CARTESIAN_POINT('Origin',(29.68875141014,51.5000024461187,16.5));
#3859=CARTESIAN_POINT('',(29.68875141014,41.8250012230594,16.5));
#3860=CARTESIAN_POINT('Origin',(64.4400039232895,48.6800023121759,16.5));
#3861=CARTESIAN_POINT('',(64.4400039232895,48.6800023121759,16.5));
#3862=CARTESIAN_POINT('',(64.4400039232895,60.6800023121759,16.5));
#3863=CARTESIAN_POINT('',(64.4400039232895,40.415001156088,16.5));
#3864=CARTESIAN_POINT('',(64.4400039232895,48.6800023121759,16.5));
#3865=CARTESIAN_POINT('',(64.4400039232895,60.6800023121759,16.5));
#3866=CARTESIAN_POINT('Origin',(76.8400039232895,48.6800023121759,16.5));
#3867=CARTESIAN_POINT('',(76.8400039232895,48.6800023121759,16.5));
#3868=CARTESIAN_POINT('',(59.0700019616447,48.6800023121759,16.5));
#3869=CARTESIAN_POINT('',(76.8400039232895,48.6800023121759,16.5));
#3870=CARTESIAN_POINT('Origin',(76.8400039232895,60.6800023121759,16.5));
#3871=CARTESIAN_POINT('',(76.8400039232895,60.6800023121759,16.5));
#3872=CARTESIAN_POINT('',(76.8400039232895,46.415001156088,16.5));
#3873=CARTESIAN_POINT('',(76.8400039232895,60.6800023121759,16.5));
#3874=CARTESIAN_POINT('Origin',(64.4400039232895,60.6800023121759,16.5));
#3875=CARTESIAN_POINT('',(52.8700019616447,60.6800023121759,16.5));
#3876=CARTESIAN_POINT('Origin',(18.6887582777526,48.68,16.5));
#3877=CARTESIAN_POINT('',(18.6887582777526,48.68,16.5));
#3878=CARTESIAN_POINT('',(6.28875827775264,48.68,16.5));
#3879=CARTESIAN_POINT('',(29.9943791388763,48.68,16.5));
#3880=CARTESIAN_POINT('',(18.6887582777526,48.68,16.5));
#3881=CARTESIAN_POINT('',(6.28875827775264,48.68,16.5));
#3882=CARTESIAN_POINT('Origin',(18.6887582777526,60.68,16.5));
#3883=CARTESIAN_POINT('',(18.6887582777526,60.68,16.5));
#3884=CARTESIAN_POINT('',(18.6887582777526,46.415,16.5));
#3885=CARTESIAN_POINT('',(18.6887582777526,60.68,16.5));
#3886=CARTESIAN_POINT('Origin',(6.28875827775264,60.68,16.5));
#3887=CARTESIAN_POINT('',(6.28875827775264,60.68,16.5));
#3888=CARTESIAN_POINT('',(23.7943791388763,60.68,16.5));
#3889=CARTESIAN_POINT('',(6.28875827775264,60.68,16.5));
#3890=CARTESIAN_POINT('Origin',(6.28875827775264,48.68,16.5));
#3891=CARTESIAN_POINT('',(6.28875827775264,40.415,16.5));
#3892=CARTESIAN_POINT('Origin',(76.375,18.755,16.5));
#3893=CARTESIAN_POINT('',(63.375,18.755,16.5));
#3894=CARTESIAN_POINT('',(76.375,18.755,16.5));
#3895=CARTESIAN_POINT('',(63.375,18.755,16.5));
#3896=CARTESIAN_POINT('',(63.375,18.755,16.5));
#3897=CARTESIAN_POINT('',(76.375,18.755,16.5));
#3898=CARTESIAN_POINT('Origin',(76.375,18.255,16.5));
#3899=CARTESIAN_POINT('',(76.875,18.255,16.5));
#3900=CARTESIAN_POINT('Origin',(76.375,18.255,16.5));
#3901=CARTESIAN_POINT('',(76.875,18.255,16.5));
#3902=CARTESIAN_POINT('Origin',(76.875,5.255,16.5));
#3903=CARTESIAN_POINT('',(76.875,5.255,16.5));
#3904=CARTESIAN_POINT('',(76.875,18.255,16.5));
#3905=CARTESIAN_POINT('',(76.875,5.255,16.5));
#3906=CARTESIAN_POINT('Origin',(76.375,5.25500000000001,16.5));
#3907=CARTESIAN_POINT('',(76.375,4.755,16.5));
#3908=CARTESIAN_POINT('Origin',(76.375,5.25500000000001,16.5));
#3909=CARTESIAN_POINT('',(76.375,4.755,16.5));
#3910=CARTESIAN_POINT('Origin',(63.375,4.755,16.5));
#3911=CARTESIAN_POINT('',(63.375,4.755,16.5));
#3912=CARTESIAN_POINT('',(76.375,4.755,16.5));
#3913=CARTESIAN_POINT('',(63.375,4.755,16.5));
#3914=CARTESIAN_POINT('Origin',(63.375,5.255,16.5));
#3915=CARTESIAN_POINT('',(62.875,5.255,16.5));
#3916=CARTESIAN_POINT('Origin',(63.375,5.255,16.5));
#3917=CARTESIAN_POINT('',(62.875,5.255,16.5));
#3918=CARTESIAN_POINT('Origin',(62.875,18.255,16.5));
#3919=CARTESIAN_POINT('',(62.875,18.255,16.5));
#3920=CARTESIAN_POINT('',(62.875,5.255,16.5));
#3921=CARTESIAN_POINT('',(62.875,18.255,16.5));
#3922=CARTESIAN_POINT('Origin',(63.375,18.255,16.5));
#3923=CARTESIAN_POINT('Origin',(63.375,18.255,16.5));
#3924=CARTESIAN_POINT('Origin',(57.325,37.805,16.5));
#3925=CARTESIAN_POINT('',(44.325,37.805,16.5));
#3926=CARTESIAN_POINT('',(57.325,37.805,16.5));
#3927=CARTESIAN_POINT('',(44.325,37.805,16.5));
#3928=CARTESIAN_POINT('',(44.325,37.805,16.5));
#3929=CARTESIAN_POINT('',(57.325,37.805,16.5));
#3930=CARTESIAN_POINT('Origin',(57.325,37.305,16.5));
#3931=CARTESIAN_POINT('',(57.825,37.305,16.5));
#3932=CARTESIAN_POINT('Origin',(57.325,37.305,16.5));
#3933=CARTESIAN_POINT('',(57.825,37.305,16.5));
#3934=CARTESIAN_POINT('Origin',(57.825,24.305,16.5));
#3935=CARTESIAN_POINT('',(57.825,24.305,16.5));
#3936=CARTESIAN_POINT('',(57.825,37.305,16.5));
#3937=CARTESIAN_POINT('',(57.825,24.305,16.5));
#3938=CARTESIAN_POINT('Origin',(57.325,24.305,16.5));
#3939=CARTESIAN_POINT('',(57.325,23.805,16.5));
#3940=CARTESIAN_POINT('Origin',(57.325,24.305,16.5));
#3941=CARTESIAN_POINT('',(57.325,23.805,16.5));
#3942=CARTESIAN_POINT('Origin',(44.325,23.805,16.5));
#3943=CARTESIAN_POINT('',(44.325,23.805,16.5));
#3944=CARTESIAN_POINT('',(57.325,23.805,16.5));
#3945=CARTESIAN_POINT('',(44.325,23.805,16.5));
#3946=CARTESIAN_POINT('Origin',(44.325,24.305,16.5));
#3947=CARTESIAN_POINT('',(43.825,24.305,16.5));
#3948=CARTESIAN_POINT('Origin',(44.325,24.305,16.5));
#3949=CARTESIAN_POINT('',(43.825,24.305,16.5));
#3950=CARTESIAN_POINT('Origin',(43.825,37.305,16.5));
#3951=CARTESIAN_POINT('',(43.825,37.305,16.5));
#3952=CARTESIAN_POINT('',(43.825,24.305,16.5));
#3953=CARTESIAN_POINT('',(43.825,37.305,16.5));
#3954=CARTESIAN_POINT('Origin',(44.325,37.305,16.5));
#3955=CARTESIAN_POINT('Origin',(44.325,37.305,16.5));
#3956=CARTESIAN_POINT('Origin',(38.275,18.755,16.5));
#3957=CARTESIAN_POINT('',(25.275,18.755,16.5));
#3958=CARTESIAN_POINT('',(38.275,18.755,16.5));
#3959=CARTESIAN_POINT('',(25.275,18.755,16.5));
#3960=CARTESIAN_POINT('',(25.275,18.755,16.5));
#3961=CARTESIAN_POINT('',(38.275,18.755,16.5));
#3962=CARTESIAN_POINT('Origin',(38.275,18.255,16.5));
#3963=CARTESIAN_POINT('',(38.775,18.255,16.5));
#3964=CARTESIAN_POINT('Origin',(38.275,18.255,16.5));
#3965=CARTESIAN_POINT('',(38.775,18.255,16.5));
#3966=CARTESIAN_POINT('Origin',(38.775,5.255,16.5));
#3967=CARTESIAN_POINT('',(38.775,5.255,16.5));
#3968=CARTESIAN_POINT('',(38.775,18.255,16.5));
#3969=CARTESIAN_POINT('',(38.775,5.255,16.5));
#3970=CARTESIAN_POINT('Origin',(38.275,5.255,16.5));
#3971=CARTESIAN_POINT('',(38.275,4.755,16.5));
#3972=CARTESIAN_POINT('Origin',(38.275,5.255,16.5));
#3973=CARTESIAN_POINT('',(38.275,4.755,16.5));
#3974=CARTESIAN_POINT('Origin',(25.275,4.755,16.5));
#3975=CARTESIAN_POINT('',(25.275,4.755,16.5));
#3976=CARTESIAN_POINT('',(38.275,4.755,16.5));
#3977=CARTESIAN_POINT('',(25.275,4.755,16.5));
#3978=CARTESIAN_POINT('Origin',(25.275,5.255,16.5));
#3979=CARTESIAN_POINT('',(24.775,5.255,16.5));
#3980=CARTESIAN_POINT('Origin',(25.275,5.255,16.5));
#3981=CARTESIAN_POINT('',(24.775,5.255,16.5));
#3982=CARTESIAN_POINT('Origin',(24.775,18.255,16.5));
#3983=CARTESIAN_POINT('',(24.775,18.255,16.5));
#3984=CARTESIAN_POINT('',(24.775,5.255,16.5));
#3985=CARTESIAN_POINT('',(24.775,18.255,16.5));
#3986=CARTESIAN_POINT('Origin',(25.275,18.255,16.5));
#3987=CARTESIAN_POINT('Origin',(25.275,18.255,16.5));
#3988=CARTESIAN_POINT('Origin',(57.325,18.755,16.5));
#3989=CARTESIAN_POINT('',(44.325,18.755,16.5));
#3990=CARTESIAN_POINT('',(57.325,18.755,16.5));
#3991=CARTESIAN_POINT('',(44.325,18.755,16.5));
#3992=CARTESIAN_POINT('',(44.325,18.755,16.5));
#3993=CARTESIAN_POINT('',(57.325,18.755,16.5));
#3994=CARTESIAN_POINT('Origin',(57.325,18.255,16.5));
#3995=CARTESIAN_POINT('',(57.825,18.255,16.5));
#3996=CARTESIAN_POINT('Origin',(57.325,18.255,16.5));
#3997=CARTESIAN_POINT('',(57.825,18.255,16.5));
#3998=CARTESIAN_POINT('Origin',(57.825,5.255,16.5));
#3999=CARTESIAN_POINT('',(57.825,5.255,16.5));
#4000=CARTESIAN_POINT('',(57.825,18.255,16.5));
#4001=CARTESIAN_POINT('',(57.825,5.255,16.5));
#4002=CARTESIAN_POINT('Origin',(57.325,5.25500000000001,16.5));
#4003=CARTESIAN_POINT('',(57.325,4.755,16.5));
#4004=CARTESIAN_POINT('Origin',(57.325,5.25500000000001,16.5));
#4005=CARTESIAN_POINT('',(57.325,4.755,16.5));
#4006=CARTESIAN_POINT('Origin',(44.325,4.755,16.5));
#4007=CARTESIAN_POINT('',(44.325,4.755,16.5));
#4008=CARTESIAN_POINT('',(57.325,4.755,16.5));
#4009=CARTESIAN_POINT('',(44.325,4.755,16.5));
#4010=CARTESIAN_POINT('Origin',(44.325,5.255,16.5));
#4011=CARTESIAN_POINT('',(43.825,5.255,16.5));
#4012=CARTESIAN_POINT('Origin',(44.325,5.255,16.5));
#4013=CARTESIAN_POINT('',(43.825,5.255,16.5));
#4014=CARTESIAN_POINT('Origin',(43.825,18.255,16.5));
#4015=CARTESIAN_POINT('',(43.825,18.255,16.5));
#4016=CARTESIAN_POINT('',(43.825,5.255,16.5));
#4017=CARTESIAN_POINT('',(43.825,18.255,16.5));
#4018=CARTESIAN_POINT('Origin',(44.325,18.255,16.5));
#4019=CARTESIAN_POINT('Origin',(44.325,18.255,16.5));
#4020=CARTESIAN_POINT('Origin',(76.375,37.805,16.5));
#4021=CARTESIAN_POINT('',(63.375,37.805,16.5));
#4022=CARTESIAN_POINT('',(76.375,37.805,16.5));
#4023=CARTESIAN_POINT('',(63.375,37.805,16.5));
#4024=CARTESIAN_POINT('',(63.375,37.805,16.5));
#4025=CARTESIAN_POINT('',(76.375,37.805,16.5));
#4026=CARTESIAN_POINT('Origin',(76.375,37.305,16.5));
#4027=CARTESIAN_POINT('',(76.875,37.305,16.5));
#4028=CARTESIAN_POINT('Origin',(76.375,37.305,16.5));
#4029=CARTESIAN_POINT('',(76.875,37.305,16.5));
#4030=CARTESIAN_POINT('Origin',(76.875,24.305,16.5));
#4031=CARTESIAN_POINT('',(76.875,24.305,16.5));
#4032=CARTESIAN_POINT('',(76.875,37.305,16.5));
#4033=CARTESIAN_POINT('',(76.875,24.305,16.5));
#4034=CARTESIAN_POINT('Origin',(76.375,24.305,16.5));
#4035=CARTESIAN_POINT('',(76.375,23.805,16.5));
#4036=CARTESIAN_POINT('Origin',(76.375,24.305,16.5));
#4037=CARTESIAN_POINT('',(76.375,23.805,16.5));
#4038=CARTESIAN_POINT('Origin',(63.375,23.805,16.5));
#4039=CARTESIAN_POINT('',(63.375,23.805,16.5));
#4040=CARTESIAN_POINT('',(76.375,23.805,16.5));
#4041=CARTESIAN_POINT('',(63.375,23.805,16.5));
#4042=CARTESIAN_POINT('Origin',(63.375,24.305,16.5));
#4043=CARTESIAN_POINT('',(62.875,24.305,16.5));
#4044=CARTESIAN_POINT('Origin',(63.375,24.305,16.5));
#4045=CARTESIAN_POINT('',(62.875,24.305,16.5));
#4046=CARTESIAN_POINT('Origin',(62.875,37.305,16.5));
#4047=CARTESIAN_POINT('',(62.875,37.305,16.5));
#4048=CARTESIAN_POINT('',(62.875,24.305,16.5));
#4049=CARTESIAN_POINT('',(62.875,37.305,16.5));
#4050=CARTESIAN_POINT('Origin',(63.375,37.305,16.5));
#4051=CARTESIAN_POINT('Origin',(63.375,37.305,16.5));
#4052=CARTESIAN_POINT('Origin',(19.225,18.755,16.5));
#4053=CARTESIAN_POINT('',(6.225,18.755,16.5));
#4054=CARTESIAN_POINT('',(19.225,18.755,16.5));
#4055=CARTESIAN_POINT('',(6.225,18.755,16.5));
#4056=CARTESIAN_POINT('',(6.225,18.755,16.5));
#4057=CARTESIAN_POINT('',(19.225,18.755,16.5));
#4058=CARTESIAN_POINT('Origin',(19.225,18.255,16.5));
#4059=CARTESIAN_POINT('',(19.725,18.255,16.5));
#4060=CARTESIAN_POINT('Origin',(19.225,18.255,16.5));
#4061=CARTESIAN_POINT('',(19.725,18.255,16.5));
#4062=CARTESIAN_POINT('Origin',(19.725,5.255,16.5));
#4063=CARTESIAN_POINT('',(19.725,5.255,16.5));
#4064=CARTESIAN_POINT('',(19.725,18.255,16.5));
#4065=CARTESIAN_POINT('',(19.725,5.255,16.5));
#4066=CARTESIAN_POINT('Origin',(19.225,5.255,16.5));
#4067=CARTESIAN_POINT('',(19.225,4.755,16.5));
#4068=CARTESIAN_POINT('Origin',(19.225,5.255,16.5));
#4069=CARTESIAN_POINT('',(19.225,4.755,16.5));
#4070=CARTESIAN_POINT('Origin',(6.225,4.755,16.5));
#4071=CARTESIAN_POINT('',(6.225,4.755,16.5));
#4072=CARTESIAN_POINT('',(19.225,4.755,16.5));
#4073=CARTESIAN_POINT('',(6.225,4.755,16.5));
#4074=CARTESIAN_POINT('Origin',(6.225,5.255,16.5));
#4075=CARTESIAN_POINT('',(5.725,5.255,16.5));
#4076=CARTESIAN_POINT('Origin',(6.225,5.255,16.5));
#4077=CARTESIAN_POINT('',(5.725,5.255,16.5));
#4078=CARTESIAN_POINT('Origin',(5.725,18.255,16.5));
#4079=CARTESIAN_POINT('',(5.725,18.255,16.5));
#4080=CARTESIAN_POINT('',(5.725,5.255,16.5));
#4081=CARTESIAN_POINT('',(5.725,18.255,16.5));
#4082=CARTESIAN_POINT('Origin',(6.225,18.255,16.5));
#4083=CARTESIAN_POINT('Origin',(6.225,18.255,16.5));
#4084=CARTESIAN_POINT('Origin',(19.225,37.805,16.5));
#4085=CARTESIAN_POINT('',(6.225,37.805,16.5));
#4086=CARTESIAN_POINT('',(19.225,37.805,16.5));
#4087=CARTESIAN_POINT('',(6.225,37.805,16.5));
#4088=CARTESIAN_POINT('',(6.225,37.805,16.5));
#4089=CARTESIAN_POINT('',(19.225,37.805,16.5));
#4090=CARTESIAN_POINT('Origin',(19.225,37.305,16.5));
#4091=CARTESIAN_POINT('',(19.725,37.305,16.5));
#4092=CARTESIAN_POINT('Origin',(19.225,37.305,16.5));
#4093=CARTESIAN_POINT('',(19.725,37.305,16.5));
#4094=CARTESIAN_POINT('Origin',(19.725,24.305,16.5));
#4095=CARTESIAN_POINT('',(19.725,24.305,16.5));
#4096=CARTESIAN_POINT('',(19.725,37.305,16.5));
#4097=CARTESIAN_POINT('',(19.725,24.305,16.5));
#4098=CARTESIAN_POINT('Origin',(19.225,24.305,16.5));
#4099=CARTESIAN_POINT('',(19.225,23.805,16.5));
#4100=CARTESIAN_POINT('Origin',(19.225,24.305,16.5));
#4101=CARTESIAN_POINT('',(19.225,23.805,16.5));
#4102=CARTESIAN_POINT('Origin',(6.225,23.805,16.5));
#4103=CARTESIAN_POINT('',(6.225,23.805,16.5));
#4104=CARTESIAN_POINT('',(19.225,23.805,16.5));
#4105=CARTESIAN_POINT('',(6.225,23.805,16.5));
#4106=CARTESIAN_POINT('Origin',(6.225,24.305,16.5));
#4107=CARTESIAN_POINT('',(5.725,24.305,16.5));
#4108=CARTESIAN_POINT('Origin',(6.225,24.305,16.5));
#4109=CARTESIAN_POINT('',(5.725,24.305,16.5));
#4110=CARTESIAN_POINT('Origin',(5.725,37.305,16.5));
#4111=CARTESIAN_POINT('',(5.725,37.305,16.5));
#4112=CARTESIAN_POINT('',(5.725,24.305,16.5));
#4113=CARTESIAN_POINT('',(5.725,37.305,16.5));
#4114=CARTESIAN_POINT('Origin',(6.225,37.305,16.5));
#4115=CARTESIAN_POINT('Origin',(6.225,37.305,16.5));
#4116=CARTESIAN_POINT('Origin',(38.275,37.805,16.5));
#4117=CARTESIAN_POINT('',(25.275,37.805,16.5));
#4118=CARTESIAN_POINT('',(38.275,37.805,16.5));
#4119=CARTESIAN_POINT('',(25.275,37.805,16.5));
#4120=CARTESIAN_POINT('',(25.275,37.805,16.5));
#4121=CARTESIAN_POINT('',(38.275,37.805,16.5));
#4122=CARTESIAN_POINT('Origin',(38.275,37.305,16.5));
#4123=CARTESIAN_POINT('',(38.775,37.305,16.5));
#4124=CARTESIAN_POINT('Origin',(38.275,37.305,16.5));
#4125=CARTESIAN_POINT('',(38.775,37.305,16.5));
#4126=CARTESIAN_POINT('Origin',(38.775,24.305,16.5));
#4127=CARTESIAN_POINT('',(38.775,24.305,16.5));
#4128=CARTESIAN_POINT('',(38.775,37.305,16.5));
#4129=CARTESIAN_POINT('',(38.775,24.305,16.5));
#4130=CARTESIAN_POINT('Origin',(38.275,24.305,16.5));
#4131=CARTESIAN_POINT('',(38.275,23.805,16.5));
#4132=CARTESIAN_POINT('Origin',(38.275,24.305,16.5));
#4133=CARTESIAN_POINT('',(38.275,23.805,16.5));
#4134=CARTESIAN_POINT('Origin',(25.275,23.805,16.5));
#4135=CARTESIAN_POINT('',(25.275,23.805,16.5));
#4136=CARTESIAN_POINT('',(38.275,23.805,16.5));
#4137=CARTESIAN_POINT('',(25.275,23.805,16.5));
#4138=CARTESIAN_POINT('Origin',(25.275,24.305,16.5));
#4139=CARTESIAN_POINT('',(24.775,24.305,16.5));
#4140=CARTESIAN_POINT('Origin',(25.275,24.305,16.5));
#4141=CARTESIAN_POINT('',(24.775,24.305,16.5));
#4142=CARTESIAN_POINT('Origin',(24.775,37.305,16.5));
#4143=CARTESIAN_POINT('',(24.775,37.305,16.5));
#4144=CARTESIAN_POINT('',(24.775,24.305,16.5));
#4145=CARTESIAN_POINT('',(24.775,37.305,16.5));
#4146=CARTESIAN_POINT('Origin',(25.275,37.305,16.5));
#4147=CARTESIAN_POINT('Origin',(25.275,37.305,16.5));
#4148=CARTESIAN_POINT('Origin',(-10.,-10.,16.5));
#4149=CARTESIAN_POINT('',(-10.,74.3,16.5));
#4150=CARTESIAN_POINT('Origin',(92.6,74.3,16.5));
#4151=CARTESIAN_POINT('',(92.6,-10.,16.5));
#4152=CARTESIAN_POINT('Origin',(41.3,32.15,16.5));
#4153=UNCERTAINTY_MEASURE_WITH_UNIT(LENGTH_MEASURE(0.01),#4157,
'DISTANCE_ACCURACY_VALUE',
'Maximum model space distance between geometric entities at asserted c
onnectivities');
#4154=UNCERTAINTY_MEASURE_WITH_UNIT(LENGTH_MEASURE(0.01),#4157,
'DISTANCE_ACCURACY_VALUE',
'Maximum model space distance between geometric entities at asserted c
onnectivities');
#4155=(
GEOMETRIC_REPRESENTATION_CONTEXT(3)
GLOBAL_UNCERTAINTY_ASSIGNED_CONTEXT((#4153))
GLOBAL_UNIT_ASSIGNED_CONTEXT((#4157,#4159,#4160))
REPRESENTATION_CONTEXT('','3D')
);
#4156=(
GEOMETRIC_REPRESENTATION_CONTEXT(3)
GLOBAL_UNCERTAINTY_ASSIGNED_CONTEXT((#4154))
GLOBAL_UNIT_ASSIGNED_CONTEXT((#4157,#4159,#4160))
REPRESENTATION_CONTEXT('','3D')
);
#4157=(
LENGTH_UNIT()
NAMED_UNIT(*)
SI_UNIT(.MILLI.,.METRE.)
);
#4158=(
LENGTH_UNIT()
NAMED_UNIT(*)
SI_UNIT($,.METRE.)
);
#4159=(
NAMED_UNIT(*)
PLANE_ANGLE_UNIT()
SI_UNIT($,.RADIAN.)
);
#4160=(
NAMED_UNIT(*)
SI_UNIT($,.STERADIAN.)
SOLID_ANGLE_UNIT()
);
#4161=SHAPE_DEFINITION_REPRESENTATION(#4162,#4163);
#4162=PRODUCT_DEFINITION_SHAPE('',$,#4165);
#4163=SHAPE_REPRESENTATION('',(#2497),#4155);
#4164=PRODUCT_DEFINITION_CONTEXT('part definition',#4169,'design');
#4165=PRODUCT_DEFINITION('2026-09-06-19-07-55-393','Hackpad',#4166,#4164);
#4166=PRODUCT_DEFINITION_FORMATION('',$,#4171);
#4167=PRODUCT_RELATED_PRODUCT_CATEGORY('Hackpad','Hackpad',(#4171));
#4168=APPLICATION_PROTOCOL_DEFINITION('international standard',
'automotive_design',2009,#4169);
#4169=APPLICATION_CONTEXT(
'Core Data for Automotive Mechanical Design Process');
#4170=PRODUCT_CONTEXT('part definition',#4169,'mechanical');
#4171=PRODUCT('2026-09-06-19-07-55-393','Hackpad',$,(#4170));
#4172=PRESENTATION_STYLE_ASSIGNMENT((#4173));
#4173=SURFACE_STYLE_USAGE(.BOTH.,#4174);
#4174=SURFACE_SIDE_STYLE('',(#4175));
#4175=SURFACE_STYLE_FILL_AREA(#4176);
#4176=FILL_AREA_STYLE('Stahl - satiniert',(#4177));
#4177=FILL_AREA_STYLE_COLOUR('Stahl - satiniert',#4178);
#4178=COLOUR_RGB('Stahl - satiniert',0.627450980392157,0.627450980392157,
0.627450980392157);
ENDSEC;
END-ISO-10303-21;
