ISO-10303-21;
HEADER;
/* Generated by software containing ST-Developer
 * from STEP Tools, Inc. (www.steptools.com) 
 */

FILE_DESCRIPTION(
/* description */ (''),
/* implementation_level */ '2;1');

FILE_NAME(
/* name */ 'Top.step',
/* time_stamp */ '2026-09-26T22:35:13+02:00',
/* author */ (''),
/* organization */ (''),
/* preprocessor_version */ 'ST-DEVELOPER v20.2',
/* originating_system */ 'Autodesk Translation Framework v15.15.0.0',
/* authorisation */ '');

FILE_SCHEMA (('AUTOMOTIVE_DESIGN { 1 0 10303 214 3 1 1 }'));
ENDSEC;

DATA;
#10=MECHANICAL_DESIGN_GEOMETRIC_PRESENTATION_REPRESENTATION('',(#13),#3249);
#11=SHAPE_REPRESENTATION_RELATIONSHIP('SRR','None',#3255,#12);
#12=ADVANCED_BREP_SHAPE_REPRESENTATION('',(#14),#3248);
#13=STYLED_ITEM('',(#3265),#14);
#14=MANIFOLD_SOLID_BREP('Top',#1949);
#15=FACE_BOUND('',#202,.T.);
#16=FACE_BOUND('',#203,.T.);
#17=FACE_BOUND('',#204,.T.);
#18=FACE_BOUND('',#205,.T.);
#19=FACE_BOUND('',#206,.T.);
#20=FACE_BOUND('',#225,.T.);
#21=FACE_BOUND('',#226,.T.);
#22=FACE_BOUND('',#227,.T.);
#23=FACE_BOUND('',#228,.T.);
#24=FACE_BOUND('',#229,.T.);
#25=FACE_BOUND('',#230,.T.);
#26=FACE_BOUND('',#231,.T.);
#27=FACE_BOUND('',#232,.T.);
#28=FACE_BOUND('',#233,.T.);
#29=FACE_BOUND('',#234,.T.);
#30=FACE_BOUND('',#235,.T.);
#31=FACE_BOUND('',#315,.T.);
#32=FACE_BOUND('',#316,.T.);
#33=FACE_BOUND('',#317,.T.);
#34=FACE_BOUND('',#318,.T.);
#35=FACE_BOUND('',#319,.T.);
#36=FACE_BOUND('',#320,.T.);
#37=FACE_BOUND('',#321,.T.);
#38=FACE_BOUND('',#322,.T.);
#39=FACE_BOUND('',#323,.T.);
#40=FACE_BOUND('',#324,.T.);
#41=FACE_BOUND('',#325,.T.);
#42=PLANE('',#1954);
#43=PLANE('',#1962);
#44=PLANE('',#1967);
#45=PLANE('',#1972);
#46=PLANE('',#1975);
#47=PLANE('',#1978);
#48=PLANE('',#1981);
#49=PLANE('',#1982);
#50=PLANE('',#1983);
#51=PLANE('',#1984);
#52=PLANE('',#1985);
#53=PLANE('',#1986);
#54=PLANE('',#2019);
#55=PLANE('',#2020);
#56=PLANE('',#2021);
#57=PLANE('',#2022);
#58=PLANE('',#2023);
#59=PLANE('',#2024);
#60=PLANE('',#2025);
#61=PLANE('',#2026);
#62=PLANE('',#2027);
#63=PLANE('',#2028);
#64=PLANE('',#2029);
#65=PLANE('',#2030);
#66=PLANE('',#2031);
#67=PLANE('',#2034);
#68=PLANE('',#2037);
#69=PLANE('',#2040);
#70=PLANE('',#2043);
#71=PLANE('',#2046);
#72=PLANE('',#2049);
#73=PLANE('',#2052);
#74=PLANE('',#2055);
#75=PLANE('',#2058);
#76=PLANE('',#2061);
#77=PLANE('',#2064);
#78=PLANE('',#2067);
#79=PLANE('',#2070);
#80=PLANE('',#2073);
#81=PLANE('',#2076);
#82=PLANE('',#2079);
#83=PLANE('',#2082);
#84=PLANE('',#2085);
#85=PLANE('',#2088);
#86=PLANE('',#2091);
#87=PLANE('',#2094);
#88=PLANE('',#2097);
#89=PLANE('',#2100);
#90=PLANE('',#2103);
#91=PLANE('',#2106);
#92=PLANE('',#2109);
#93=PLANE('',#2112);
#94=PLANE('',#2115);
#95=PLANE('',#2118);
#96=PLANE('',#2121);
#97=PLANE('',#2124);
#98=PLANE('',#2127);
#99=PLANE('',#2128);
#100=PLANE('',#2129);
#101=FACE_OUTER_BOUND('',#200,.T.);
#102=FACE_OUTER_BOUND('',#201,.T.);
#103=FACE_OUTER_BOUND('',#207,.T.);
#104=FACE_OUTER_BOUND('',#208,.T.);
#105=FACE_OUTER_BOUND('',#209,.T.);
#106=FACE_OUTER_BOUND('',#210,.T.);
#107=FACE_OUTER_BOUND('',#211,.T.);
#108=FACE_OUTER_BOUND('',#212,.T.);
#109=FACE_OUTER_BOUND('',#213,.T.);
#110=FACE_OUTER_BOUND('',#214,.T.);
#111=FACE_OUTER_BOUND('',#215,.T.);
#112=FACE_OUTER_BOUND('',#216,.T.);
#113=FACE_OUTER_BOUND('',#217,.T.);
#114=FACE_OUTER_BOUND('',#218,.T.);
#115=FACE_OUTER_BOUND('',#219,.T.);
#116=FACE_OUTER_BOUND('',#220,.T.);
#117=FACE_OUTER_BOUND('',#221,.T.);
#118=FACE_OUTER_BOUND('',#222,.T.);
#119=FACE_OUTER_BOUND('',#223,.T.);
#120=FACE_OUTER_BOUND('',#224,.T.);
#121=FACE_OUTER_BOUND('',#236,.T.);
#122=FACE_OUTER_BOUND('',#237,.T.);
#123=FACE_OUTER_BOUND('',#238,.T.);
#124=FACE_OUTER_BOUND('',#239,.T.);
#125=FACE_OUTER_BOUND('',#240,.T.);
#126=FACE_OUTER_BOUND('',#241,.T.);
#127=FACE_OUTER_BOUND('',#242,.T.);
#128=FACE_OUTER_BOUND('',#243,.T.);
#129=FACE_OUTER_BOUND('',#244,.T.);
#130=FACE_OUTER_BOUND('',#245,.T.);
#131=FACE_OUTER_BOUND('',#246,.T.);
#132=FACE_OUTER_BOUND('',#247,.T.);
#133=FACE_OUTER_BOUND('',#248,.T.);
#134=FACE_OUTER_BOUND('',#249,.T.);
#135=FACE_OUTER_BOUND('',#250,.T.);
#136=FACE_OUTER_BOUND('',#251,.T.);
#137=FACE_OUTER_BOUND('',#252,.T.);
#138=FACE_OUTER_BOUND('',#253,.T.);
#139=FACE_OUTER_BOUND('',#254,.T.);
#140=FACE_OUTER_BOUND('',#255,.T.);
#141=FACE_OUTER_BOUND('',#256,.T.);
#142=FACE_OUTER_BOUND('',#257,.T.);
#143=FACE_OUTER_BOUND('',#258,.T.);
#144=FACE_OUTER_BOUND('',#259,.T.);
#145=FACE_OUTER_BOUND('',#260,.T.);
#146=FACE_OUTER_BOUND('',#261,.T.);
#147=FACE_OUTER_BOUND('',#262,.T.);
#148=FACE_OUTER_BOUND('',#263,.T.);
#149=FACE_OUTER_BOUND('',#264,.T.);
#150=FACE_OUTER_BOUND('',#265,.T.);
#151=FACE_OUTER_BOUND('',#266,.T.);
#152=FACE_OUTER_BOUND('',#267,.T.);
#153=FACE_OUTER_BOUND('',#268,.T.);
#154=FACE_OUTER_BOUND('',#269,.T.);
#155=FACE_OUTER_BOUND('',#270,.T.);
#156=FACE_OUTER_BOUND('',#271,.T.);
#157=FACE_OUTER_BOUND('',#272,.T.);
#158=FACE_OUTER_BOUND('',#273,.T.);
#159=FACE_OUTER_BOUND('',#274,.T.);
#160=FACE_OUTER_BOUND('',#275,.T.);
#161=FACE_OUTER_BOUND('',#276,.T.);
#162=FACE_OUTER_BOUND('',#277,.T.);
#163=FACE_OUTER_BOUND('',#278,.T.);
#164=FACE_OUTER_BOUND('',#279,.T.);
#165=FACE_OUTER_BOUND('',#280,.T.);
#166=FACE_OUTER_BOUND('',#281,.T.);
#167=FACE_OUTER_BOUND('',#282,.T.);
#168=FACE_OUTER_BOUND('',#283,.T.);
#169=FACE_OUTER_BOUND('',#284,.T.);
#170=FACE_OUTER_BOUND('',#285,.T.);
#171=FACE_OUTER_BOUND('',#286,.T.);
#172=FACE_OUTER_BOUND('',#287,.T.);
#173=FACE_OUTER_BOUND('',#288,.T.);
#174=FACE_OUTER_BOUND('',#289,.T.);
#175=FACE_OUTER_BOUND('',#290,.T.);
#176=FACE_OUTER_BOUND('',#291,.T.);
#177=FACE_OUTER_BOUND('',#292,.T.);
#178=FACE_OUTER_BOUND('',#293,.T.);
#179=FACE_OUTER_BOUND('',#294,.T.);
#180=FACE_OUTER_BOUND('',#295,.T.);
#181=FACE_OUTER_BOUND('',#296,.T.);
#182=FACE_OUTER_BOUND('',#297,.T.);
#183=FACE_OUTER_BOUND('',#298,.T.);
#184=FACE_OUTER_BOUND('',#299,.T.);
#185=FACE_OUTER_BOUND('',#300,.T.);
#186=FACE_OUTER_BOUND('',#301,.T.);
#187=FACE_OUTER_BOUND('',#302,.T.);
#188=FACE_OUTER_BOUND('',#303,.T.);
#189=FACE_OUTER_BOUND('',#304,.T.);
#190=FACE_OUTER_BOUND('',#305,.T.);
#191=FACE_OUTER_BOUND('',#306,.T.);
#192=FACE_OUTER_BOUND('',#307,.T.);
#193=FACE_OUTER_BOUND('',#308,.T.);
#194=FACE_OUTER_BOUND('',#309,.T.);
#195=FACE_OUTER_BOUND('',#310,.T.);
#196=FACE_OUTER_BOUND('',#311,.T.);
#197=FACE_OUTER_BOUND('',#312,.T.);
#198=FACE_OUTER_BOUND('',#313,.T.);
#199=FACE_OUTER_BOUND('',#314,.T.);
#200=EDGE_LOOP('',(#1258,#1259,#1260,#1261));
#201=EDGE_LOOP('',(#1262,#1263,#1264,#1265,#1266,#1267,#1268,#1269));
#202=EDGE_LOOP('',(#1270,#1271,#1272,#1273));
#203=EDGE_LOOP('',(#1274));
#204=EDGE_LOOP('',(#1275));
#205=EDGE_LOOP('',(#1276));
#206=EDGE_LOOP('',(#1277));
#207=EDGE_LOOP('',(#1278,#1279,#1280,#1281));
#208=EDGE_LOOP('',(#1282,#1283,#1284,#1285));
#209=EDGE_LOOP('',(#1286,#1287,#1288,#1289));
#210=EDGE_LOOP('',(#1290,#1291,#1292,#1293));
#211=EDGE_LOOP('',(#1294,#1295,#1296,#1297));
#212=EDGE_LOOP('',(#1298,#1299,#1300,#1301));
#213=EDGE_LOOP('',(#1302));
#214=EDGE_LOOP('',(#1303,#1304,#1305,#1306));
#215=EDGE_LOOP('',(#1307));
#216=EDGE_LOOP('',(#1308,#1309,#1310,#1311));
#217=EDGE_LOOP('',(#1312));
#218=EDGE_LOOP('',(#1313,#1314,#1315,#1316));
#219=EDGE_LOOP('',(#1317));
#220=EDGE_LOOP('',(#1318,#1319,#1320,#1321));
#221=EDGE_LOOP('',(#1322,#1323,#1324,#1325));
#222=EDGE_LOOP('',(#1326,#1327,#1328,#1329));
#223=EDGE_LOOP('',(#1330,#1331,#1332,#1333));
#224=EDGE_LOOP('',(#1334,#1335,#1336,#1337));
#225=EDGE_LOOP('',(#1338,#1339,#1340,#1341));
#226=EDGE_LOOP('',(#1342,#1343,#1344,#1345,#1346,#1347,#1348,#1349));
#227=EDGE_LOOP('',(#1350,#1351,#1352,#1353,#1354,#1355,#1356,#1357));
#228=EDGE_LOOP('',(#1358,#1359,#1360,#1361,#1362,#1363,#1364,#1365));
#229=EDGE_LOOP('',(#1366,#1367,#1368,#1369,#1370,#1371,#1372,#1373));
#230=EDGE_LOOP('',(#1374,#1375,#1376,#1377,#1378,#1379,#1380,#1381));
#231=EDGE_LOOP('',(#1382,#1383,#1384,#1385,#1386,#1387,#1388,#1389));
#232=EDGE_LOOP('',(#1390,#1391,#1392,#1393,#1394,#1395,#1396,#1397));
#233=EDGE_LOOP('',(#1398,#1399,#1400,#1401,#1402,#1403,#1404,#1405));
#234=EDGE_LOOP('',(#1406,#1407,#1408,#1409));
#235=EDGE_LOOP('',(#1410,#1411,#1412,#1413));
#236=EDGE_LOOP('',(#1414,#1415,#1416,#1417));
#237=EDGE_LOOP('',(#1418,#1419,#1420,#1421));
#238=EDGE_LOOP('',(#1422,#1423,#1424,#1425));
#239=EDGE_LOOP('',(#1426,#1427,#1428,#1429));
#240=EDGE_LOOP('',(#1430,#1431,#1432,#1433));
#241=EDGE_LOOP('',(#1434,#1435,#1436,#1437));
#242=EDGE_LOOP('',(#1438,#1439,#1440,#1441));
#243=EDGE_LOOP('',(#1442,#1443,#1444,#1445));
#244=EDGE_LOOP('',(#1446,#1447,#1448,#1449));
#245=EDGE_LOOP('',(#1450,#1451,#1452,#1453));
#246=EDGE_LOOP('',(#1454,#1455,#1456,#1457));
#247=EDGE_LOOP('',(#1458,#1459,#1460,#1461));
#248=EDGE_LOOP('',(#1462,#1463,#1464,#1465));
#249=EDGE_LOOP('',(#1466,#1467,#1468,#1469));
#250=EDGE_LOOP('',(#1470,#1471,#1472,#1473));
#251=EDGE_LOOP('',(#1474,#1475,#1476,#1477));
#252=EDGE_LOOP('',(#1478,#1479,#1480,#1481));
#253=EDGE_LOOP('',(#1482,#1483,#1484,#1485));
#254=EDGE_LOOP('',(#1486,#1487,#1488,#1489));
#255=EDGE_LOOP('',(#1490,#1491,#1492,#1493));
#256=EDGE_LOOP('',(#1494,#1495,#1496,#1497));
#257=EDGE_LOOP('',(#1498,#1499,#1500,#1501));
#258=EDGE_LOOP('',(#1502,#1503,#1504,#1505));
#259=EDGE_LOOP('',(#1506,#1507,#1508,#1509));
#260=EDGE_LOOP('',(#1510,#1511,#1512,#1513));
#261=EDGE_LOOP('',(#1514,#1515,#1516,#1517));
#262=EDGE_LOOP('',(#1518,#1519,#1520,#1521));
#263=EDGE_LOOP('',(#1522,#1523,#1524,#1525));
#264=EDGE_LOOP('',(#1526,#1527,#1528,#1529));
#265=EDGE_LOOP('',(#1530,#1531,#1532,#1533));
#266=EDGE_LOOP('',(#1534,#1535,#1536,#1537));
#267=EDGE_LOOP('',(#1538,#1539,#1540,#1541));
#268=EDGE_LOOP('',(#1542,#1543,#1544,#1545));
#269=EDGE_LOOP('',(#1546,#1547,#1548,#1549));
#270=EDGE_LOOP('',(#1550,#1551,#1552,#1553));
#271=EDGE_LOOP('',(#1554,#1555,#1556,#1557));
#272=EDGE_LOOP('',(#1558,#1559,#1560,#1561));
#273=EDGE_LOOP('',(#1562,#1563,#1564,#1565));
#274=EDGE_LOOP('',(#1566,#1567,#1568,#1569));
#275=EDGE_LOOP('',(#1570,#1571,#1572,#1573));
#276=EDGE_LOOP('',(#1574,#1575,#1576,#1577));
#277=EDGE_LOOP('',(#1578,#1579,#1580,#1581));
#278=EDGE_LOOP('',(#1582,#1583,#1584,#1585));
#279=EDGE_LOOP('',(#1586,#1587,#1588,#1589));
#280=EDGE_LOOP('',(#1590,#1591,#1592,#1593));
#281=EDGE_LOOP('',(#1594,#1595,#1596,#1597));
#282=EDGE_LOOP('',(#1598,#1599,#1600,#1601));
#283=EDGE_LOOP('',(#1602,#1603,#1604,#1605));
#284=EDGE_LOOP('',(#1606,#1607,#1608,#1609));
#285=EDGE_LOOP('',(#1610,#1611,#1612,#1613));
#286=EDGE_LOOP('',(#1614,#1615,#1616,#1617));
#287=EDGE_LOOP('',(#1618,#1619,#1620,#1621));
#288=EDGE_LOOP('',(#1622,#1623,#1624,#1625));
#289=EDGE_LOOP('',(#1626,#1627,#1628,#1629));
#290=EDGE_LOOP('',(#1630,#1631,#1632,#1633));
#291=EDGE_LOOP('',(#1634,#1635,#1636,#1637));
#292=EDGE_LOOP('',(#1638,#1639,#1640,#1641));
#293=EDGE_LOOP('',(#1642,#1643,#1644,#1645));
#294=EDGE_LOOP('',(#1646,#1647,#1648,#1649));
#295=EDGE_LOOP('',(#1650,#1651,#1652,#1653));
#296=EDGE_LOOP('',(#1654,#1655,#1656,#1657));
#297=EDGE_LOOP('',(#1658,#1659,#1660,#1661));
#298=EDGE_LOOP('',(#1662,#1663,#1664,#1665));
#299=EDGE_LOOP('',(#1666,#1667,#1668,#1669));
#300=EDGE_LOOP('',(#1670,#1671,#1672,#1673));
#301=EDGE_LOOP('',(#1674,#1675,#1676,#1677));
#302=EDGE_LOOP('',(#1678,#1679,#1680,#1681));
#303=EDGE_LOOP('',(#1682,#1683,#1684,#1685));
#304=EDGE_LOOP('',(#1686,#1687,#1688,#1689));
#305=EDGE_LOOP('',(#1690,#1691,#1692,#1693));
#306=EDGE_LOOP('',(#1694,#1695,#1696,#1697));
#307=EDGE_LOOP('',(#1698,#1699,#1700,#1701));
#308=EDGE_LOOP('',(#1702,#1703,#1704,#1705));
#309=EDGE_LOOP('',(#1706,#1707,#1708,#1709));
#310=EDGE_LOOP('',(#1710,#1711,#1712,#1713));
#311=EDGE_LOOP('',(#1714,#1715,#1716,#1717));
#312=EDGE_LOOP('',(#1718,#1719,#1720,#1721));
#313=EDGE_LOOP('',(#1722,#1723,#1724,#1725));
#314=EDGE_LOOP('',(#1726,#1727,#1728,#1729,#1730,#1731,#1732,#1733));
#315=EDGE_LOOP('',(#1734,#1735,#1736,#1737));
#316=EDGE_LOOP('',(#1738,#1739,#1740,#1741));
#317=EDGE_LOOP('',(#1742,#1743,#1744,#1745,#1746,#1747,#1748,#1749));
#318=EDGE_LOOP('',(#1750,#1751,#1752,#1753,#1754,#1755,#1756,#1757));
#319=EDGE_LOOP('',(#1758,#1759,#1760,#1761,#1762,#1763,#1764,#1765));
#320=EDGE_LOOP('',(#1766,#1767,#1768,#1769,#1770,#1771,#1772,#1773));
#321=EDGE_LOOP('',(#1774,#1775,#1776,#1777,#1778,#1779,#1780,#1781));
#322=EDGE_LOOP('',(#1782,#1783,#1784,#1785,#1786,#1787,#1788,#1789));
#323=EDGE_LOOP('',(#1790,#1791,#1792,#1793,#1794,#1795,#1796,#1797));
#324=EDGE_LOOP('',(#1798,#1799,#1800,#1801,#1802,#1803,#1804,#1805));
#325=EDGE_LOOP('',(#1806,#1807,#1808,#1809));
#326=LINE('',#2692,#522);
#327=LINE('',#2695,#523);
#328=LINE('',#2698,#524);
#329=LINE('',#2702,#525);
#330=LINE('',#2706,#526);
#331=LINE('',#2709,#527);
#332=LINE('',#2712,#528);
#333=LINE('',#2714,#529);
#334=LINE('',#2716,#530);
#335=LINE('',#2717,#531);
#336=LINE('',#2728,#532);
#337=LINE('',#2729,#533);
#338=LINE('',#2733,#534);
#339=LINE('',#2736,#535);
#340=LINE('',#2739,#536);
#341=LINE('',#2742,#537);
#342=LINE('',#2743,#538);
#343=LINE('',#2747,#539);
#344=LINE('',#2750,#540);
#345=LINE('',#2755,#541);
#346=LINE('',#2760,#542);
#347=LINE('',#2765,#543);
#348=LINE('',#2771,#544);
#349=LINE('',#2772,#545);
#350=LINE('',#2773,#546);
#351=LINE('',#2776,#547);
#352=LINE('',#2777,#548);
#353=LINE('',#2780,#549);
#354=LINE('',#2781,#550);
#355=LINE('',#2783,#551);
#356=LINE('',#2787,#552);
#357=LINE('',#2789,#553);
#358=LINE('',#2791,#554);
#359=LINE('',#2792,#555);
#360=LINE('',#2797,#556);
#361=LINE('',#2801,#557);
#362=LINE('',#2805,#558);
#363=LINE('',#2808,#559);
#364=LINE('',#2813,#560);
#365=LINE('',#2817,#561);
#366=LINE('',#2821,#562);
#367=LINE('',#2824,#563);
#368=LINE('',#2829,#564);
#369=LINE('',#2833,#565);
#370=LINE('',#2837,#566);
#371=LINE('',#2840,#567);
#372=LINE('',#2845,#568);
#373=LINE('',#2849,#569);
#374=LINE('',#2853,#570);
#375=LINE('',#2856,#571);
#376=LINE('',#2861,#572);
#377=LINE('',#2865,#573);
#378=LINE('',#2869,#574);
#379=LINE('',#2872,#575);
#380=LINE('',#2877,#576);
#381=LINE('',#2881,#577);
#382=LINE('',#2885,#578);
#383=LINE('',#2888,#579);
#384=LINE('',#2893,#580);
#385=LINE('',#2897,#581);
#386=LINE('',#2901,#582);
#387=LINE('',#2904,#583);
#388=LINE('',#2909,#584);
#389=LINE('',#2913,#585);
#390=LINE('',#2917,#586);
#391=LINE('',#2920,#587);
#392=LINE('',#2923,#588);
#393=LINE('',#2925,#589);
#394=LINE('',#2927,#590);
#395=LINE('',#2928,#591);
#396=LINE('',#2931,#592);
#397=LINE('',#2933,#593);
#398=LINE('',#2935,#594);
#399=LINE('',#2936,#595);
#400=LINE('',#2940,#596);
#401=LINE('',#2941,#597);
#402=LINE('',#2942,#598);
#403=LINE('',#2945,#599);
#404=LINE('',#2946,#600);
#405=LINE('',#2949,#601);
#406=LINE('',#2950,#602);
#407=LINE('',#2952,#603);
#408=LINE('',#2956,#604);
#409=LINE('',#2957,#605);
#410=LINE('',#2958,#606);
#411=LINE('',#2961,#607);
#412=LINE('',#2962,#608);
#413=LINE('',#2965,#609);
#414=LINE('',#2966,#610);
#415=LINE('',#2968,#611);
#416=LINE('',#2972,#612);
#417=LINE('',#2973,#613);
#418=LINE('',#2974,#614);
#419=LINE('',#2977,#615);
#420=LINE('',#2978,#616);
#421=LINE('',#2981,#617);
#422=LINE('',#2982,#618);
#423=LINE('',#2984,#619);
#424=LINE('',#2988,#620);
#425=LINE('',#2989,#621);
#426=LINE('',#2990,#622);
#427=LINE('',#2994,#623);
#428=LINE('',#2997,#624);
#429=LINE('',#2998,#625);
#430=LINE('',#3002,#626);
#431=LINE('',#3005,#627);
#432=LINE('',#3006,#628);
#433=LINE('',#3010,#629);
#434=LINE('',#3013,#630);
#435=LINE('',#3014,#631);
#436=LINE('',#3020,#632);
#437=LINE('',#3021,#633);
#438=LINE('',#3022,#634);
#439=LINE('',#3026,#635);
#440=LINE('',#3029,#636);
#441=LINE('',#3030,#637);
#442=LINE('',#3034,#638);
#443=LINE('',#3037,#639);
#444=LINE('',#3038,#640);
#445=LINE('',#3042,#641);
#446=LINE('',#3045,#642);
#447=LINE('',#3046,#643);
#448=LINE('',#3052,#644);
#449=LINE('',#3053,#645);
#450=LINE('',#3054,#646);
#451=LINE('',#3058,#647);
#452=LINE('',#3061,#648);
#453=LINE('',#3062,#649);
#454=LINE('',#3066,#650);
#455=LINE('',#3069,#651);
#456=LINE('',#3070,#652);
#457=LINE('',#3074,#653);
#458=LINE('',#3077,#654);
#459=LINE('',#3078,#655);
#460=LINE('',#3084,#656);
#461=LINE('',#3085,#657);
#462=LINE('',#3086,#658);
#463=LINE('',#3090,#659);
#464=LINE('',#3093,#660);
#465=LINE('',#3094,#661);
#466=LINE('',#3098,#662);
#467=LINE('',#3101,#663);
#468=LINE('',#3102,#664);
#469=LINE('',#3106,#665);
#470=LINE('',#3109,#666);
#471=LINE('',#3110,#667);
#472=LINE('',#3116,#668);
#473=LINE('',#3117,#669);
#474=LINE('',#3118,#670);
#475=LINE('',#3122,#671);
#476=LINE('',#3125,#672);
#477=LINE('',#3126,#673);
#478=LINE('',#3130,#674);
#479=LINE('',#3133,#675);
#480=LINE('',#3134,#676);
#481=LINE('',#3138,#677);
#482=LINE('',#3141,#678);
#483=LINE('',#3142,#679);
#484=LINE('',#3148,#680);
#485=LINE('',#3149,#681);
#486=LINE('',#3150,#682);
#487=LINE('',#3154,#683);
#488=LINE('',#3157,#684);
#489=LINE('',#3158,#685);
#490=LINE('',#3162,#686);
#491=LINE('',#3165,#687);
#492=LINE('',#3166,#688);
#493=LINE('',#3170,#689);
#494=LINE('',#3173,#690);
#495=LINE('',#3174,#691);
#496=LINE('',#3180,#692);
#497=LINE('',#3181,#693);
#498=LINE('',#3182,#694);
#499=LINE('',#3186,#695);
#500=LINE('',#3189,#696);
#501=LINE('',#3190,#697);
#502=LINE('',#3194,#698);
#503=LINE('',#3197,#699);
#504=LINE('',#3198,#700);
#505=LINE('',#3202,#701);
#506=LINE('',#3205,#702);
#507=LINE('',#3206,#703);
#508=LINE('',#3212,#704);
#509=LINE('',#3213,#705);
#510=LINE('',#3214,#706);
#511=LINE('',#3218,#707);
#512=LINE('',#3221,#708);
#513=LINE('',#3222,#709);
#514=LINE('',#3226,#710);
#515=LINE('',#3229,#711);
#516=LINE('',#3230,#712);
#517=LINE('',#3234,#713);
#518=LINE('',#3237,#714);
#519=LINE('',#3238,#715);
#520=LINE('',#3242,#716);
#521=LINE('',#3244,#717);
#522=VECTOR('',#2136,10.);
#523=VECTOR('',#2139,10.);
#524=VECTOR('',#2142,10.);
#525=VECTOR('',#2145,10.);
#526=VECTOR('',#2148,10.);
#527=VECTOR('',#2151,10.);
#528=VECTOR('',#2152,10.);
#529=VECTOR('',#2153,10.);
#530=VECTOR('',#2154,10.);
#531=VECTOR('',#2155,10.);
#532=VECTOR('',#2166,10.);
#533=VECTOR('',#2167,10.);
#534=VECTOR('',#2172,10.);
#535=VECTOR('',#2175,10.);
#536=VECTOR('',#2178,10.);
#537=VECTOR('',#2181,10.);
#538=VECTOR('',#2182,10.);
#539=VECTOR('',#2187,10.);
#540=VECTOR('',#2190,2.35);
#541=VECTOR('',#2197,2.34999999999999);
#542=VECTOR('',#2204,2.34999999999999);
#543=VECTOR('',#2211,2.35);
#544=VECTOR('',#2218,10.);
#545=VECTOR('',#2219,10.);
#546=VECTOR('',#2220,10.);
#547=VECTOR('',#2223,10.);
#548=VECTOR('',#2224,10.);
#549=VECTOR('',#2227,10.);
#550=VECTOR('',#2228,10.);
#551=VECTOR('',#2231,10.);
#552=VECTOR('',#2234,10.);
#553=VECTOR('',#2235,10.);
#554=VECTOR('',#2236,10.);
#555=VECTOR('',#2237,10.);
#556=VECTOR('',#2240,10.);
#557=VECTOR('',#2243,10.);
#558=VECTOR('',#2246,10.);
#559=VECTOR('',#2249,10.);
#560=VECTOR('',#2252,10.);
#561=VECTOR('',#2255,10.);
#562=VECTOR('',#2258,10.);
#563=VECTOR('',#2261,10.);
#564=VECTOR('',#2264,10.);
#565=VECTOR('',#2267,10.);
#566=VECTOR('',#2270,10.);
#567=VECTOR('',#2273,10.);
#568=VECTOR('',#2276,10.);
#569=VECTOR('',#2279,10.);
#570=VECTOR('',#2282,10.);
#571=VECTOR('',#2285,10.);
#572=VECTOR('',#2288,10.);
#573=VECTOR('',#2291,10.);
#574=VECTOR('',#2294,10.);
#575=VECTOR('',#2297,10.);
#576=VECTOR('',#2300,10.);
#577=VECTOR('',#2303,10.);
#578=VECTOR('',#2306,10.);
#579=VECTOR('',#2309,10.);
#580=VECTOR('',#2312,10.);
#581=VECTOR('',#2315,10.);
#582=VECTOR('',#2318,10.);
#583=VECTOR('',#2321,10.);
#584=VECTOR('',#2324,10.);
#585=VECTOR('',#2327,10.);
#586=VECTOR('',#2330,10.);
#587=VECTOR('',#2333,10.);
#588=VECTOR('',#2334,10.);
#589=VECTOR('',#2335,10.);
#590=VECTOR('',#2336,10.);
#591=VECTOR('',#2337,10.);
#592=VECTOR('',#2338,10.);
#593=VECTOR('',#2339,10.);
#594=VECTOR('',#2340,10.);
#595=VECTOR('',#2341,10.);
#596=VECTOR('',#2344,10.);
#597=VECTOR('',#2345,10.);
#598=VECTOR('',#2346,10.);
#599=VECTOR('',#2349,10.);
#600=VECTOR('',#2350,10.);
#601=VECTOR('',#2353,10.);
#602=VECTOR('',#2354,10.);
#603=VECTOR('',#2357,10.);
#604=VECTOR('',#2360,10.);
#605=VECTOR('',#2361,10.);
#606=VECTOR('',#2362,10.);
#607=VECTOR('',#2365,10.);
#608=VECTOR('',#2366,10.);
#609=VECTOR('',#2369,10.);
#610=VECTOR('',#2370,10.);
#611=VECTOR('',#2373,10.);
#612=VECTOR('',#2376,10.);
#613=VECTOR('',#2377,10.);
#614=VECTOR('',#2378,10.);
#615=VECTOR('',#2381,10.);
#616=VECTOR('',#2382,10.);
#617=VECTOR('',#2385,10.);
#618=VECTOR('',#2386,10.);
#619=VECTOR('',#2389,10.);
#620=VECTOR('',#2392,10.);
#621=VECTOR('',#2393,10.);
#622=VECTOR('',#2394,10.);
#623=VECTOR('',#2399,10.);
#624=VECTOR('',#2402,10.);
#625=VECTOR('',#2403,10.);
#626=VECTOR('',#2408,10.);
#627=VECTOR('',#2411,10.);
#628=VECTOR('',#2412,10.);
#629=VECTOR('',#2417,10.);
#630=VECTOR('',#2420,10.);
#631=VECTOR('',#2421,10.);
#632=VECTOR('',#2428,10.);
#633=VECTOR('',#2429,10.);
#634=VECTOR('',#2430,10.);
#635=VECTOR('',#2435,10.);
#636=VECTOR('',#2438,10.);
#637=VECTOR('',#2439,10.);
#638=VECTOR('',#2444,10.);
#639=VECTOR('',#2447,10.);
#640=VECTOR('',#2448,10.);
#641=VECTOR('',#2453,10.);
#642=VECTOR('',#2456,10.);
#643=VECTOR('',#2457,10.);
#644=VECTOR('',#2464,10.);
#645=VECTOR('',#2465,10.);
#646=VECTOR('',#2466,10.);
#647=VECTOR('',#2471,10.);
#648=VECTOR('',#2474,10.);
#649=VECTOR('',#2475,10.);
#650=VECTOR('',#2480,10.);
#651=VECTOR('',#2483,10.);
#652=VECTOR('',#2484,10.);
#653=VECTOR('',#2489,10.);
#654=VECTOR('',#2492,10.);
#655=VECTOR('',#2493,10.);
#656=VECTOR('',#2500,10.);
#657=VECTOR('',#2501,10.);
#658=VECTOR('',#2502,10.);
#659=VECTOR('',#2507,10.);
#660=VECTOR('',#2510,10.);
#661=VECTOR('',#2511,10.);
#662=VECTOR('',#2516,10.);
#663=VECTOR('',#2519,10.);
#664=VECTOR('',#2520,10.);
#665=VECTOR('',#2525,10.);
#666=VECTOR('',#2528,10.);
#667=VECTOR('',#2529,10.);
#668=VECTOR('',#2536,10.);
#669=VECTOR('',#2537,10.);
#670=VECTOR('',#2538,10.);
#671=VECTOR('',#2543,10.);
#672=VECTOR('',#2546,10.);
#673=VECTOR('',#2547,10.);
#674=VECTOR('',#2552,10.);
#675=VECTOR('',#2555,10.);
#676=VECTOR('',#2556,10.);
#677=VECTOR('',#2561,10.);
#678=VECTOR('',#2564,10.);
#679=VECTOR('',#2565,10.);
#680=VECTOR('',#2572,10.);
#681=VECTOR('',#2573,10.);
#682=VECTOR('',#2574,10.);
#683=VECTOR('',#2579,10.);
#684=VECTOR('',#2582,10.);
#685=VECTOR('',#2583,10.);
#686=VECTOR('',#2588,10.);
#687=VECTOR('',#2591,10.);
#688=VECTOR('',#2592,10.);
#689=VECTOR('',#2597,10.);
#690=VECTOR('',#2600,10.);
#691=VECTOR('',#2601,10.);
#692=VECTOR('',#2608,10.);
#693=VECTOR('',#2609,10.);
#694=VECTOR('',#2610,10.);
#695=VECTOR('',#2615,10.);
#696=VECTOR('',#2618,10.);
#697=VECTOR('',#2619,10.);
#698=VECTOR('',#2624,10.);
#699=VECTOR('',#2627,10.);
#700=VECTOR('',#2628,10.);
#701=VECTOR('',#2633,10.);
#702=VECTOR('',#2636,10.);
#703=VECTOR('',#2637,10.);
#704=VECTOR('',#2644,10.);
#705=VECTOR('',#2645,10.);
#706=VECTOR('',#2646,10.);
#707=VECTOR('',#2651,10.);
#708=VECTOR('',#2654,10.);
#709=VECTOR('',#2655,10.);
#710=VECTOR('',#2660,10.);
#711=VECTOR('',#2663,10.);
#712=VECTOR('',#2664,10.);
#713=VECTOR('',#2669,10.);
#714=VECTOR('',#2672,10.);
#715=VECTOR('',#2673,10.);
#716=VECTOR('',#2680,10.);
#717=VECTOR('',#2683,10.);
#718=CIRCLE('',#1952,7.);
#719=CIRCLE('',#1953,7.);
#720=CIRCLE('',#1955,7.);
#721=CIRCLE('',#1956,7.);
#722=CIRCLE('',#1957,7.);
#723=CIRCLE('',#1958,2.35);
#724=CIRCLE('',#1959,2.34999999999999);
#725=CIRCLE('',#1960,2.34999999999999);
#726=CIRCLE('',#1961,2.35);
#727=CIRCLE('',#1964,7.);
#728=CIRCLE('',#1966,7.);
#729=CIRCLE('',#1969,7.);
#730=CIRCLE('',#1971,2.35);
#731=CIRCLE('',#1974,2.34999999999999);
#732=CIRCLE('',#1977,2.34999999999999);
#733=CIRCLE('',#1980,2.35);
#734=CIRCLE('',#1987,0.499999999999994);
#735=CIRCLE('',#1988,0.499999999999998);
#736=CIRCLE('',#1989,0.500000000000007);
#737=CIRCLE('',#1990,0.499999999999998);
#738=CIRCLE('',#1991,0.500000000000003);
#739=CIRCLE('',#1992,0.499999999999998);
#740=CIRCLE('',#1993,0.499999999999998);
#741=CIRCLE('',#1994,0.499999999999998);
#742=CIRCLE('',#1995,0.499999999999998);
#743=CIRCLE('',#1996,0.499999999999998);
#744=CIRCLE('',#1997,0.499999999999998);
#745=CIRCLE('',#1998,0.499999999999998);
#746=CIRCLE('',#1999,0.499999999999998);
#747=CIRCLE('',#2000,0.499999999999998);
#748=CIRCLE('',#2001,0.500000000000007);
#749=CIRCLE('',#2002,0.499999999999998);
#750=CIRCLE('',#2003,0.499999999999998);
#751=CIRCLE('',#2004,0.499999999999998);
#752=CIRCLE('',#2005,0.499999999999998);
#753=CIRCLE('',#2006,0.499999999999998);
#754=CIRCLE('',#2007,0.499999999999998);
#755=CIRCLE('',#2008,0.499999999999999);
#756=CIRCLE('',#2009,0.500000000000003);
#757=CIRCLE('',#2010,0.499999999999996);
#758=CIRCLE('',#2011,0.500000000000003);
#759=CIRCLE('',#2012,0.5);
#760=CIRCLE('',#2013,0.499999999999998);
#761=CIRCLE('',#2014,0.499999999999998);
#762=CIRCLE('',#2015,0.499999999999998);
#763=CIRCLE('',#2016,0.499999999999998);
#764=CIRCLE('',#2017,0.499999999999998);
#765=CIRCLE('',#2018,0.500000000000003);
#766=CIRCLE('',#2033,0.499999999999998);
#767=CIRCLE('',#2036,0.500000000000007);
#768=CIRCLE('',#2039,0.499999999999998);
#769=CIRCLE('',#2042,0.499999999999994);
#770=CIRCLE('',#2045,0.499999999999998);
#771=CIRCLE('',#2048,0.499999999999998);
#772=CIRCLE('',#2051,0.499999999999998);
#773=CIRCLE('',#2054,0.500000000000003);
#774=CIRCLE('',#2057,0.499999999999998);
#775=CIRCLE('',#2060,0.499999999999998);
#776=CIRCLE('',#2063,0.499999999999998);
#777=CIRCLE('',#2066,0.499999999999998);
#778=CIRCLE('',#2069,0.499999999999998);
#779=CIRCLE('',#2072,0.500000000000007);
#780=CIRCLE('',#2075,0.499999999999998);
#781=CIRCLE('',#2078,0.499999999999998);
#782=CIRCLE('',#2081,0.499999999999998);
#783=CIRCLE('',#2084,0.499999999999998);
#784=CIRCLE('',#2087,0.499999999999998);
#785=CIRCLE('',#2090,0.499999999999998);
#786=CIRCLE('',#2093,0.499999999999996);
#787=CIRCLE('',#2096,0.500000000000003);
#788=CIRCLE('',#2099,0.499999999999999);
#789=CIRCLE('',#2102,0.499999999999998);
#790=CIRCLE('',#2105,0.499999999999998);
#791=CIRCLE('',#2108,0.499999999999998);
#792=CIRCLE('',#2111,0.5);
#793=CIRCLE('',#2114,0.500000000000003);
#794=CIRCLE('',#2117,0.500000000000003);
#795=CIRCLE('',#2120,0.499999999999998);
#796=CIRCLE('',#2123,0.499999999999998);
#797=CIRCLE('',#2126,0.499999999999998);
#798=VERTEX_POINT('',#2688);
#799=VERTEX_POINT('',#2689);
#800=VERTEX_POINT('',#2691);
#801=VERTEX_POINT('',#2693);
#802=VERTEX_POINT('',#2697);
#803=VERTEX_POINT('',#2699);
#804=VERTEX_POINT('',#2701);
#805=VERTEX_POINT('',#2703);
#806=VERTEX_POINT('',#2705);
#807=VERTEX_POINT('',#2707);
#808=VERTEX_POINT('',#2710);
#809=VERTEX_POINT('',#2711);
#810=VERTEX_POINT('',#2713);
#811=VERTEX_POINT('',#2715);
#812=VERTEX_POINT('',#2718);
#813=VERTEX_POINT('',#2720);
#814=VERTEX_POINT('',#2722);
#815=VERTEX_POINT('',#2724);
#816=VERTEX_POINT('',#2727);
#817=VERTEX_POINT('',#2731);
#818=VERTEX_POINT('',#2735);
#819=VERTEX_POINT('',#2737);
#820=VERTEX_POINT('',#2741);
#821=VERTEX_POINT('',#2745);
#822=VERTEX_POINT('',#2749);
#823=VERTEX_POINT('',#2754);
#824=VERTEX_POINT('',#2759);
#825=VERTEX_POINT('',#2764);
#826=VERTEX_POINT('',#2769);
#827=VERTEX_POINT('',#2770);
#828=VERTEX_POINT('',#2775);
#829=VERTEX_POINT('',#2779);
#830=VERTEX_POINT('',#2785);
#831=VERTEX_POINT('',#2786);
#832=VERTEX_POINT('',#2788);
#833=VERTEX_POINT('',#2790);
#834=VERTEX_POINT('',#2793);
#835=VERTEX_POINT('',#2794);
#836=VERTEX_POINT('',#2796);
#837=VERTEX_POINT('',#2798);
#838=VERTEX_POINT('',#2800);
#839=VERTEX_POINT('',#2802);
#840=VERTEX_POINT('',#2804);
#841=VERTEX_POINT('',#2806);
#842=VERTEX_POINT('',#2809);
#843=VERTEX_POINT('',#2810);
#844=VERTEX_POINT('',#2812);
#845=VERTEX_POINT('',#2814);
#846=VERTEX_POINT('',#2816);
#847=VERTEX_POINT('',#2818);
#848=VERTEX_POINT('',#2820);
#849=VERTEX_POINT('',#2822);
#850=VERTEX_POINT('',#2825);
#851=VERTEX_POINT('',#2826);
#852=VERTEX_POINT('',#2828);
#853=VERTEX_POINT('',#2830);
#854=VERTEX_POINT('',#2832);
#855=VERTEX_POINT('',#2834);
#856=VERTEX_POINT('',#2836);
#857=VERTEX_POINT('',#2838);
#858=VERTEX_POINT('',#2841);
#859=VERTEX_POINT('',#2842);
#860=VERTEX_POINT('',#2844);
#861=VERTEX_POINT('',#2846);
#862=VERTEX_POINT('',#2848);
#863=VERTEX_POINT('',#2850);
#864=VERTEX_POINT('',#2852);
#865=VERTEX_POINT('',#2854);
#866=VERTEX_POINT('',#2857);
#867=VERTEX_POINT('',#2858);
#868=VERTEX_POINT('',#2860);
#869=VERTEX_POINT('',#2862);
#870=VERTEX_POINT('',#2864);
#871=VERTEX_POINT('',#2866);
#872=VERTEX_POINT('',#2868);
#873=VERTEX_POINT('',#2870);
#874=VERTEX_POINT('',#2873);
#875=VERTEX_POINT('',#2874);
#876=VERTEX_POINT('',#2876);
#877=VERTEX_POINT('',#2878);
#878=VERTEX_POINT('',#2880);
#879=VERTEX_POINT('',#2882);
#880=VERTEX_POINT('',#2884);
#881=VERTEX_POINT('',#2886);
#882=VERTEX_POINT('',#2889);
#883=VERTEX_POINT('',#2890);
#884=VERTEX_POINT('',#2892);
#885=VERTEX_POINT('',#2894);
#886=VERTEX_POINT('',#2896);
#887=VERTEX_POINT('',#2898);
#888=VERTEX_POINT('',#2900);
#889=VERTEX_POINT('',#2902);
#890=VERTEX_POINT('',#2905);
#891=VERTEX_POINT('',#2906);
#892=VERTEX_POINT('',#2908);
#893=VERTEX_POINT('',#2910);
#894=VERTEX_POINT('',#2912);
#895=VERTEX_POINT('',#2914);
#896=VERTEX_POINT('',#2916);
#897=VERTEX_POINT('',#2918);
#898=VERTEX_POINT('',#2921);
#899=VERTEX_POINT('',#2922);
#900=VERTEX_POINT('',#2924);
#901=VERTEX_POINT('',#2926);
#902=VERTEX_POINT('',#2929);
#903=VERTEX_POINT('',#2930);
#904=VERTEX_POINT('',#2932);
#905=VERTEX_POINT('',#2934);
#906=VERTEX_POINT('',#2938);
#907=VERTEX_POINT('',#2939);
#908=VERTEX_POINT('',#2944);
#909=VERTEX_POINT('',#2948);
#910=VERTEX_POINT('',#2954);
#911=VERTEX_POINT('',#2955);
#912=VERTEX_POINT('',#2960);
#913=VERTEX_POINT('',#2964);
#914=VERTEX_POINT('',#2970);
#915=VERTEX_POINT('',#2971);
#916=VERTEX_POINT('',#2976);
#917=VERTEX_POINT('',#2980);
#918=VERTEX_POINT('',#2986);
#919=VERTEX_POINT('',#2987);
#920=VERTEX_POINT('',#2992);
#921=VERTEX_POINT('',#2996);
#922=VERTEX_POINT('',#3000);
#923=VERTEX_POINT('',#3004);
#924=VERTEX_POINT('',#3008);
#925=VERTEX_POINT('',#3012);
#926=VERTEX_POINT('',#3018);
#927=VERTEX_POINT('',#3019);
#928=VERTEX_POINT('',#3024);
#929=VERTEX_POINT('',#3028);
#930=VERTEX_POINT('',#3032);
#931=VERTEX_POINT('',#3036);
#932=VERTEX_POINT('',#3040);
#933=VERTEX_POINT('',#3044);
#934=VERTEX_POINT('',#3050);
#935=VERTEX_POINT('',#3051);
#936=VERTEX_POINT('',#3056);
#937=VERTEX_POINT('',#3060);
#938=VERTEX_POINT('',#3064);
#939=VERTEX_POINT('',#3068);
#940=VERTEX_POINT('',#3072);
#941=VERTEX_POINT('',#3076);
#942=VERTEX_POINT('',#3082);
#943=VERTEX_POINT('',#3083);
#944=VERTEX_POINT('',#3088);
#945=VERTEX_POINT('',#3092);
#946=VERTEX_POINT('',#3096);
#947=VERTEX_POINT('',#3100);
#948=VERTEX_POINT('',#3104);
#949=VERTEX_POINT('',#3108);
#950=VERTEX_POINT('',#3114);
#951=VERTEX_POINT('',#3115);
#952=VERTEX_POINT('',#3120);
#953=VERTEX_POINT('',#3124);
#954=VERTEX_POINT('',#3128);
#955=VERTEX_POINT('',#3132);
#956=VERTEX_POINT('',#3136);
#957=VERTEX_POINT('',#3140);
#958=VERTEX_POINT('',#3146);
#959=VERTEX_POINT('',#3147);
#960=VERTEX_POINT('',#3152);
#961=VERTEX_POINT('',#3156);
#962=VERTEX_POINT('',#3160);
#963=VERTEX_POINT('',#3164);
#964=VERTEX_POINT('',#3168);
#965=VERTEX_POINT('',#3172);
#966=VERTEX_POINT('',#3178);
#967=VERTEX_POINT('',#3179);
#968=VERTEX_POINT('',#3184);
#969=VERTEX_POINT('',#3188);
#970=VERTEX_POINT('',#3192);
#971=VERTEX_POINT('',#3196);
#972=VERTEX_POINT('',#3200);
#973=VERTEX_POINT('',#3204);
#974=VERTEX_POINT('',#3210);
#975=VERTEX_POINT('',#3211);
#976=VERTEX_POINT('',#3216);
#977=VERTEX_POINT('',#3220);
#978=VERTEX_POINT('',#3224);
#979=VERTEX_POINT('',#3228);
#980=VERTEX_POINT('',#3232);
#981=VERTEX_POINT('',#3236);
#982=EDGE_CURVE('',#798,#799,#718,.T.);
#983=EDGE_CURVE('',#799,#800,#326,.T.);
#984=EDGE_CURVE('',#800,#801,#719,.T.);
#985=EDGE_CURVE('',#801,#798,#327,.T.);
#986=EDGE_CURVE('',#798,#802,#328,.T.);
#987=EDGE_CURVE('',#803,#802,#720,.T.);
#988=EDGE_CURVE('',#803,#804,#329,.T.);
#989=EDGE_CURVE('',#805,#804,#721,.T.);
#990=EDGE_CURVE('',#805,#806,#330,.T.);
#991=EDGE_CURVE('',#807,#806,#722,.T.);
#992=EDGE_CURVE('',#807,#799,#331,.T.);
#993=EDGE_CURVE('',#808,#809,#332,.T.);
#994=EDGE_CURVE('',#809,#810,#333,.T.);
#995=EDGE_CURVE('',#810,#811,#334,.T.);
#996=EDGE_CURVE('',#811,#808,#335,.T.);
#997=EDGE_CURVE('',#812,#812,#723,.T.);
#998=EDGE_CURVE('',#813,#813,#724,.T.);
#999=EDGE_CURVE('',#814,#814,#725,.T.);
#1000=EDGE_CURVE('',#815,#815,#726,.T.);
#1001=EDGE_CURVE('',#816,#801,#336,.T.);
#1002=EDGE_CURVE('',#802,#816,#337,.T.);
#1003=EDGE_CURVE('',#816,#817,#727,.T.);
#1004=EDGE_CURVE('',#817,#803,#338,.T.);
#1005=EDGE_CURVE('',#804,#818,#339,.T.);
#1006=EDGE_CURVE('',#818,#819,#728,.T.);
#1007=EDGE_CURVE('',#819,#805,#340,.T.);
#1008=EDGE_CURVE('',#820,#819,#341,.T.);
#1009=EDGE_CURVE('',#806,#820,#342,.T.);
#1010=EDGE_CURVE('',#820,#821,#729,.T.);
#1011=EDGE_CURVE('',#821,#807,#343,.T.);
#1012=EDGE_CURVE('',#815,#822,#344,.T.);
#1013=EDGE_CURVE('',#822,#822,#730,.T.);
#1014=EDGE_CURVE('',#814,#823,#345,.T.);
#1015=EDGE_CURVE('',#823,#823,#731,.T.);
#1016=EDGE_CURVE('',#813,#824,#346,.T.);
#1017=EDGE_CURVE('',#824,#824,#732,.T.);
#1018=EDGE_CURVE('',#812,#825,#347,.T.);
#1019=EDGE_CURVE('',#825,#825,#733,.T.);
#1020=EDGE_CURVE('',#826,#827,#348,.T.);
#1021=EDGE_CURVE('',#826,#808,#349,.T.);
#1022=EDGE_CURVE('',#827,#811,#350,.T.);
#1023=EDGE_CURVE('',#827,#828,#351,.T.);
#1024=EDGE_CURVE('',#828,#810,#352,.T.);
#1025=EDGE_CURVE('',#828,#829,#353,.T.);
#1026=EDGE_CURVE('',#829,#809,#354,.T.);
#1027=EDGE_CURVE('',#829,#826,#355,.T.);
#1028=EDGE_CURVE('',#830,#831,#356,.T.);
#1029=EDGE_CURVE('',#831,#832,#357,.T.);
#1030=EDGE_CURVE('',#832,#833,#358,.T.);
#1031=EDGE_CURVE('',#833,#830,#359,.T.);
#1032=EDGE_CURVE('',#834,#835,#734,.T.);
#1033=EDGE_CURVE('',#835,#836,#360,.T.);
#1034=EDGE_CURVE('',#836,#837,#735,.T.);
#1035=EDGE_CURVE('',#837,#838,#361,.T.);
#1036=EDGE_CURVE('',#838,#839,#736,.T.);
#1037=EDGE_CURVE('',#839,#840,#362,.T.);
#1038=EDGE_CURVE('',#840,#841,#737,.T.);
#1039=EDGE_CURVE('',#841,#834,#363,.T.);
#1040=EDGE_CURVE('',#842,#843,#738,.T.);
#1041=EDGE_CURVE('',#843,#844,#364,.T.);
#1042=EDGE_CURVE('',#844,#845,#739,.T.);
#1043=EDGE_CURVE('',#845,#846,#365,.T.);
#1044=EDGE_CURVE('',#846,#847,#740,.T.);
#1045=EDGE_CURVE('',#847,#848,#366,.T.);
#1046=EDGE_CURVE('',#848,#849,#741,.T.);
#1047=EDGE_CURVE('',#849,#842,#367,.T.);
#1048=EDGE_CURVE('',#850,#851,#742,.T.);
#1049=EDGE_CURVE('',#851,#852,#368,.T.);
#1050=EDGE_CURVE('',#852,#853,#743,.T.);
#1051=EDGE_CURVE('',#853,#854,#369,.T.);
#1052=EDGE_CURVE('',#854,#855,#744,.T.);
#1053=EDGE_CURVE('',#855,#856,#370,.T.);
#1054=EDGE_CURVE('',#856,#857,#745,.T.);
#1055=EDGE_CURVE('',#857,#850,#371,.T.);
#1056=EDGE_CURVE('',#858,#859,#746,.T.);
#1057=EDGE_CURVE('',#859,#860,#372,.T.);
#1058=EDGE_CURVE('',#860,#861,#747,.T.);
#1059=EDGE_CURVE('',#861,#862,#373,.T.);
#1060=EDGE_CURVE('',#862,#863,#748,.T.);
#1061=EDGE_CURVE('',#863,#864,#374,.T.);
#1062=EDGE_CURVE('',#864,#865,#749,.T.);
#1063=EDGE_CURVE('',#865,#858,#375,.T.);
#1064=EDGE_CURVE('',#866,#867,#750,.T.);
#1065=EDGE_CURVE('',#867,#868,#376,.T.);
#1066=EDGE_CURVE('',#868,#869,#751,.T.);
#1067=EDGE_CURVE('',#869,#870,#377,.T.);
#1068=EDGE_CURVE('',#870,#871,#752,.T.);
#1069=EDGE_CURVE('',#871,#872,#378,.T.);
#1070=EDGE_CURVE('',#872,#873,#753,.T.);
#1071=EDGE_CURVE('',#873,#866,#379,.T.);
#1072=EDGE_CURVE('',#874,#875,#754,.T.);
#1073=EDGE_CURVE('',#875,#876,#380,.T.);
#1074=EDGE_CURVE('',#876,#877,#755,.T.);
#1075=EDGE_CURVE('',#877,#878,#381,.T.);
#1076=EDGE_CURVE('',#878,#879,#756,.T.);
#1077=EDGE_CURVE('',#879,#880,#382,.T.);
#1078=EDGE_CURVE('',#880,#881,#757,.T.);
#1079=EDGE_CURVE('',#881,#874,#383,.T.);
#1080=EDGE_CURVE('',#882,#883,#758,.T.);
#1081=EDGE_CURVE('',#883,#884,#384,.T.);
#1082=EDGE_CURVE('',#884,#885,#759,.T.);
#1083=EDGE_CURVE('',#885,#886,#385,.T.);
#1084=EDGE_CURVE('',#886,#887,#760,.T.);
#1085=EDGE_CURVE('',#887,#888,#386,.T.);
#1086=EDGE_CURVE('',#888,#889,#761,.T.);
#1087=EDGE_CURVE('',#889,#882,#387,.T.);
#1088=EDGE_CURVE('',#890,#891,#762,.T.);
#1089=EDGE_CURVE('',#891,#892,#388,.T.);
#1090=EDGE_CURVE('',#892,#893,#763,.T.);
#1091=EDGE_CURVE('',#893,#894,#389,.T.);
#1092=EDGE_CURVE('',#894,#895,#764,.T.);
#1093=EDGE_CURVE('',#895,#896,#390,.T.);
#1094=EDGE_CURVE('',#896,#897,#765,.T.);
#1095=EDGE_CURVE('',#897,#890,#391,.T.);
#1096=EDGE_CURVE('',#898,#899,#392,.T.);
#1097=EDGE_CURVE('',#899,#900,#393,.T.);
#1098=EDGE_CURVE('',#900,#901,#394,.T.);
#1099=EDGE_CURVE('',#901,#898,#395,.T.);
#1100=EDGE_CURVE('',#902,#903,#396,.T.);
#1101=EDGE_CURVE('',#903,#904,#397,.T.);
#1102=EDGE_CURVE('',#904,#905,#398,.T.);
#1103=EDGE_CURVE('',#905,#902,#399,.T.);
#1104=EDGE_CURVE('',#906,#907,#400,.T.);
#1105=EDGE_CURVE('',#906,#831,#401,.T.);
#1106=EDGE_CURVE('',#907,#830,#402,.T.);
#1107=EDGE_CURVE('',#908,#906,#403,.T.);
#1108=EDGE_CURVE('',#908,#832,#404,.T.);
#1109=EDGE_CURVE('',#909,#908,#405,.T.);
#1110=EDGE_CURVE('',#909,#833,#406,.T.);
#1111=EDGE_CURVE('',#907,#909,#407,.T.);
#1112=EDGE_CURVE('',#910,#911,#408,.T.);
#1113=EDGE_CURVE('',#910,#903,#409,.T.);
#1114=EDGE_CURVE('',#911,#902,#410,.T.);
#1115=EDGE_CURVE('',#912,#910,#411,.T.);
#1116=EDGE_CURVE('',#912,#904,#412,.T.);
#1117=EDGE_CURVE('',#913,#912,#413,.T.);
#1118=EDGE_CURVE('',#913,#905,#414,.T.);
#1119=EDGE_CURVE('',#911,#913,#415,.T.);
#1120=EDGE_CURVE('',#914,#915,#416,.T.);
#1121=EDGE_CURVE('',#914,#899,#417,.T.);
#1122=EDGE_CURVE('',#915,#898,#418,.T.);
#1123=EDGE_CURVE('',#916,#914,#419,.T.);
#1124=EDGE_CURVE('',#916,#900,#420,.T.);
#1125=EDGE_CURVE('',#917,#916,#421,.T.);
#1126=EDGE_CURVE('',#917,#901,#422,.T.);
#1127=EDGE_CURVE('',#915,#917,#423,.T.);
#1128=EDGE_CURVE('',#918,#919,#424,.T.);
#1129=EDGE_CURVE('',#918,#834,#425,.T.);
#1130=EDGE_CURVE('',#919,#841,#426,.T.);
#1131=EDGE_CURVE('',#919,#920,#766,.T.);
#1132=EDGE_CURVE('',#920,#840,#427,.T.);
#1133=EDGE_CURVE('',#920,#921,#428,.T.);
#1134=EDGE_CURVE('',#921,#839,#429,.T.);
#1135=EDGE_CURVE('',#921,#922,#767,.T.);
#1136=EDGE_CURVE('',#922,#838,#430,.T.);
#1137=EDGE_CURVE('',#922,#923,#431,.T.);
#1138=EDGE_CURVE('',#923,#837,#432,.T.);
#1139=EDGE_CURVE('',#923,#924,#768,.T.);
#1140=EDGE_CURVE('',#924,#836,#433,.T.);
#1141=EDGE_CURVE('',#924,#925,#434,.T.);
#1142=EDGE_CURVE('',#925,#835,#435,.T.);
#1143=EDGE_CURVE('',#925,#918,#769,.T.);
#1144=EDGE_CURVE('',#926,#927,#436,.T.);
#1145=EDGE_CURVE('',#926,#842,#437,.T.);
#1146=EDGE_CURVE('',#927,#849,#438,.T.);
#1147=EDGE_CURVE('',#927,#928,#770,.T.);
#1148=EDGE_CURVE('',#928,#848,#439,.T.);
#1149=EDGE_CURVE('',#928,#929,#440,.T.);
#1150=EDGE_CURVE('',#929,#847,#441,.T.);
#1151=EDGE_CURVE('',#929,#930,#771,.T.);
#1152=EDGE_CURVE('',#930,#846,#442,.T.);
#1153=EDGE_CURVE('',#930,#931,#443,.T.);
#1154=EDGE_CURVE('',#931,#845,#444,.T.);
#1155=EDGE_CURVE('',#931,#932,#772,.T.);
#1156=EDGE_CURVE('',#932,#844,#445,.T.);
#1157=EDGE_CURVE('',#932,#933,#446,.T.);
#1158=EDGE_CURVE('',#933,#843,#447,.T.);
#1159=EDGE_CURVE('',#933,#926,#773,.T.);
#1160=EDGE_CURVE('',#934,#935,#448,.T.);
#1161=EDGE_CURVE('',#934,#850,#449,.T.);
#1162=EDGE_CURVE('',#935,#857,#450,.T.);
#1163=EDGE_CURVE('',#935,#936,#774,.T.);
#1164=EDGE_CURVE('',#936,#856,#451,.T.);
#1165=EDGE_CURVE('',#936,#937,#452,.T.);
#1166=EDGE_CURVE('',#937,#855,#453,.T.);
#1167=EDGE_CURVE('',#937,#938,#775,.T.);
#1168=EDGE_CURVE('',#938,#854,#454,.T.);
#1169=EDGE_CURVE('',#938,#939,#455,.T.);
#1170=EDGE_CURVE('',#939,#853,#456,.T.);
#1171=EDGE_CURVE('',#939,#940,#776,.T.);
#1172=EDGE_CURVE('',#940,#852,#457,.T.);
#1173=EDGE_CURVE('',#940,#941,#458,.T.);
#1174=EDGE_CURVE('',#941,#851,#459,.T.);
#1175=EDGE_CURVE('',#941,#934,#777,.T.);
#1176=EDGE_CURVE('',#942,#943,#460,.T.);
#1177=EDGE_CURVE('',#942,#858,#461,.T.);
#1178=EDGE_CURVE('',#943,#865,#462,.T.);
#1179=EDGE_CURVE('',#943,#944,#778,.T.);
#1180=EDGE_CURVE('',#944,#864,#463,.T.);
#1181=EDGE_CURVE('',#944,#945,#464,.T.);
#1182=EDGE_CURVE('',#945,#863,#465,.T.);
#1183=EDGE_CURVE('',#945,#946,#779,.T.);
#1184=EDGE_CURVE('',#946,#862,#466,.T.);
#1185=EDGE_CURVE('',#946,#947,#467,.T.);
#1186=EDGE_CURVE('',#947,#861,#468,.T.);
#1187=EDGE_CURVE('',#947,#948,#780,.T.);
#1188=EDGE_CURVE('',#948,#860,#469,.T.);
#1189=EDGE_CURVE('',#948,#949,#470,.T.);
#1190=EDGE_CURVE('',#949,#859,#471,.T.);
#1191=EDGE_CURVE('',#949,#942,#781,.T.);
#1192=EDGE_CURVE('',#950,#951,#472,.T.);
#1193=EDGE_CURVE('',#950,#866,#473,.T.);
#1194=EDGE_CURVE('',#951,#873,#474,.T.);
#1195=EDGE_CURVE('',#951,#952,#782,.T.);
#1196=EDGE_CURVE('',#952,#872,#475,.T.);
#1197=EDGE_CURVE('',#952,#953,#476,.T.);
#1198=EDGE_CURVE('',#953,#871,#477,.T.);
#1199=EDGE_CURVE('',#953,#954,#783,.T.);
#1200=EDGE_CURVE('',#954,#870,#478,.T.);
#1201=EDGE_CURVE('',#954,#955,#479,.T.);
#1202=EDGE_CURVE('',#955,#869,#480,.T.);
#1203=EDGE_CURVE('',#955,#956,#784,.T.);
#1204=EDGE_CURVE('',#956,#868,#481,.T.);
#1205=EDGE_CURVE('',#956,#957,#482,.T.);
#1206=EDGE_CURVE('',#957,#867,#483,.T.);
#1207=EDGE_CURVE('',#957,#950,#785,.T.);
#1208=EDGE_CURVE('',#958,#959,#484,.T.);
#1209=EDGE_CURVE('',#958,#874,#485,.T.);
#1210=EDGE_CURVE('',#959,#881,#486,.T.);
#1211=EDGE_CURVE('',#959,#960,#786,.T.);
#1212=EDGE_CURVE('',#960,#880,#487,.T.);
#1213=EDGE_CURVE('',#960,#961,#488,.T.);
#1214=EDGE_CURVE('',#961,#879,#489,.T.);
#1215=EDGE_CURVE('',#961,#962,#787,.T.);
#1216=EDGE_CURVE('',#962,#878,#490,.T.);
#1217=EDGE_CURVE('',#962,#963,#491,.T.);
#1218=EDGE_CURVE('',#963,#877,#492,.T.);
#1219=EDGE_CURVE('',#963,#964,#788,.T.);
#1220=EDGE_CURVE('',#964,#876,#493,.T.);
#1221=EDGE_CURVE('',#964,#965,#494,.T.);
#1222=EDGE_CURVE('',#965,#875,#495,.T.);
#1223=EDGE_CURVE('',#965,#958,#789,.T.);
#1224=EDGE_CURVE('',#966,#967,#496,.T.);
#1225=EDGE_CURVE('',#966,#882,#497,.T.);
#1226=EDGE_CURVE('',#967,#889,#498,.T.);
#1227=EDGE_CURVE('',#967,#968,#790,.T.);
#1228=EDGE_CURVE('',#968,#888,#499,.T.);
#1229=EDGE_CURVE('',#968,#969,#500,.T.);
#1230=EDGE_CURVE('',#969,#887,#501,.T.);
#1231=EDGE_CURVE('',#969,#970,#791,.T.);
#1232=EDGE_CURVE('',#970,#886,#502,.T.);
#1233=EDGE_CURVE('',#970,#971,#503,.T.);
#1234=EDGE_CURVE('',#971,#885,#504,.T.);
#1235=EDGE_CURVE('',#971,#972,#792,.T.);
#1236=EDGE_CURVE('',#972,#884,#505,.T.);
#1237=EDGE_CURVE('',#972,#973,#506,.T.);
#1238=EDGE_CURVE('',#973,#883,#507,.T.);
#1239=EDGE_CURVE('',#973,#966,#793,.T.);
#1240=EDGE_CURVE('',#974,#975,#508,.T.);
#1241=EDGE_CURVE('',#974,#890,#509,.T.);
#1242=EDGE_CURVE('',#975,#897,#510,.T.);
#1243=EDGE_CURVE('',#975,#976,#794,.T.);
#1244=EDGE_CURVE('',#976,#896,#511,.T.);
#1245=EDGE_CURVE('',#976,#977,#512,.T.);
#1246=EDGE_CURVE('',#977,#895,#513,.T.);
#1247=EDGE_CURVE('',#977,#978,#795,.T.);
#1248=EDGE_CURVE('',#978,#894,#514,.T.);
#1249=EDGE_CURVE('',#978,#979,#515,.T.);
#1250=EDGE_CURVE('',#979,#893,#516,.T.);
#1251=EDGE_CURVE('',#979,#980,#796,.T.);
#1252=EDGE_CURVE('',#980,#892,#517,.T.);
#1253=EDGE_CURVE('',#980,#981,#518,.T.);
#1254=EDGE_CURVE('',#981,#891,#519,.T.);
#1255=EDGE_CURVE('',#981,#974,#797,.T.);
#1256=EDGE_CURVE('',#818,#817,#520,.T.);
#1257=EDGE_CURVE('',#800,#821,#521,.T.);
#1258=ORIENTED_EDGE('',*,*,#982,.T.);
#1259=ORIENTED_EDGE('',*,*,#983,.T.);
#1260=ORIENTED_EDGE('',*,*,#984,.T.);
#1261=ORIENTED_EDGE('',*,*,#985,.T.);
#1262=ORIENTED_EDGE('',*,*,#982,.F.);
#1263=ORIENTED_EDGE('',*,*,#986,.T.);
#1264=ORIENTED_EDGE('',*,*,#987,.F.);
#1265=ORIENTED_EDGE('',*,*,#988,.T.);
#1266=ORIENTED_EDGE('',*,*,#989,.F.);
#1267=ORIENTED_EDGE('',*,*,#990,.T.);
#1268=ORIENTED_EDGE('',*,*,#991,.F.);
#1269=ORIENTED_EDGE('',*,*,#992,.T.);
#1270=ORIENTED_EDGE('',*,*,#993,.T.);
#1271=ORIENTED_EDGE('',*,*,#994,.T.);
#1272=ORIENTED_EDGE('',*,*,#995,.T.);
#1273=ORIENTED_EDGE('',*,*,#996,.T.);
#1274=ORIENTED_EDGE('',*,*,#997,.T.);
#1275=ORIENTED_EDGE('',*,*,#998,.T.);
#1276=ORIENTED_EDGE('',*,*,#999,.T.);
#1277=ORIENTED_EDGE('',*,*,#1000,.T.);
#1278=ORIENTED_EDGE('',*,*,#985,.F.);
#1279=ORIENTED_EDGE('',*,*,#1001,.F.);
#1280=ORIENTED_EDGE('',*,*,#1002,.F.);
#1281=ORIENTED_EDGE('',*,*,#986,.F.);
#1282=ORIENTED_EDGE('',*,*,#987,.T.);
#1283=ORIENTED_EDGE('',*,*,#1002,.T.);
#1284=ORIENTED_EDGE('',*,*,#1003,.T.);
#1285=ORIENTED_EDGE('',*,*,#1004,.T.);
#1286=ORIENTED_EDGE('',*,*,#989,.T.);
#1287=ORIENTED_EDGE('',*,*,#1005,.T.);
#1288=ORIENTED_EDGE('',*,*,#1006,.T.);
#1289=ORIENTED_EDGE('',*,*,#1007,.T.);
#1290=ORIENTED_EDGE('',*,*,#1007,.F.);
#1291=ORIENTED_EDGE('',*,*,#1008,.F.);
#1292=ORIENTED_EDGE('',*,*,#1009,.F.);
#1293=ORIENTED_EDGE('',*,*,#990,.F.);
#1294=ORIENTED_EDGE('',*,*,#991,.T.);
#1295=ORIENTED_EDGE('',*,*,#1009,.T.);
#1296=ORIENTED_EDGE('',*,*,#1010,.T.);
#1297=ORIENTED_EDGE('',*,*,#1011,.T.);
#1298=ORIENTED_EDGE('',*,*,#1000,.F.);
#1299=ORIENTED_EDGE('',*,*,#1012,.T.);
#1300=ORIENTED_EDGE('',*,*,#1013,.T.);
#1301=ORIENTED_EDGE('',*,*,#1012,.F.);
#1302=ORIENTED_EDGE('',*,*,#1013,.F.);
#1303=ORIENTED_EDGE('',*,*,#999,.F.);
#1304=ORIENTED_EDGE('',*,*,#1014,.T.);
#1305=ORIENTED_EDGE('',*,*,#1015,.T.);
#1306=ORIENTED_EDGE('',*,*,#1014,.F.);
#1307=ORIENTED_EDGE('',*,*,#1015,.F.);
#1308=ORIENTED_EDGE('',*,*,#998,.F.);
#1309=ORIENTED_EDGE('',*,*,#1016,.T.);
#1310=ORIENTED_EDGE('',*,*,#1017,.T.);
#1311=ORIENTED_EDGE('',*,*,#1016,.F.);
#1312=ORIENTED_EDGE('',*,*,#1017,.F.);
#1313=ORIENTED_EDGE('',*,*,#997,.F.);
#1314=ORIENTED_EDGE('',*,*,#1018,.T.);
#1315=ORIENTED_EDGE('',*,*,#1019,.T.);
#1316=ORIENTED_EDGE('',*,*,#1018,.F.);
#1317=ORIENTED_EDGE('',*,*,#1019,.F.);
#1318=ORIENTED_EDGE('',*,*,#1020,.F.);
#1319=ORIENTED_EDGE('',*,*,#1021,.T.);
#1320=ORIENTED_EDGE('',*,*,#996,.F.);
#1321=ORIENTED_EDGE('',*,*,#1022,.F.);
#1322=ORIENTED_EDGE('',*,*,#1023,.F.);
#1323=ORIENTED_EDGE('',*,*,#1022,.T.);
#1324=ORIENTED_EDGE('',*,*,#995,.F.);
#1325=ORIENTED_EDGE('',*,*,#1024,.F.);
#1326=ORIENTED_EDGE('',*,*,#1025,.F.);
#1327=ORIENTED_EDGE('',*,*,#1024,.T.);
#1328=ORIENTED_EDGE('',*,*,#994,.F.);
#1329=ORIENTED_EDGE('',*,*,#1026,.F.);
#1330=ORIENTED_EDGE('',*,*,#1027,.F.);
#1331=ORIENTED_EDGE('',*,*,#1026,.T.);
#1332=ORIENTED_EDGE('',*,*,#993,.F.);
#1333=ORIENTED_EDGE('',*,*,#1021,.F.);
#1334=ORIENTED_EDGE('',*,*,#1020,.T.);
#1335=ORIENTED_EDGE('',*,*,#1023,.T.);
#1336=ORIENTED_EDGE('',*,*,#1025,.T.);
#1337=ORIENTED_EDGE('',*,*,#1027,.T.);
#1338=ORIENTED_EDGE('',*,*,#1028,.T.);
#1339=ORIENTED_EDGE('',*,*,#1029,.T.);
#1340=ORIENTED_EDGE('',*,*,#1030,.T.);
#1341=ORIENTED_EDGE('',*,*,#1031,.T.);
#1342=ORIENTED_EDGE('',*,*,#1032,.T.);
#1343=ORIENTED_EDGE('',*,*,#1033,.T.);
#1344=ORIENTED_EDGE('',*,*,#1034,.T.);
#1345=ORIENTED_EDGE('',*,*,#1035,.T.);
#1346=ORIENTED_EDGE('',*,*,#1036,.T.);
#1347=ORIENTED_EDGE('',*,*,#1037,.T.);
#1348=ORIENTED_EDGE('',*,*,#1038,.T.);
#1349=ORIENTED_EDGE('',*,*,#1039,.T.);
#1350=ORIENTED_EDGE('',*,*,#1040,.T.);
#1351=ORIENTED_EDGE('',*,*,#1041,.T.);
#1352=ORIENTED_EDGE('',*,*,#1042,.T.);
#1353=ORIENTED_EDGE('',*,*,#1043,.T.);
#1354=ORIENTED_EDGE('',*,*,#1044,.T.);
#1355=ORIENTED_EDGE('',*,*,#1045,.T.);
#1356=ORIENTED_EDGE('',*,*,#1046,.T.);
#1357=ORIENTED_EDGE('',*,*,#1047,.T.);
#1358=ORIENTED_EDGE('',*,*,#1048,.T.);
#1359=ORIENTED_EDGE('',*,*,#1049,.T.);
#1360=ORIENTED_EDGE('',*,*,#1050,.T.);
#1361=ORIENTED_EDGE('',*,*,#1051,.T.);
#1362=ORIENTED_EDGE('',*,*,#1052,.T.);
#1363=ORIENTED_EDGE('',*,*,#1053,.T.);
#1364=ORIENTED_EDGE('',*,*,#1054,.T.);
#1365=ORIENTED_EDGE('',*,*,#1055,.T.);
#1366=ORIENTED_EDGE('',*,*,#1056,.T.);
#1367=ORIENTED_EDGE('',*,*,#1057,.T.);
#1368=ORIENTED_EDGE('',*,*,#1058,.T.);
#1369=ORIENTED_EDGE('',*,*,#1059,.T.);
#1370=ORIENTED_EDGE('',*,*,#1060,.T.);
#1371=ORIENTED_EDGE('',*,*,#1061,.T.);
#1372=ORIENTED_EDGE('',*,*,#1062,.T.);
#1373=ORIENTED_EDGE('',*,*,#1063,.T.);
#1374=ORIENTED_EDGE('',*,*,#1064,.T.);
#1375=ORIENTED_EDGE('',*,*,#1065,.T.);
#1376=ORIENTED_EDGE('',*,*,#1066,.T.);
#1377=ORIENTED_EDGE('',*,*,#1067,.T.);
#1378=ORIENTED_EDGE('',*,*,#1068,.T.);
#1379=ORIENTED_EDGE('',*,*,#1069,.T.);
#1380=ORIENTED_EDGE('',*,*,#1070,.T.);
#1381=ORIENTED_EDGE('',*,*,#1071,.T.);
#1382=ORIENTED_EDGE('',*,*,#1072,.T.);
#1383=ORIENTED_EDGE('',*,*,#1073,.T.);
#1384=ORIENTED_EDGE('',*,*,#1074,.T.);
#1385=ORIENTED_EDGE('',*,*,#1075,.T.);
#1386=ORIENTED_EDGE('',*,*,#1076,.T.);
#1387=ORIENTED_EDGE('',*,*,#1077,.T.);
#1388=ORIENTED_EDGE('',*,*,#1078,.T.);
#1389=ORIENTED_EDGE('',*,*,#1079,.T.);
#1390=ORIENTED_EDGE('',*,*,#1080,.T.);
#1391=ORIENTED_EDGE('',*,*,#1081,.T.);
#1392=ORIENTED_EDGE('',*,*,#1082,.T.);
#1393=ORIENTED_EDGE('',*,*,#1083,.T.);
#1394=ORIENTED_EDGE('',*,*,#1084,.T.);
#1395=ORIENTED_EDGE('',*,*,#1085,.T.);
#1396=ORIENTED_EDGE('',*,*,#1086,.T.);
#1397=ORIENTED_EDGE('',*,*,#1087,.T.);
#1398=ORIENTED_EDGE('',*,*,#1088,.T.);
#1399=ORIENTED_EDGE('',*,*,#1089,.T.);
#1400=ORIENTED_EDGE('',*,*,#1090,.T.);
#1401=ORIENTED_EDGE('',*,*,#1091,.T.);
#1402=ORIENTED_EDGE('',*,*,#1092,.T.);
#1403=ORIENTED_EDGE('',*,*,#1093,.T.);
#1404=ORIENTED_EDGE('',*,*,#1094,.T.);
#1405=ORIENTED_EDGE('',*,*,#1095,.T.);
#1406=ORIENTED_EDGE('',*,*,#1096,.T.);
#1407=ORIENTED_EDGE('',*,*,#1097,.T.);
#1408=ORIENTED_EDGE('',*,*,#1098,.T.);
#1409=ORIENTED_EDGE('',*,*,#1099,.T.);
#1410=ORIENTED_EDGE('',*,*,#1100,.T.);
#1411=ORIENTED_EDGE('',*,*,#1101,.T.);
#1412=ORIENTED_EDGE('',*,*,#1102,.T.);
#1413=ORIENTED_EDGE('',*,*,#1103,.T.);
#1414=ORIENTED_EDGE('',*,*,#1104,.F.);
#1415=ORIENTED_EDGE('',*,*,#1105,.T.);
#1416=ORIENTED_EDGE('',*,*,#1028,.F.);
#1417=ORIENTED_EDGE('',*,*,#1106,.F.);
#1418=ORIENTED_EDGE('',*,*,#1107,.F.);
#1419=ORIENTED_EDGE('',*,*,#1108,.T.);
#1420=ORIENTED_EDGE('',*,*,#1029,.F.);
#1421=ORIENTED_EDGE('',*,*,#1105,.F.);
#1422=ORIENTED_EDGE('',*,*,#1109,.F.);
#1423=ORIENTED_EDGE('',*,*,#1110,.T.);
#1424=ORIENTED_EDGE('',*,*,#1030,.F.);
#1425=ORIENTED_EDGE('',*,*,#1108,.F.);
#1426=ORIENTED_EDGE('',*,*,#1111,.F.);
#1427=ORIENTED_EDGE('',*,*,#1106,.T.);
#1428=ORIENTED_EDGE('',*,*,#1031,.F.);
#1429=ORIENTED_EDGE('',*,*,#1110,.F.);
#1430=ORIENTED_EDGE('',*,*,#1112,.F.);
#1431=ORIENTED_EDGE('',*,*,#1113,.T.);
#1432=ORIENTED_EDGE('',*,*,#1100,.F.);
#1433=ORIENTED_EDGE('',*,*,#1114,.F.);
#1434=ORIENTED_EDGE('',*,*,#1115,.F.);
#1435=ORIENTED_EDGE('',*,*,#1116,.T.);
#1436=ORIENTED_EDGE('',*,*,#1101,.F.);
#1437=ORIENTED_EDGE('',*,*,#1113,.F.);
#1438=ORIENTED_EDGE('',*,*,#1117,.F.);
#1439=ORIENTED_EDGE('',*,*,#1118,.T.);
#1440=ORIENTED_EDGE('',*,*,#1102,.F.);
#1441=ORIENTED_EDGE('',*,*,#1116,.F.);
#1442=ORIENTED_EDGE('',*,*,#1119,.F.);
#1443=ORIENTED_EDGE('',*,*,#1114,.T.);
#1444=ORIENTED_EDGE('',*,*,#1103,.F.);
#1445=ORIENTED_EDGE('',*,*,#1118,.F.);
#1446=ORIENTED_EDGE('',*,*,#1120,.F.);
#1447=ORIENTED_EDGE('',*,*,#1121,.T.);
#1448=ORIENTED_EDGE('',*,*,#1096,.F.);
#1449=ORIENTED_EDGE('',*,*,#1122,.F.);
#1450=ORIENTED_EDGE('',*,*,#1123,.F.);
#1451=ORIENTED_EDGE('',*,*,#1124,.T.);
#1452=ORIENTED_EDGE('',*,*,#1097,.F.);
#1453=ORIENTED_EDGE('',*,*,#1121,.F.);
#1454=ORIENTED_EDGE('',*,*,#1125,.F.);
#1455=ORIENTED_EDGE('',*,*,#1126,.T.);
#1456=ORIENTED_EDGE('',*,*,#1098,.F.);
#1457=ORIENTED_EDGE('',*,*,#1124,.F.);
#1458=ORIENTED_EDGE('',*,*,#1127,.F.);
#1459=ORIENTED_EDGE('',*,*,#1122,.T.);
#1460=ORIENTED_EDGE('',*,*,#1099,.F.);
#1461=ORIENTED_EDGE('',*,*,#1126,.F.);
#1462=ORIENTED_EDGE('',*,*,#1128,.F.);
#1463=ORIENTED_EDGE('',*,*,#1129,.T.);
#1464=ORIENTED_EDGE('',*,*,#1039,.F.);
#1465=ORIENTED_EDGE('',*,*,#1130,.F.);
#1466=ORIENTED_EDGE('',*,*,#1131,.F.);
#1467=ORIENTED_EDGE('',*,*,#1130,.T.);
#1468=ORIENTED_EDGE('',*,*,#1038,.F.);
#1469=ORIENTED_EDGE('',*,*,#1132,.F.);
#1470=ORIENTED_EDGE('',*,*,#1133,.F.);
#1471=ORIENTED_EDGE('',*,*,#1132,.T.);
#1472=ORIENTED_EDGE('',*,*,#1037,.F.);
#1473=ORIENTED_EDGE('',*,*,#1134,.F.);
#1474=ORIENTED_EDGE('',*,*,#1135,.F.);
#1475=ORIENTED_EDGE('',*,*,#1134,.T.);
#1476=ORIENTED_EDGE('',*,*,#1036,.F.);
#1477=ORIENTED_EDGE('',*,*,#1136,.F.);
#1478=ORIENTED_EDGE('',*,*,#1137,.F.);
#1479=ORIENTED_EDGE('',*,*,#1136,.T.);
#1480=ORIENTED_EDGE('',*,*,#1035,.F.);
#1481=ORIENTED_EDGE('',*,*,#1138,.F.);
#1482=ORIENTED_EDGE('',*,*,#1139,.F.);
#1483=ORIENTED_EDGE('',*,*,#1138,.T.);
#1484=ORIENTED_EDGE('',*,*,#1034,.F.);
#1485=ORIENTED_EDGE('',*,*,#1140,.F.);
#1486=ORIENTED_EDGE('',*,*,#1141,.F.);
#1487=ORIENTED_EDGE('',*,*,#1140,.T.);
#1488=ORIENTED_EDGE('',*,*,#1033,.F.);
#1489=ORIENTED_EDGE('',*,*,#1142,.F.);
#1490=ORIENTED_EDGE('',*,*,#1143,.F.);
#1491=ORIENTED_EDGE('',*,*,#1142,.T.);
#1492=ORIENTED_EDGE('',*,*,#1032,.F.);
#1493=ORIENTED_EDGE('',*,*,#1129,.F.);
#1494=ORIENTED_EDGE('',*,*,#1144,.F.);
#1495=ORIENTED_EDGE('',*,*,#1145,.T.);
#1496=ORIENTED_EDGE('',*,*,#1047,.F.);
#1497=ORIENTED_EDGE('',*,*,#1146,.F.);
#1498=ORIENTED_EDGE('',*,*,#1147,.F.);
#1499=ORIENTED_EDGE('',*,*,#1146,.T.);
#1500=ORIENTED_EDGE('',*,*,#1046,.F.);
#1501=ORIENTED_EDGE('',*,*,#1148,.F.);
#1502=ORIENTED_EDGE('',*,*,#1149,.F.);
#1503=ORIENTED_EDGE('',*,*,#1148,.T.);
#1504=ORIENTED_EDGE('',*,*,#1045,.F.);
#1505=ORIENTED_EDGE('',*,*,#1150,.F.);
#1506=ORIENTED_EDGE('',*,*,#1151,.F.);
#1507=ORIENTED_EDGE('',*,*,#1150,.T.);
#1508=ORIENTED_EDGE('',*,*,#1044,.F.);
#1509=ORIENTED_EDGE('',*,*,#1152,.F.);
#1510=ORIENTED_EDGE('',*,*,#1153,.F.);
#1511=ORIENTED_EDGE('',*,*,#1152,.T.);
#1512=ORIENTED_EDGE('',*,*,#1043,.F.);
#1513=ORIENTED_EDGE('',*,*,#1154,.F.);
#1514=ORIENTED_EDGE('',*,*,#1155,.F.);
#1515=ORIENTED_EDGE('',*,*,#1154,.T.);
#1516=ORIENTED_EDGE('',*,*,#1042,.F.);
#1517=ORIENTED_EDGE('',*,*,#1156,.F.);
#1518=ORIENTED_EDGE('',*,*,#1157,.F.);
#1519=ORIENTED_EDGE('',*,*,#1156,.T.);
#1520=ORIENTED_EDGE('',*,*,#1041,.F.);
#1521=ORIENTED_EDGE('',*,*,#1158,.F.);
#1522=ORIENTED_EDGE('',*,*,#1159,.F.);
#1523=ORIENTED_EDGE('',*,*,#1158,.T.);
#1524=ORIENTED_EDGE('',*,*,#1040,.F.);
#1525=ORIENTED_EDGE('',*,*,#1145,.F.);
#1526=ORIENTED_EDGE('',*,*,#1160,.F.);
#1527=ORIENTED_EDGE('',*,*,#1161,.T.);
#1528=ORIENTED_EDGE('',*,*,#1055,.F.);
#1529=ORIENTED_EDGE('',*,*,#1162,.F.);
#1530=ORIENTED_EDGE('',*,*,#1163,.F.);
#1531=ORIENTED_EDGE('',*,*,#1162,.T.);
#1532=ORIENTED_EDGE('',*,*,#1054,.F.);
#1533=ORIENTED_EDGE('',*,*,#1164,.F.);
#1534=ORIENTED_EDGE('',*,*,#1165,.F.);
#1535=ORIENTED_EDGE('',*,*,#1164,.T.);
#1536=ORIENTED_EDGE('',*,*,#1053,.F.);
#1537=ORIENTED_EDGE('',*,*,#1166,.F.);
#1538=ORIENTED_EDGE('',*,*,#1167,.F.);
#1539=ORIENTED_EDGE('',*,*,#1166,.T.);
#1540=ORIENTED_EDGE('',*,*,#1052,.F.);
#1541=ORIENTED_EDGE('',*,*,#1168,.F.);
#1542=ORIENTED_EDGE('',*,*,#1169,.F.);
#1543=ORIENTED_EDGE('',*,*,#1168,.T.);
#1544=ORIENTED_EDGE('',*,*,#1051,.F.);
#1545=ORIENTED_EDGE('',*,*,#1170,.F.);
#1546=ORIENTED_EDGE('',*,*,#1171,.F.);
#1547=ORIENTED_EDGE('',*,*,#1170,.T.);
#1548=ORIENTED_EDGE('',*,*,#1050,.F.);
#1549=ORIENTED_EDGE('',*,*,#1172,.F.);
#1550=ORIENTED_EDGE('',*,*,#1173,.F.);
#1551=ORIENTED_EDGE('',*,*,#1172,.T.);
#1552=ORIENTED_EDGE('',*,*,#1049,.F.);
#1553=ORIENTED_EDGE('',*,*,#1174,.F.);
#1554=ORIENTED_EDGE('',*,*,#1175,.F.);
#1555=ORIENTED_EDGE('',*,*,#1174,.T.);
#1556=ORIENTED_EDGE('',*,*,#1048,.F.);
#1557=ORIENTED_EDGE('',*,*,#1161,.F.);
#1558=ORIENTED_EDGE('',*,*,#1176,.F.);
#1559=ORIENTED_EDGE('',*,*,#1177,.T.);
#1560=ORIENTED_EDGE('',*,*,#1063,.F.);
#1561=ORIENTED_EDGE('',*,*,#1178,.F.);
#1562=ORIENTED_EDGE('',*,*,#1179,.F.);
#1563=ORIENTED_EDGE('',*,*,#1178,.T.);
#1564=ORIENTED_EDGE('',*,*,#1062,.F.);
#1565=ORIENTED_EDGE('',*,*,#1180,.F.);
#1566=ORIENTED_EDGE('',*,*,#1181,.F.);
#1567=ORIENTED_EDGE('',*,*,#1180,.T.);
#1568=ORIENTED_EDGE('',*,*,#1061,.F.);
#1569=ORIENTED_EDGE('',*,*,#1182,.F.);
#1570=ORIENTED_EDGE('',*,*,#1183,.F.);
#1571=ORIENTED_EDGE('',*,*,#1182,.T.);
#1572=ORIENTED_EDGE('',*,*,#1060,.F.);
#1573=ORIENTED_EDGE('',*,*,#1184,.F.);
#1574=ORIENTED_EDGE('',*,*,#1185,.F.);
#1575=ORIENTED_EDGE('',*,*,#1184,.T.);
#1576=ORIENTED_EDGE('',*,*,#1059,.F.);
#1577=ORIENTED_EDGE('',*,*,#1186,.F.);
#1578=ORIENTED_EDGE('',*,*,#1187,.F.);
#1579=ORIENTED_EDGE('',*,*,#1186,.T.);
#1580=ORIENTED_EDGE('',*,*,#1058,.F.);
#1581=ORIENTED_EDGE('',*,*,#1188,.F.);
#1582=ORIENTED_EDGE('',*,*,#1189,.F.);
#1583=ORIENTED_EDGE('',*,*,#1188,.T.);
#1584=ORIENTED_EDGE('',*,*,#1057,.F.);
#1585=ORIENTED_EDGE('',*,*,#1190,.F.);
#1586=ORIENTED_EDGE('',*,*,#1191,.F.);
#1587=ORIENTED_EDGE('',*,*,#1190,.T.);
#1588=ORIENTED_EDGE('',*,*,#1056,.F.);
#1589=ORIENTED_EDGE('',*,*,#1177,.F.);
#1590=ORIENTED_EDGE('',*,*,#1192,.F.);
#1591=ORIENTED_EDGE('',*,*,#1193,.T.);
#1592=ORIENTED_EDGE('',*,*,#1071,.F.);
#1593=ORIENTED_EDGE('',*,*,#1194,.F.);
#1594=ORIENTED_EDGE('',*,*,#1195,.F.);
#1595=ORIENTED_EDGE('',*,*,#1194,.T.);
#1596=ORIENTED_EDGE('',*,*,#1070,.F.);
#1597=ORIENTED_EDGE('',*,*,#1196,.F.);
#1598=ORIENTED_EDGE('',*,*,#1197,.F.);
#1599=ORIENTED_EDGE('',*,*,#1196,.T.);
#1600=ORIENTED_EDGE('',*,*,#1069,.F.);
#1601=ORIENTED_EDGE('',*,*,#1198,.F.);
#1602=ORIENTED_EDGE('',*,*,#1199,.F.);
#1603=ORIENTED_EDGE('',*,*,#1198,.T.);
#1604=ORIENTED_EDGE('',*,*,#1068,.F.);
#1605=ORIENTED_EDGE('',*,*,#1200,.F.);
#1606=ORIENTED_EDGE('',*,*,#1201,.F.);
#1607=ORIENTED_EDGE('',*,*,#1200,.T.);
#1608=ORIENTED_EDGE('',*,*,#1067,.F.);
#1609=ORIENTED_EDGE('',*,*,#1202,.F.);
#1610=ORIENTED_EDGE('',*,*,#1203,.F.);
#1611=ORIENTED_EDGE('',*,*,#1202,.T.);
#1612=ORIENTED_EDGE('',*,*,#1066,.F.);
#1613=ORIENTED_EDGE('',*,*,#1204,.F.);
#1614=ORIENTED_EDGE('',*,*,#1205,.F.);
#1615=ORIENTED_EDGE('',*,*,#1204,.T.);
#1616=ORIENTED_EDGE('',*,*,#1065,.F.);
#1617=ORIENTED_EDGE('',*,*,#1206,.F.);
#1618=ORIENTED_EDGE('',*,*,#1207,.F.);
#1619=ORIENTED_EDGE('',*,*,#1206,.T.);
#1620=ORIENTED_EDGE('',*,*,#1064,.F.);
#1621=ORIENTED_EDGE('',*,*,#1193,.F.);
#1622=ORIENTED_EDGE('',*,*,#1208,.F.);
#1623=ORIENTED_EDGE('',*,*,#1209,.T.);
#1624=ORIENTED_EDGE('',*,*,#1079,.F.);
#1625=ORIENTED_EDGE('',*,*,#1210,.F.);
#1626=ORIENTED_EDGE('',*,*,#1211,.F.);
#1627=ORIENTED_EDGE('',*,*,#1210,.T.);
#1628=ORIENTED_EDGE('',*,*,#1078,.F.);
#1629=ORIENTED_EDGE('',*,*,#1212,.F.);
#1630=ORIENTED_EDGE('',*,*,#1213,.F.);
#1631=ORIENTED_EDGE('',*,*,#1212,.T.);
#1632=ORIENTED_EDGE('',*,*,#1077,.F.);
#1633=ORIENTED_EDGE('',*,*,#1214,.F.);
#1634=ORIENTED_EDGE('',*,*,#1215,.F.);
#1635=ORIENTED_EDGE('',*,*,#1214,.T.);
#1636=ORIENTED_EDGE('',*,*,#1076,.F.);
#1637=ORIENTED_EDGE('',*,*,#1216,.F.);
#1638=ORIENTED_EDGE('',*,*,#1217,.F.);
#1639=ORIENTED_EDGE('',*,*,#1216,.T.);
#1640=ORIENTED_EDGE('',*,*,#1075,.F.);
#1641=ORIENTED_EDGE('',*,*,#1218,.F.);
#1642=ORIENTED_EDGE('',*,*,#1219,.F.);
#1643=ORIENTED_EDGE('',*,*,#1218,.T.);
#1644=ORIENTED_EDGE('',*,*,#1074,.F.);
#1645=ORIENTED_EDGE('',*,*,#1220,.F.);
#1646=ORIENTED_EDGE('',*,*,#1221,.F.);
#1647=ORIENTED_EDGE('',*,*,#1220,.T.);
#1648=ORIENTED_EDGE('',*,*,#1073,.F.);
#1649=ORIENTED_EDGE('',*,*,#1222,.F.);
#1650=ORIENTED_EDGE('',*,*,#1223,.F.);
#1651=ORIENTED_EDGE('',*,*,#1222,.T.);
#1652=ORIENTED_EDGE('',*,*,#1072,.F.);
#1653=ORIENTED_EDGE('',*,*,#1209,.F.);
#1654=ORIENTED_EDGE('',*,*,#1224,.F.);
#1655=ORIENTED_EDGE('',*,*,#1225,.T.);
#1656=ORIENTED_EDGE('',*,*,#1087,.F.);
#1657=ORIENTED_EDGE('',*,*,#1226,.F.);
#1658=ORIENTED_EDGE('',*,*,#1227,.F.);
#1659=ORIENTED_EDGE('',*,*,#1226,.T.);
#1660=ORIENTED_EDGE('',*,*,#1086,.F.);
#1661=ORIENTED_EDGE('',*,*,#1228,.F.);
#1662=ORIENTED_EDGE('',*,*,#1229,.F.);
#1663=ORIENTED_EDGE('',*,*,#1228,.T.);
#1664=ORIENTED_EDGE('',*,*,#1085,.F.);
#1665=ORIENTED_EDGE('',*,*,#1230,.F.);
#1666=ORIENTED_EDGE('',*,*,#1231,.F.);
#1667=ORIENTED_EDGE('',*,*,#1230,.T.);
#1668=ORIENTED_EDGE('',*,*,#1084,.F.);
#1669=ORIENTED_EDGE('',*,*,#1232,.F.);
#1670=ORIENTED_EDGE('',*,*,#1233,.F.);
#1671=ORIENTED_EDGE('',*,*,#1232,.T.);
#1672=ORIENTED_EDGE('',*,*,#1083,.F.);
#1673=ORIENTED_EDGE('',*,*,#1234,.F.);
#1674=ORIENTED_EDGE('',*,*,#1235,.F.);
#1675=ORIENTED_EDGE('',*,*,#1234,.T.);
#1676=ORIENTED_EDGE('',*,*,#1082,.F.);
#1677=ORIENTED_EDGE('',*,*,#1236,.F.);
#1678=ORIENTED_EDGE('',*,*,#1237,.F.);
#1679=ORIENTED_EDGE('',*,*,#1236,.T.);
#1680=ORIENTED_EDGE('',*,*,#1081,.F.);
#1681=ORIENTED_EDGE('',*,*,#1238,.F.);
#1682=ORIENTED_EDGE('',*,*,#1239,.F.);
#1683=ORIENTED_EDGE('',*,*,#1238,.T.);
#1684=ORIENTED_EDGE('',*,*,#1080,.F.);
#1685=ORIENTED_EDGE('',*,*,#1225,.F.);
#1686=ORIENTED_EDGE('',*,*,#1240,.F.);
#1687=ORIENTED_EDGE('',*,*,#1241,.T.);
#1688=ORIENTED_EDGE('',*,*,#1095,.F.);
#1689=ORIENTED_EDGE('',*,*,#1242,.F.);
#1690=ORIENTED_EDGE('',*,*,#1243,.F.);
#1691=ORIENTED_EDGE('',*,*,#1242,.T.);
#1692=ORIENTED_EDGE('',*,*,#1094,.F.);
#1693=ORIENTED_EDGE('',*,*,#1244,.F.);
#1694=ORIENTED_EDGE('',*,*,#1245,.F.);
#1695=ORIENTED_EDGE('',*,*,#1244,.T.);
#1696=ORIENTED_EDGE('',*,*,#1093,.F.);
#1697=ORIENTED_EDGE('',*,*,#1246,.F.);
#1698=ORIENTED_EDGE('',*,*,#1247,.F.);
#1699=ORIENTED_EDGE('',*,*,#1246,.T.);
#1700=ORIENTED_EDGE('',*,*,#1092,.F.);
#1701=ORIENTED_EDGE('',*,*,#1248,.F.);
#1702=ORIENTED_EDGE('',*,*,#1249,.F.);
#1703=ORIENTED_EDGE('',*,*,#1248,.T.);
#1704=ORIENTED_EDGE('',*,*,#1091,.F.);
#1705=ORIENTED_EDGE('',*,*,#1250,.F.);
#1706=ORIENTED_EDGE('',*,*,#1251,.F.);
#1707=ORIENTED_EDGE('',*,*,#1250,.T.);
#1708=ORIENTED_EDGE('',*,*,#1090,.F.);
#1709=ORIENTED_EDGE('',*,*,#1252,.F.);
#1710=ORIENTED_EDGE('',*,*,#1253,.F.);
#1711=ORIENTED_EDGE('',*,*,#1252,.T.);
#1712=ORIENTED_EDGE('',*,*,#1089,.F.);
#1713=ORIENTED_EDGE('',*,*,#1254,.F.);
#1714=ORIENTED_EDGE('',*,*,#1255,.F.);
#1715=ORIENTED_EDGE('',*,*,#1254,.T.);
#1716=ORIENTED_EDGE('',*,*,#1088,.F.);
#1717=ORIENTED_EDGE('',*,*,#1241,.F.);
#1718=ORIENTED_EDGE('',*,*,#1004,.F.);
#1719=ORIENTED_EDGE('',*,*,#1256,.F.);
#1720=ORIENTED_EDGE('',*,*,#1005,.F.);
#1721=ORIENTED_EDGE('',*,*,#988,.F.);
#1722=ORIENTED_EDGE('',*,*,#983,.F.);
#1723=ORIENTED_EDGE('',*,*,#992,.F.);
#1724=ORIENTED_EDGE('',*,*,#1011,.F.);
#1725=ORIENTED_EDGE('',*,*,#1257,.F.);
#1726=ORIENTED_EDGE('',*,*,#984,.F.);
#1727=ORIENTED_EDGE('',*,*,#1257,.T.);
#1728=ORIENTED_EDGE('',*,*,#1010,.F.);
#1729=ORIENTED_EDGE('',*,*,#1008,.T.);
#1730=ORIENTED_EDGE('',*,*,#1006,.F.);
#1731=ORIENTED_EDGE('',*,*,#1256,.T.);
#1732=ORIENTED_EDGE('',*,*,#1003,.F.);
#1733=ORIENTED_EDGE('',*,*,#1001,.T.);
#1734=ORIENTED_EDGE('',*,*,#1112,.T.);
#1735=ORIENTED_EDGE('',*,*,#1119,.T.);
#1736=ORIENTED_EDGE('',*,*,#1117,.T.);
#1737=ORIENTED_EDGE('',*,*,#1115,.T.);
#1738=ORIENTED_EDGE('',*,*,#1120,.T.);
#1739=ORIENTED_EDGE('',*,*,#1127,.T.);
#1740=ORIENTED_EDGE('',*,*,#1125,.T.);
#1741=ORIENTED_EDGE('',*,*,#1123,.T.);
#1742=ORIENTED_EDGE('',*,*,#1255,.T.);
#1743=ORIENTED_EDGE('',*,*,#1240,.T.);
#1744=ORIENTED_EDGE('',*,*,#1243,.T.);
#1745=ORIENTED_EDGE('',*,*,#1245,.T.);
#1746=ORIENTED_EDGE('',*,*,#1247,.T.);
#1747=ORIENTED_EDGE('',*,*,#1249,.T.);
#1748=ORIENTED_EDGE('',*,*,#1251,.T.);
#1749=ORIENTED_EDGE('',*,*,#1253,.T.);
#1750=ORIENTED_EDGE('',*,*,#1239,.T.);
#1751=ORIENTED_EDGE('',*,*,#1224,.T.);
#1752=ORIENTED_EDGE('',*,*,#1227,.T.);
#1753=ORIENTED_EDGE('',*,*,#1229,.T.);
#1754=ORIENTED_EDGE('',*,*,#1231,.T.);
#1755=ORIENTED_EDGE('',*,*,#1233,.T.);
#1756=ORIENTED_EDGE('',*,*,#1235,.T.);
#1757=ORIENTED_EDGE('',*,*,#1237,.T.);
#1758=ORIENTED_EDGE('',*,*,#1223,.T.);
#1759=ORIENTED_EDGE('',*,*,#1208,.T.);
#1760=ORIENTED_EDGE('',*,*,#1211,.T.);
#1761=ORIENTED_EDGE('',*,*,#1213,.T.);
#1762=ORIENTED_EDGE('',*,*,#1215,.T.);
#1763=ORIENTED_EDGE('',*,*,#1217,.T.);
#1764=ORIENTED_EDGE('',*,*,#1219,.T.);
#1765=ORIENTED_EDGE('',*,*,#1221,.T.);
#1766=ORIENTED_EDGE('',*,*,#1207,.T.);
#1767=ORIENTED_EDGE('',*,*,#1192,.T.);
#1768=ORIENTED_EDGE('',*,*,#1195,.T.);
#1769=ORIENTED_EDGE('',*,*,#1197,.T.);
#1770=ORIENTED_EDGE('',*,*,#1199,.T.);
#1771=ORIENTED_EDGE('',*,*,#1201,.T.);
#1772=ORIENTED_EDGE('',*,*,#1203,.T.);
#1773=ORIENTED_EDGE('',*,*,#1205,.T.);
#1774=ORIENTED_EDGE('',*,*,#1191,.T.);
#1775=ORIENTED_EDGE('',*,*,#1176,.T.);
#1776=ORIENTED_EDGE('',*,*,#1179,.T.);
#1777=ORIENTED_EDGE('',*,*,#1181,.T.);
#1778=ORIENTED_EDGE('',*,*,#1183,.T.);
#1779=ORIENTED_EDGE('',*,*,#1185,.T.);
#1780=ORIENTED_EDGE('',*,*,#1187,.T.);
#1781=ORIENTED_EDGE('',*,*,#1189,.T.);
#1782=ORIENTED_EDGE('',*,*,#1175,.T.);
#1783=ORIENTED_EDGE('',*,*,#1160,.T.);
#1784=ORIENTED_EDGE('',*,*,#1163,.T.);
#1785=ORIENTED_EDGE('',*,*,#1165,.T.);
#1786=ORIENTED_EDGE('',*,*,#1167,.T.);
#1787=ORIENTED_EDGE('',*,*,#1169,.T.);
#1788=ORIENTED_EDGE('',*,*,#1171,.T.);
#1789=ORIENTED_EDGE('',*,*,#1173,.T.);
#1790=ORIENTED_EDGE('',*,*,#1159,.T.);
#1791=ORIENTED_EDGE('',*,*,#1144,.T.);
#1792=ORIENTED_EDGE('',*,*,#1147,.T.);
#1793=ORIENTED_EDGE('',*,*,#1149,.T.);
#1794=ORIENTED_EDGE('',*,*,#1151,.T.);
#1795=ORIENTED_EDGE('',*,*,#1153,.T.);
#1796=ORIENTED_EDGE('',*,*,#1155,.T.);
#1797=ORIENTED_EDGE('',*,*,#1157,.T.);
#1798=ORIENTED_EDGE('',*,*,#1143,.T.);
#1799=ORIENTED_EDGE('',*,*,#1128,.T.);
#1800=ORIENTED_EDGE('',*,*,#1131,.T.);
#1801=ORIENTED_EDGE('',*,*,#1133,.T.);
#1802=ORIENTED_EDGE('',*,*,#1135,.T.);
#1803=ORIENTED_EDGE('',*,*,#1137,.T.);
#1804=ORIENTED_EDGE('',*,*,#1139,.T.);
#1805=ORIENTED_EDGE('',*,*,#1141,.T.);
#1806=ORIENTED_EDGE('',*,*,#1104,.T.);
#1807=ORIENTED_EDGE('',*,*,#1111,.T.);
#1808=ORIENTED_EDGE('',*,*,#1109,.T.);
#1809=ORIENTED_EDGE('',*,*,#1107,.T.);
#1810=CYLINDRICAL_SURFACE('',#1951,7.);
#1811=CYLINDRICAL_SURFACE('',#1963,7.);
#1812=CYLINDRICAL_SURFACE('',#1965,7.);
#1813=CYLINDRICAL_SURFACE('',#1968,7.);
#1814=CYLINDRICAL_SURFACE('',#1970,2.35);
#1815=CYLINDRICAL_SURFACE('',#1973,2.34999999999999);
#1816=CYLINDRICAL_SURFACE('',#1976,2.34999999999999);
#1817=CYLINDRICAL_SURFACE('',#1979,2.35);
#1818=CYLINDRICAL_SURFACE('',#2032,0.499999999999998);
#1819=CYLINDRICAL_SURFACE('',#2035,0.500000000000007);
#1820=CYLINDRICAL_SURFACE('',#2038,0.499999999999998);
#1821=CYLINDRICAL_SURFACE('',#2041,0.499999999999994);
#1822=CYLINDRICAL_SURFACE('',#2044,0.499999999999998);
#1823=CYLINDRICAL_SURFACE('',#2047,0.499999999999998);
#1824=CYLINDRICAL_SURFACE('',#2050,0.499999999999998);
#1825=CYLINDRICAL_SURFACE('',#2053,0.500000000000003);
#1826=CYLINDRICAL_SURFACE('',#2056,0.499999999999998);
#1827=CYLINDRICAL_SURFACE('',#2059,0.499999999999998);
#1828=CYLINDRICAL_SURFACE('',#2062,0.499999999999998);
#1829=CYLINDRICAL_SURFACE('',#2065,0.499999999999998);
#1830=CYLINDRICAL_SURFACE('',#2068,0.499999999999998);
#1831=CYLINDRICAL_SURFACE('',#2071,0.500000000000007);
#1832=CYLINDRICAL_SURFACE('',#2074,0.499999999999998);
#1833=CYLINDRICAL_SURFACE('',#2077,0.499999999999998);
#1834=CYLINDRICAL_SURFACE('',#2080,0.499999999999998);
#1835=CYLINDRICAL_SURFACE('',#2083,0.499999999999998);
#1836=CYLINDRICAL_SURFACE('',#2086,0.499999999999998);
#1837=CYLINDRICAL_SURFACE('',#2089,0.499999999999998);
#1838=CYLINDRICAL_SURFACE('',#2092,0.499999999999996);
#1839=CYLINDRICAL_SURFACE('',#2095,0.500000000000003);
#1840=CYLINDRICAL_SURFACE('',#2098,0.499999999999999);
#1841=CYLINDRICAL_SURFACE('',#2101,0.499999999999998);
#1842=CYLINDRICAL_SURFACE('',#2104,0.499999999999998);
#1843=CYLINDRICAL_SURFACE('',#2107,0.499999999999998);
#1844=CYLINDRICAL_SURFACE('',#2110,0.5);
#1845=CYLINDRICAL_SURFACE('',#2113,0.500000000000003);
#1846=CYLINDRICAL_SURFACE('',#2116,0.500000000000003);
#1847=CYLINDRICAL_SURFACE('',#2119,0.499999999999998);
#1848=CYLINDRICAL_SURFACE('',#2122,0.499999999999998);
#1849=CYLINDRICAL_SURFACE('',#2125,0.499999999999998);
#1850=ADVANCED_FACE('',(#101),#1810,.T.);
#1851=ADVANCED_FACE('',(#102,#15,#16,#17,#18,#19),#42,.T.);
#1852=ADVANCED_FACE('',(#103),#43,.T.);
#1853=ADVANCED_FACE('',(#104),#1811,.T.);
#1854=ADVANCED_FACE('',(#105),#1812,.T.);
#1855=ADVANCED_FACE('',(#106),#44,.T.);
#1856=ADVANCED_FACE('',(#107),#1813,.T.);
#1857=ADVANCED_FACE('',(#108),#1814,.F.);
#1858=ADVANCED_FACE('',(#109),#45,.T.);
#1859=ADVANCED_FACE('',(#110),#1815,.F.);
#1860=ADVANCED_FACE('',(#111),#46,.T.);
#1861=ADVANCED_FACE('',(#112),#1816,.F.);
#1862=ADVANCED_FACE('',(#113),#47,.T.);
#1863=ADVANCED_FACE('',(#114),#1817,.F.);
#1864=ADVANCED_FACE('',(#115),#48,.T.);
#1865=ADVANCED_FACE('',(#116),#49,.T.);
#1866=ADVANCED_FACE('',(#117),#50,.T.);
#1867=ADVANCED_FACE('',(#118),#51,.T.);
#1868=ADVANCED_FACE('',(#119),#52,.T.);
#1869=ADVANCED_FACE('',(#120,#20,#21,#22,#23,#24,#25,#26,#27,#28,#29,#30),
#53,.F.);
#1870=ADVANCED_FACE('',(#121),#54,.F.);
#1871=ADVANCED_FACE('',(#122),#55,.F.);
#1872=ADVANCED_FACE('',(#123),#56,.F.);
#1873=ADVANCED_FACE('',(#124),#57,.F.);
#1874=ADVANCED_FACE('',(#125),#58,.F.);
#1875=ADVANCED_FACE('',(#126),#59,.F.);
#1876=ADVANCED_FACE('',(#127),#60,.F.);
#1877=ADVANCED_FACE('',(#128),#61,.F.);
#1878=ADVANCED_FACE('',(#129),#62,.F.);
#1879=ADVANCED_FACE('',(#130),#63,.F.);
#1880=ADVANCED_FACE('',(#131),#64,.F.);
#1881=ADVANCED_FACE('',(#132),#65,.F.);
#1882=ADVANCED_FACE('',(#133),#66,.T.);
#1883=ADVANCED_FACE('',(#134),#1818,.F.);
#1884=ADVANCED_FACE('',(#135),#67,.T.);
#1885=ADVANCED_FACE('',(#136),#1819,.F.);
#1886=ADVANCED_FACE('',(#137),#68,.T.);
#1887=ADVANCED_FACE('',(#138),#1820,.F.);
#1888=ADVANCED_FACE('',(#139),#69,.T.);
#1889=ADVANCED_FACE('',(#140),#1821,.F.);
#1890=ADVANCED_FACE('',(#141),#70,.T.);
#1891=ADVANCED_FACE('',(#142),#1822,.F.);
#1892=ADVANCED_FACE('',(#143),#71,.T.);
#1893=ADVANCED_FACE('',(#144),#1823,.F.);
#1894=ADVANCED_FACE('',(#145),#72,.T.);
#1895=ADVANCED_FACE('',(#146),#1824,.F.);
#1896=ADVANCED_FACE('',(#147),#73,.T.);
#1897=ADVANCED_FACE('',(#148),#1825,.F.);
#1898=ADVANCED_FACE('',(#149),#74,.T.);
#1899=ADVANCED_FACE('',(#150),#1826,.F.);
#1900=ADVANCED_FACE('',(#151),#75,.T.);
#1901=ADVANCED_FACE('',(#152),#1827,.F.);
#1902=ADVANCED_FACE('',(#153),#76,.T.);
#1903=ADVANCED_FACE('',(#154),#1828,.F.);
#1904=ADVANCED_FACE('',(#155),#77,.T.);
#1905=ADVANCED_FACE('',(#156),#1829,.F.);
#1906=ADVANCED_FACE('',(#157),#78,.T.);
#1907=ADVANCED_FACE('',(#158),#1830,.F.);
#1908=ADVANCED_FACE('',(#159),#79,.T.);
#1909=ADVANCED_FACE('',(#160),#1831,.F.);
#1910=ADVANCED_FACE('',(#161),#80,.T.);
#1911=ADVANCED_FACE('',(#162),#1832,.F.);
#1912=ADVANCED_FACE('',(#163),#81,.T.);
#1913=ADVANCED_FACE('',(#164),#1833,.F.);
#1914=ADVANCED_FACE('',(#165),#82,.T.);
#1915=ADVANCED_FACE('',(#166),#1834,.F.);
#1916=ADVANCED_FACE('',(#167),#83,.T.);
#1917=ADVANCED_FACE('',(#168),#1835,.F.);
#1918=ADVANCED_FACE('',(#169),#84,.T.);
#1919=ADVANCED_FACE('',(#170),#1836,.F.);
#1920=ADVANCED_FACE('',(#171),#85,.T.);
#1921=ADVANCED_FACE('',(#172),#1837,.F.);
#1922=ADVANCED_FACE('',(#173),#86,.T.);
#1923=ADVANCED_FACE('',(#174),#1838,.F.);
#1924=ADVANCED_FACE('',(#175),#87,.T.);
#1925=ADVANCED_FACE('',(#176),#1839,.F.);
#1926=ADVANCED_FACE('',(#177),#88,.T.);
#1927=ADVANCED_FACE('',(#178),#1840,.F.);
#1928=ADVANCED_FACE('',(#179),#89,.T.);
#1929=ADVANCED_FACE('',(#180),#1841,.F.);
#1930=ADVANCED_FACE('',(#181),#90,.T.);
#1931=ADVANCED_FACE('',(#182),#1842,.F.);
#1932=ADVANCED_FACE('',(#183),#91,.T.);
#1933=ADVANCED_FACE('',(#184),#1843,.F.);
#1934=ADVANCED_FACE('',(#185),#92,.T.);
#1935=ADVANCED_FACE('',(#186),#1844,.F.);
#1936=ADVANCED_FACE('',(#187),#93,.T.);
#1937=ADVANCED_FACE('',(#188),#1845,.F.);
#1938=ADVANCED_FACE('',(#189),#94,.T.);
#1939=ADVANCED_FACE('',(#190),#1846,.F.);
#1940=ADVANCED_FACE('',(#191),#95,.T.);
#1941=ADVANCED_FACE('',(#192),#1847,.F.);
#1942=ADVANCED_FACE('',(#193),#96,.T.);
#1943=ADVANCED_FACE('',(#194),#1848,.F.);
#1944=ADVANCED_FACE('',(#195),#97,.T.);
#1945=ADVANCED_FACE('',(#196),#1849,.F.);
#1946=ADVANCED_FACE('',(#197),#98,.T.);
#1947=ADVANCED_FACE('',(#198),#99,.T.);
#1948=ADVANCED_FACE('',(#199,#31,#32,#33,#34,#35,#36,#37,#38,#39,#40,#41),
#100,.T.);
#1949=CLOSED_SHELL('',(#1850,#1851,#1852,#1853,#1854,#1855,#1856,#1857,
#1858,#1859,#1860,#1861,#1862,#1863,#1864,#1865,#1866,#1867,#1868,#1869,
#1870,#1871,#1872,#1873,#1874,#1875,#1876,#1877,#1878,#1879,#1880,#1881,
#1882,#1883,#1884,#1885,#1886,#1887,#1888,#1889,#1890,#1891,#1892,#1893,
#1894,#1895,#1896,#1897,#1898,#1899,#1900,#1901,#1902,#1903,#1904,#1905,
#1906,#1907,#1908,#1909,#1910,#1911,#1912,#1913,#1914,#1915,#1916,#1917,
#1918,#1919,#1920,#1921,#1922,#1923,#1924,#1925,#1926,#1927,#1928,#1929,
#1930,#1931,#1932,#1933,#1934,#1935,#1936,#1937,#1938,#1939,#1940,#1941,
#1942,#1943,#1944,#1945,#1946,#1947,#1948));
#1950=AXIS2_PLACEMENT_3D('',#2686,#2130,#2131);
#1951=AXIS2_PLACEMENT_3D('',#2687,#2132,#2133);
#1952=AXIS2_PLACEMENT_3D('',#2690,#2134,#2135);
#1953=AXIS2_PLACEMENT_3D('',#2694,#2137,#2138);
#1954=AXIS2_PLACEMENT_3D('',#2696,#2140,#2141);
#1955=AXIS2_PLACEMENT_3D('',#2700,#2143,#2144);
#1956=AXIS2_PLACEMENT_3D('',#2704,#2146,#2147);
#1957=AXIS2_PLACEMENT_3D('',#2708,#2149,#2150);
#1958=AXIS2_PLACEMENT_3D('',#2719,#2156,#2157);
#1959=AXIS2_PLACEMENT_3D('',#2721,#2158,#2159);
#1960=AXIS2_PLACEMENT_3D('',#2723,#2160,#2161);
#1961=AXIS2_PLACEMENT_3D('',#2725,#2162,#2163);
#1962=AXIS2_PLACEMENT_3D('',#2726,#2164,#2165);
#1963=AXIS2_PLACEMENT_3D('',#2730,#2168,#2169);
#1964=AXIS2_PLACEMENT_3D('',#2732,#2170,#2171);
#1965=AXIS2_PLACEMENT_3D('',#2734,#2173,#2174);
#1966=AXIS2_PLACEMENT_3D('',#2738,#2176,#2177);
#1967=AXIS2_PLACEMENT_3D('',#2740,#2179,#2180);
#1968=AXIS2_PLACEMENT_3D('',#2744,#2183,#2184);
#1969=AXIS2_PLACEMENT_3D('',#2746,#2185,#2186);
#1970=AXIS2_PLACEMENT_3D('',#2748,#2188,#2189);
#1971=AXIS2_PLACEMENT_3D('',#2751,#2191,#2192);
#1972=AXIS2_PLACEMENT_3D('',#2752,#2193,#2194);
#1973=AXIS2_PLACEMENT_3D('',#2753,#2195,#2196);
#1974=AXIS2_PLACEMENT_3D('',#2756,#2198,#2199);
#1975=AXIS2_PLACEMENT_3D('',#2757,#2200,#2201);
#1976=AXIS2_PLACEMENT_3D('',#2758,#2202,#2203);
#1977=AXIS2_PLACEMENT_3D('',#2761,#2205,#2206);
#1978=AXIS2_PLACEMENT_3D('',#2762,#2207,#2208);
#1979=AXIS2_PLACEMENT_3D('',#2763,#2209,#2210);
#1980=AXIS2_PLACEMENT_3D('',#2766,#2212,#2213);
#1981=AXIS2_PLACEMENT_3D('',#2767,#2214,#2215);
#1982=AXIS2_PLACEMENT_3D('',#2768,#2216,#2217);
#1983=AXIS2_PLACEMENT_3D('',#2774,#2221,#2222);
#1984=AXIS2_PLACEMENT_3D('',#2778,#2225,#2226);
#1985=AXIS2_PLACEMENT_3D('',#2782,#2229,#2230);
#1986=AXIS2_PLACEMENT_3D('',#2784,#2232,#2233);
#1987=AXIS2_PLACEMENT_3D('',#2795,#2238,#2239);
#1988=AXIS2_PLACEMENT_3D('',#2799,#2241,#2242);
#1989=AXIS2_PLACEMENT_3D('',#2803,#2244,#2245);
#1990=AXIS2_PLACEMENT_3D('',#2807,#2247,#2248);
#1991=AXIS2_PLACEMENT_3D('',#2811,#2250,#2251);
#1992=AXIS2_PLACEMENT_3D('',#2815,#2253,#2254);
#1993=AXIS2_PLACEMENT_3D('',#2819,#2256,#2257);
#1994=AXIS2_PLACEMENT_3D('',#2823,#2259,#2260);
#1995=AXIS2_PLACEMENT_3D('',#2827,#2262,#2263);
#1996=AXIS2_PLACEMENT_3D('',#2831,#2265,#2266);
#1997=AXIS2_PLACEMENT_3D('',#2835,#2268,#2269);
#1998=AXIS2_PLACEMENT_3D('',#2839,#2271,#2272);
#1999=AXIS2_PLACEMENT_3D('',#2843,#2274,#2275);
#2000=AXIS2_PLACEMENT_3D('',#2847,#2277,#2278);
#2001=AXIS2_PLACEMENT_3D('',#2851,#2280,#2281);
#2002=AXIS2_PLACEMENT_3D('',#2855,#2283,#2284);
#2003=AXIS2_PLACEMENT_3D('',#2859,#2286,#2287);
#2004=AXIS2_PLACEMENT_3D('',#2863,#2289,#2290);
#2005=AXIS2_PLACEMENT_3D('',#2867,#2292,#2293);
#2006=AXIS2_PLACEMENT_3D('',#2871,#2295,#2296);
#2007=AXIS2_PLACEMENT_3D('',#2875,#2298,#2299);
#2008=AXIS2_PLACEMENT_3D('',#2879,#2301,#2302);
#2009=AXIS2_PLACEMENT_3D('',#2883,#2304,#2305);
#2010=AXIS2_PLACEMENT_3D('',#2887,#2307,#2308);
#2011=AXIS2_PLACEMENT_3D('',#2891,#2310,#2311);
#2012=AXIS2_PLACEMENT_3D('',#2895,#2313,#2314);
#2013=AXIS2_PLACEMENT_3D('',#2899,#2316,#2317);
#2014=AXIS2_PLACEMENT_3D('',#2903,#2319,#2320);
#2015=AXIS2_PLACEMENT_3D('',#2907,#2322,#2323);
#2016=AXIS2_PLACEMENT_3D('',#2911,#2325,#2326);
#2017=AXIS2_PLACEMENT_3D('',#2915,#2328,#2329);
#2018=AXIS2_PLACEMENT_3D('',#2919,#2331,#2332);
#2019=AXIS2_PLACEMENT_3D('',#2937,#2342,#2343);
#2020=AXIS2_PLACEMENT_3D('',#2943,#2347,#2348);
#2021=AXIS2_PLACEMENT_3D('',#2947,#2351,#2352);
#2022=AXIS2_PLACEMENT_3D('',#2951,#2355,#2356);
#2023=AXIS2_PLACEMENT_3D('',#2953,#2358,#2359);
#2024=AXIS2_PLACEMENT_3D('',#2959,#2363,#2364);
#2025=AXIS2_PLACEMENT_3D('',#2963,#2367,#2368);
#2026=AXIS2_PLACEMENT_3D('',#2967,#2371,#2372);
#2027=AXIS2_PLACEMENT_3D('',#2969,#2374,#2375);
#2028=AXIS2_PLACEMENT_3D('',#2975,#2379,#2380);
#2029=AXIS2_PLACEMENT_3D('',#2979,#2383,#2384);
#2030=AXIS2_PLACEMENT_3D('',#2983,#2387,#2388);
#2031=AXIS2_PLACEMENT_3D('',#2985,#2390,#2391);
#2032=AXIS2_PLACEMENT_3D('',#2991,#2395,#2396);
#2033=AXIS2_PLACEMENT_3D('',#2993,#2397,#2398);
#2034=AXIS2_PLACEMENT_3D('',#2995,#2400,#2401);
#2035=AXIS2_PLACEMENT_3D('',#2999,#2404,#2405);
#2036=AXIS2_PLACEMENT_3D('',#3001,#2406,#2407);
#2037=AXIS2_PLACEMENT_3D('',#3003,#2409,#2410);
#2038=AXIS2_PLACEMENT_3D('',#3007,#2413,#2414);
#2039=AXIS2_PLACEMENT_3D('',#3009,#2415,#2416);
#2040=AXIS2_PLACEMENT_3D('',#3011,#2418,#2419);
#2041=AXIS2_PLACEMENT_3D('',#3015,#2422,#2423);
#2042=AXIS2_PLACEMENT_3D('',#3016,#2424,#2425);
#2043=AXIS2_PLACEMENT_3D('',#3017,#2426,#2427);
#2044=AXIS2_PLACEMENT_3D('',#3023,#2431,#2432);
#2045=AXIS2_PLACEMENT_3D('',#3025,#2433,#2434);
#2046=AXIS2_PLACEMENT_3D('',#3027,#2436,#2437);
#2047=AXIS2_PLACEMENT_3D('',#3031,#2440,#2441);
#2048=AXIS2_PLACEMENT_3D('',#3033,#2442,#2443);
#2049=AXIS2_PLACEMENT_3D('',#3035,#2445,#2446);
#2050=AXIS2_PLACEMENT_3D('',#3039,#2449,#2450);
#2051=AXIS2_PLACEMENT_3D('',#3041,#2451,#2452);
#2052=AXIS2_PLACEMENT_3D('',#3043,#2454,#2455);
#2053=AXIS2_PLACEMENT_3D('',#3047,#2458,#2459);
#2054=AXIS2_PLACEMENT_3D('',#3048,#2460,#2461);
#2055=AXIS2_PLACEMENT_3D('',#3049,#2462,#2463);
#2056=AXIS2_PLACEMENT_3D('',#3055,#2467,#2468);
#2057=AXIS2_PLACEMENT_3D('',#3057,#2469,#2470);
#2058=AXIS2_PLACEMENT_3D('',#3059,#2472,#2473);
#2059=AXIS2_PLACEMENT_3D('',#3063,#2476,#2477);
#2060=AXIS2_PLACEMENT_3D('',#3065,#2478,#2479);
#2061=AXIS2_PLACEMENT_3D('',#3067,#2481,#2482);
#2062=AXIS2_PLACEMENT_3D('',#3071,#2485,#2486);
#2063=AXIS2_PLACEMENT_3D('',#3073,#2487,#2488);
#2064=AXIS2_PLACEMENT_3D('',#3075,#2490,#2491);
#2065=AXIS2_PLACEMENT_3D('',#3079,#2494,#2495);
#2066=AXIS2_PLACEMENT_3D('',#3080,#2496,#2497);
#2067=AXIS2_PLACEMENT_3D('',#3081,#2498,#2499);
#2068=AXIS2_PLACEMENT_3D('',#3087,#2503,#2504);
#2069=AXIS2_PLACEMENT_3D('',#3089,#2505,#2506);
#2070=AXIS2_PLACEMENT_3D('',#3091,#2508,#2509);
#2071=AXIS2_PLACEMENT_3D('',#3095,#2512,#2513);
#2072=AXIS2_PLACEMENT_3D('',#3097,#2514,#2515);
#2073=AXIS2_PLACEMENT_3D('',#3099,#2517,#2518);
#2074=AXIS2_PLACEMENT_3D('',#3103,#2521,#2522);
#2075=AXIS2_PLACEMENT_3D('',#3105,#2523,#2524);
#2076=AXIS2_PLACEMENT_3D('',#3107,#2526,#2527);
#2077=AXIS2_PLACEMENT_3D('',#3111,#2530,#2531);
#2078=AXIS2_PLACEMENT_3D('',#3112,#2532,#2533);
#2079=AXIS2_PLACEMENT_3D('',#3113,#2534,#2535);
#2080=AXIS2_PLACEMENT_3D('',#3119,#2539,#2540);
#2081=AXIS2_PLACEMENT_3D('',#3121,#2541,#2542);
#2082=AXIS2_PLACEMENT_3D('',#3123,#2544,#2545);
#2083=AXIS2_PLACEMENT_3D('',#3127,#2548,#2549);
#2084=AXIS2_PLACEMENT_3D('',#3129,#2550,#2551);
#2085=AXIS2_PLACEMENT_3D('',#3131,#2553,#2554);
#2086=AXIS2_PLACEMENT_3D('',#3135,#2557,#2558);
#2087=AXIS2_PLACEMENT_3D('',#3137,#2559,#2560);
#2088=AXIS2_PLACEMENT_3D('',#3139,#2562,#2563);
#2089=AXIS2_PLACEMENT_3D('',#3143,#2566,#2567);
#2090=AXIS2_PLACEMENT_3D('',#3144,#2568,#2569);
#2091=AXIS2_PLACEMENT_3D('',#3145,#2570,#2571);
#2092=AXIS2_PLACEMENT_3D('',#3151,#2575,#2576);
#2093=AXIS2_PLACEMENT_3D('',#3153,#2577,#2578);
#2094=AXIS2_PLACEMENT_3D('',#3155,#2580,#2581);
#2095=AXIS2_PLACEMENT_3D('',#3159,#2584,#2585);
#2096=AXIS2_PLACEMENT_3D('',#3161,#2586,#2587);
#2097=AXIS2_PLACEMENT_3D('',#3163,#2589,#2590);
#2098=AXIS2_PLACEMENT_3D('',#3167,#2593,#2594);
#2099=AXIS2_PLACEMENT_3D('',#3169,#2595,#2596);
#2100=AXIS2_PLACEMENT_3D('',#3171,#2598,#2599);
#2101=AXIS2_PLACEMENT_3D('',#3175,#2602,#2603);
#2102=AXIS2_PLACEMENT_3D('',#3176,#2604,#2605);
#2103=AXIS2_PLACEMENT_3D('',#3177,#2606,#2607);
#2104=AXIS2_PLACEMENT_3D('',#3183,#2611,#2612);
#2105=AXIS2_PLACEMENT_3D('',#3185,#2613,#2614);
#2106=AXIS2_PLACEMENT_3D('',#3187,#2616,#2617);
#2107=AXIS2_PLACEMENT_3D('',#3191,#2620,#2621);
#2108=AXIS2_PLACEMENT_3D('',#3193,#2622,#2623);
#2109=AXIS2_PLACEMENT_3D('',#3195,#2625,#2626);
#2110=AXIS2_PLACEMENT_3D('',#3199,#2629,#2630);
#2111=AXIS2_PLACEMENT_3D('',#3201,#2631,#2632);
#2112=AXIS2_PLACEMENT_3D('',#3203,#2634,#2635);
#2113=AXIS2_PLACEMENT_3D('',#3207,#2638,#2639);
#2114=AXIS2_PLACEMENT_3D('',#3208,#2640,#2641);
#2115=AXIS2_PLACEMENT_3D('',#3209,#2642,#2643);
#2116=AXIS2_PLACEMENT_3D('',#3215,#2647,#2648);
#2117=AXIS2_PLACEMENT_3D('',#3217,#2649,#2650);
#2118=AXIS2_PLACEMENT_3D('',#3219,#2652,#2653);
#2119=AXIS2_PLACEMENT_3D('',#3223,#2656,#2657);
#2120=AXIS2_PLACEMENT_3D('',#3225,#2658,#2659);
#2121=AXIS2_PLACEMENT_3D('',#3227,#2661,#2662);
#2122=AXIS2_PLACEMENT_3D('',#3231,#2665,#2666);
#2123=AXIS2_PLACEMENT_3D('',#3233,#2667,#2668);
#2124=AXIS2_PLACEMENT_3D('',#3235,#2670,#2671);
#2125=AXIS2_PLACEMENT_3D('',#3239,#2674,#2675);
#2126=AXIS2_PLACEMENT_3D('',#3240,#2676,#2677);
#2127=AXIS2_PLACEMENT_3D('',#3241,#2678,#2679);
#2128=AXIS2_PLACEMENT_3D('',#3243,#2681,#2682);
#2129=AXIS2_PLACEMENT_3D('',#3245,#2684,#2685);
#2130=DIRECTION('axis',(0.,0.,1.));
#2131=DIRECTION('refdir',(1.,0.,0.));
#2132=DIRECTION('center_axis',(0.,0.,-1.));
#2133=DIRECTION('ref_axis',(0.707106781186547,-0.707106781186548,0.));
#2134=DIRECTION('center_axis',(0.,0.,1.));
#2135=DIRECTION('ref_axis',(0.707106781186547,-0.707106781186548,0.));
#2136=DIRECTION('',(0.,0.,1.));
#2137=DIRECTION('center_axis',(0.,0.,-1.));
#2138=DIRECTION('ref_axis',(0.707106781186547,-0.707106781186548,0.));
#2139=DIRECTION('',(0.,0.,-1.));
#2140=DIRECTION('center_axis',(0.,0.,-1.));
#2141=DIRECTION('ref_axis',(-1.,0.,0.));
#2142=DIRECTION('',(-1.,0.,0.));
#2143=DIRECTION('center_axis',(0.,0.,1.));
#2144=DIRECTION('ref_axis',(-0.707106781186548,-0.707106781186547,0.));
#2145=DIRECTION('',(0.,1.,0.));
#2146=DIRECTION('center_axis',(0.,0.,1.));
#2147=DIRECTION('ref_axis',(-0.707106781186547,0.707106781186548,0.));
#2148=DIRECTION('',(1.,0.,0.));
#2149=DIRECTION('center_axis',(0.,0.,1.));
#2150=DIRECTION('ref_axis',(0.707106781186548,0.707106781186548,0.));
#2151=DIRECTION('',(0.,-1.,0.));
#2152=DIRECTION('',(1.,0.,0.));
#2153=DIRECTION('',(0.,1.,0.));
#2154=DIRECTION('',(-1.,0.,0.));
#2155=DIRECTION('',(0.,-1.,0.));
#2156=DIRECTION('center_axis',(0.,0.,1.));
#2157=DIRECTION('ref_axis',(1.,0.,0.));
#2158=DIRECTION('center_axis',(0.,0.,1.));
#2159=DIRECTION('ref_axis',(1.,0.,0.));
#2160=DIRECTION('center_axis',(0.,0.,1.));
#2161=DIRECTION('ref_axis',(1.,0.,0.));
#2162=DIRECTION('center_axis',(0.,0.,1.));
#2163=DIRECTION('ref_axis',(1.,0.,0.));
#2164=DIRECTION('center_axis',(0.,-1.,0.));
#2165=DIRECTION('ref_axis',(-1.,0.,0.));
#2166=DIRECTION('',(1.,0.,0.));
#2167=DIRECTION('',(0.,0.,1.));
#2168=DIRECTION('center_axis',(0.,0.,-1.));
#2169=DIRECTION('ref_axis',(-0.707106781186548,-0.707106781186547,0.));
#2170=DIRECTION('center_axis',(0.,0.,-1.));
#2171=DIRECTION('ref_axis',(-0.707106781186548,-0.707106781186547,0.));
#2172=DIRECTION('',(0.,0.,-1.));
#2173=DIRECTION('center_axis',(0.,0.,-1.));
#2174=DIRECTION('ref_axis',(-0.707106781186547,0.707106781186548,0.));
#2175=DIRECTION('',(0.,0.,1.));
#2176=DIRECTION('center_axis',(0.,0.,-1.));
#2177=DIRECTION('ref_axis',(-0.707106781186547,0.707106781186548,0.));
#2178=DIRECTION('',(0.,0.,-1.));
#2179=DIRECTION('center_axis',(0.,1.,0.));
#2180=DIRECTION('ref_axis',(1.,0.,0.));
#2181=DIRECTION('',(-1.,0.,0.));
#2182=DIRECTION('',(0.,0.,1.));
#2183=DIRECTION('center_axis',(0.,0.,-1.));
#2184=DIRECTION('ref_axis',(0.707106781186548,0.707106781186548,0.));
#2185=DIRECTION('center_axis',(0.,0.,-1.));
#2186=DIRECTION('ref_axis',(0.707106781186548,0.707106781186548,0.));
#2187=DIRECTION('',(0.,0.,-1.));
#2188=DIRECTION('center_axis',(0.,0.,1.));
#2189=DIRECTION('ref_axis',(1.,0.,0.));
#2190=DIRECTION('',(0.,0.,1.));
#2191=DIRECTION('center_axis',(0.,0.,1.));
#2192=DIRECTION('ref_axis',(1.,0.,0.));
#2193=DIRECTION('center_axis',(0.,0.,-1.));
#2194=DIRECTION('ref_axis',(1.,0.,0.));
#2195=DIRECTION('center_axis',(0.,0.,1.));
#2196=DIRECTION('ref_axis',(1.,0.,0.));
#2197=DIRECTION('',(0.,0.,1.));
#2198=DIRECTION('center_axis',(0.,0.,1.));
#2199=DIRECTION('ref_axis',(1.,0.,0.));
#2200=DIRECTION('center_axis',(0.,0.,-1.));
#2201=DIRECTION('ref_axis',(1.,0.,0.));
#2202=DIRECTION('center_axis',(0.,0.,1.));
#2203=DIRECTION('ref_axis',(1.,0.,0.));
#2204=DIRECTION('',(0.,0.,1.));
#2205=DIRECTION('center_axis',(0.,0.,1.));
#2206=DIRECTION('ref_axis',(1.,0.,0.));
#2207=DIRECTION('center_axis',(0.,0.,-1.));
#2208=DIRECTION('ref_axis',(1.,0.,0.));
#2209=DIRECTION('center_axis',(0.,0.,1.));
#2210=DIRECTION('ref_axis',(1.,0.,0.));
#2211=DIRECTION('',(0.,0.,1.));
#2212=DIRECTION('center_axis',(0.,0.,1.));
#2213=DIRECTION('ref_axis',(1.,0.,0.));
#2214=DIRECTION('center_axis',(0.,0.,-1.));
#2215=DIRECTION('ref_axis',(1.,0.,0.));
#2216=DIRECTION('center_axis',(1.,0.,0.));
#2217=DIRECTION('ref_axis',(0.,-1.,0.));
#2218=DIRECTION('',(0.,1.,0.));
#2219=DIRECTION('',(0.,0.,-1.));
#2220=DIRECTION('',(0.,0.,-1.));
#2221=DIRECTION('center_axis',(0.,-1.,0.));
#2222=DIRECTION('ref_axis',(-1.,0.,0.));
#2223=DIRECTION('',(1.,0.,0.));
#2224=DIRECTION('',(0.,0.,-1.));
#2225=DIRECTION('center_axis',(-1.,0.,0.));
#2226=DIRECTION('ref_axis',(0.,1.,0.));
#2227=DIRECTION('',(0.,-1.,0.));
#2228=DIRECTION('',(0.,0.,-1.));
#2229=DIRECTION('center_axis',(0.,1.,0.));
#2230=DIRECTION('ref_axis',(1.,0.,0.));
#2231=DIRECTION('',(-1.,0.,0.));
#2232=DIRECTION('center_axis',(0.,0.,1.));
#2233=DIRECTION('ref_axis',(-1.,0.,0.));
#2234=DIRECTION('',(1.,0.,0.));
#2235=DIRECTION('',(0.,1.,0.));
#2236=DIRECTION('',(-1.,0.,0.));
#2237=DIRECTION('',(0.,-1.,0.));
#2238=DIRECTION('center_axis',(0.,0.,1.));
#2239=DIRECTION('ref_axis',(0.,1.,0.));
#2240=DIRECTION('',(-6.83214169000096E-16,-1.,0.));
#2241=DIRECTION('center_axis',(0.,0.,1.));
#2242=DIRECTION('ref_axis',(-1.,4.44089209850064E-15,0.));
#2243=DIRECTION('',(1.,-1.70803542250024E-16,0.));
#2244=DIRECTION('center_axis',(0.,0.,1.));
#2245=DIRECTION('ref_axis',(3.55271367880045E-14,-1.,0.));
#2246=DIRECTION('',(6.83214169000096E-16,1.,0.));
#2247=DIRECTION('center_axis',(0.,0.,1.));
#2248=DIRECTION('ref_axis',(1.,4.44089209850064E-15,0.));
#2249=DIRECTION('',(-1.,-1.70803542250024E-16,0.));
#2250=DIRECTION('center_axis',(0.,0.,1.));
#2251=DIRECTION('ref_axis',(0.,1.,0.));
#2252=DIRECTION('',(6.83214169000096E-16,-1.,0.));
#2253=DIRECTION('center_axis',(0.,0.,1.));
#2254=DIRECTION('ref_axis',(-1.,-8.88178419700128E-15,0.));
#2255=DIRECTION('',(1.,-3.41607084500048E-16,0.));
#2256=DIRECTION('center_axis',(0.,0.,1.));
#2257=DIRECTION('ref_axis',(0.,-1.,0.));
#2258=DIRECTION('',(0.,1.,0.));
#2259=DIRECTION('center_axis',(0.,0.,1.));
#2260=DIRECTION('ref_axis',(1.,0.,0.));
#2261=DIRECTION('',(-1.,3.41607084500048E-16,0.));
#2262=DIRECTION('center_axis',(0.,0.,1.));
#2263=DIRECTION('ref_axis',(0.,1.,0.));
#2264=DIRECTION('',(0.,-1.,0.));
#2265=DIRECTION('center_axis',(0.,0.,1.));
#2266=DIRECTION('ref_axis',(-1.,-4.44089209850064E-15,0.));
#2267=DIRECTION('',(1.,-1.70803542250024E-16,0.));
#2268=DIRECTION('center_axis',(0.,0.,1.));
#2269=DIRECTION('ref_axis',(-1.77635683940026E-14,-1.,0.));
#2270=DIRECTION('',(0.,1.,0.));
#2271=DIRECTION('center_axis',(0.,0.,1.));
#2272=DIRECTION('ref_axis',(1.,-1.33226762955019E-14,0.));
#2273=DIRECTION('',(-1.,-8.54017711250121E-16,0.));
#2274=DIRECTION('center_axis',(0.,0.,1.));
#2275=DIRECTION('ref_axis',(0.,1.,0.));
#2276=DIRECTION('',(6.83214169000096E-16,-1.,0.));
#2277=DIRECTION('center_axis',(0.,0.,1.));
#2278=DIRECTION('ref_axis',(-1.,-4.44089209850064E-15,0.));
#2279=DIRECTION('',(1.,-1.70803542250024E-16,0.));
#2280=DIRECTION('center_axis',(0.,0.,1.));
#2281=DIRECTION('ref_axis',(3.55271367880045E-14,-1.,0.));
#2282=DIRECTION('',(6.83214169000096E-16,1.,0.));
#2283=DIRECTION('center_axis',(0.,0.,1.));
#2284=DIRECTION('ref_axis',(1.,4.44089209850064E-15,0.));
#2285=DIRECTION('',(-1.,-1.70803542250024E-16,0.));
#2286=DIRECTION('center_axis',(0.,0.,1.));
#2287=DIRECTION('ref_axis',(0.,1.,0.));
#2288=DIRECTION('',(-6.83214169000096E-16,-1.,0.));
#2289=DIRECTION('center_axis',(0.,0.,1.));
#2290=DIRECTION('ref_axis',(-1.,8.88178419700128E-15,0.));
#2291=DIRECTION('',(1.,1.02482125350014E-15,0.));
#2292=DIRECTION('center_axis',(0.,0.,1.));
#2293=DIRECTION('ref_axis',(0.,-1.,0.));
#2294=DIRECTION('',(0.,1.,0.));
#2295=DIRECTION('center_axis',(0.,0.,1.));
#2296=DIRECTION('ref_axis',(1.,0.,0.));
#2297=DIRECTION('',(-1.,0.,0.));
#2298=DIRECTION('center_axis',(0.,0.,1.));
#2299=DIRECTION('ref_axis',(4.44089209850064E-15,1.,0.));
#2300=DIRECTION('',(2.56205313375036E-16,-1.,0.));
#2301=DIRECTION('center_axis',(0.,0.,1.));
#2302=DIRECTION('ref_axis',(-1.,-4.44089209850063E-15,0.));
#2303=DIRECTION('',(1.,-1.70803542250024E-16,0.));
#2304=DIRECTION('center_axis',(0.,0.,1.));
#2305=DIRECTION('ref_axis',(4.4408920985006E-15,-1.,0.));
#2306=DIRECTION('',(-1.70803542250024E-16,1.,0.));
#2307=DIRECTION('center_axis',(0.,0.,1.));
#2308=DIRECTION('ref_axis',(1.,4.44089209850066E-15,0.));
#2309=DIRECTION('',(-1.,5.12410626750072E-16,0.));
#2310=DIRECTION('center_axis',(0.,0.,1.));
#2311=DIRECTION('ref_axis',(0.,1.,0.));
#2312=DIRECTION('',(1.70803542250024E-16,-1.,0.));
#2313=DIRECTION('center_axis',(0.,0.,1.));
#2314=DIRECTION('ref_axis',(-1.,-8.88178419700124E-15,0.));
#2315=DIRECTION('',(1.,0.,0.));
#2316=DIRECTION('center_axis',(0.,0.,1.));
#2317=DIRECTION('ref_axis',(-4.44089209850064E-15,-1.,0.));
#2318=DIRECTION('',(-1.70803542250024E-16,1.,0.));
#2319=DIRECTION('center_axis',(0.,0.,1.));
#2320=DIRECTION('ref_axis',(1.,0.,0.));
#2321=DIRECTION('',(-1.,3.41607084500048E-16,0.));
#2322=DIRECTION('center_axis',(0.,0.,1.));
#2323=DIRECTION('ref_axis',(0.,1.,0.));
#2324=DIRECTION('',(0.,-1.,0.));
#2325=DIRECTION('center_axis',(0.,0.,1.));
#2326=DIRECTION('ref_axis',(-1.,0.,0.));
#2327=DIRECTION('',(1.,0.,0.));
#2328=DIRECTION('center_axis',(0.,0.,1.));
#2329=DIRECTION('ref_axis',(0.,-1.,0.));
#2330=DIRECTION('',(3.41607084500048E-16,1.,0.));
#2331=DIRECTION('center_axis',(0.,0.,1.));
#2332=DIRECTION('ref_axis',(1.,0.,0.));
#2333=DIRECTION('',(-1.,-6.83214169000096E-16,0.));
#2334=DIRECTION('',(1.,0.,0.));
#2335=DIRECTION('',(0.,1.,0.));
#2336=DIRECTION('',(-1.,0.,0.));
#2337=DIRECTION('',(0.,-1.,0.));
#2338=DIRECTION('',(0.,-1.,0.));
#2339=DIRECTION('',(1.,0.,0.));
#2340=DIRECTION('',(0.,1.,0.));
#2341=DIRECTION('',(-1.,0.,0.));
#2342=DIRECTION('center_axis',(0.,-1.,0.));
#2343=DIRECTION('ref_axis',(-1.,0.,0.));
#2344=DIRECTION('',(-1.,0.,0.));
#2345=DIRECTION('',(0.,0.,-1.));
#2346=DIRECTION('',(0.,0.,-1.));
#2347=DIRECTION('center_axis',(1.,0.,0.));
#2348=DIRECTION('ref_axis',(0.,-1.,0.));
#2349=DIRECTION('',(0.,-1.,0.));
#2350=DIRECTION('',(0.,0.,-1.));
#2351=DIRECTION('center_axis',(0.,1.,0.));
#2352=DIRECTION('ref_axis',(1.,0.,0.));
#2353=DIRECTION('',(1.,0.,0.));
#2354=DIRECTION('',(0.,0.,-1.));
#2355=DIRECTION('center_axis',(-1.,0.,0.));
#2356=DIRECTION('ref_axis',(0.,1.,0.));
#2357=DIRECTION('',(0.,1.,0.));
#2358=DIRECTION('center_axis',(-1.,0.,0.));
#2359=DIRECTION('ref_axis',(0.,1.,0.));
#2360=DIRECTION('',(0.,1.,0.));
#2361=DIRECTION('',(0.,0.,-1.));
#2362=DIRECTION('',(0.,0.,-1.));
#2363=DIRECTION('center_axis',(0.,-1.,0.));
#2364=DIRECTION('ref_axis',(-1.,0.,0.));
#2365=DIRECTION('',(-1.,0.,0.));
#2366=DIRECTION('',(0.,0.,-1.));
#2367=DIRECTION('center_axis',(1.,0.,0.));
#2368=DIRECTION('ref_axis',(0.,-1.,0.));
#2369=DIRECTION('',(0.,-1.,0.));
#2370=DIRECTION('',(0.,0.,-1.));
#2371=DIRECTION('center_axis',(0.,1.,0.));
#2372=DIRECTION('ref_axis',(1.,0.,0.));
#2373=DIRECTION('',(1.,0.,0.));
#2374=DIRECTION('center_axis',(0.,-1.,0.));
#2375=DIRECTION('ref_axis',(-1.,0.,0.));
#2376=DIRECTION('',(-1.,0.,0.));
#2377=DIRECTION('',(0.,0.,-1.));
#2378=DIRECTION('',(0.,0.,-1.));
#2379=DIRECTION('center_axis',(1.,0.,0.));
#2380=DIRECTION('ref_axis',(0.,-1.,0.));
#2381=DIRECTION('',(0.,-1.,0.));
#2382=DIRECTION('',(0.,0.,-1.));
#2383=DIRECTION('center_axis',(0.,1.,0.));
#2384=DIRECTION('ref_axis',(1.,0.,0.));
#2385=DIRECTION('',(1.,0.,0.));
#2386=DIRECTION('',(0.,0.,-1.));
#2387=DIRECTION('center_axis',(-1.,0.,0.));
#2388=DIRECTION('ref_axis',(0.,1.,0.));
#2389=DIRECTION('',(0.,1.,0.));
#2390=DIRECTION('center_axis',(1.70803542250024E-16,-1.,0.));
#2391=DIRECTION('ref_axis',(-1.,-1.70803542250024E-16,0.));
#2392=DIRECTION('',(1.,1.70803542250024E-16,0.));
#2393=DIRECTION('',(0.,0.,-1.));
#2394=DIRECTION('',(0.,0.,-1.));
#2395=DIRECTION('center_axis',(0.,0.,-1.));
#2396=DIRECTION('ref_axis',(1.,4.44089209850064E-15,0.));
#2397=DIRECTION('center_axis',(0.,0.,-1.));
#2398=DIRECTION('ref_axis',(1.,4.44089209850064E-15,0.));
#2399=DIRECTION('',(0.,0.,-1.));
#2400=DIRECTION('center_axis',(-1.,6.83214169000096E-16,0.));
#2401=DIRECTION('ref_axis',(6.83214169000096E-16,1.,0.));
#2402=DIRECTION('',(-6.83214169000096E-16,-1.,0.));
#2403=DIRECTION('',(0.,0.,-1.));
#2404=DIRECTION('center_axis',(0.,0.,-1.));
#2405=DIRECTION('ref_axis',(3.55271367880045E-14,-1.,0.));
#2406=DIRECTION('center_axis',(0.,0.,-1.));
#2407=DIRECTION('ref_axis',(3.55271367880045E-14,-1.,0.));
#2408=DIRECTION('',(0.,0.,-1.));
#2409=DIRECTION('center_axis',(1.70803542250024E-16,1.,0.));
#2410=DIRECTION('ref_axis',(1.,-1.70803542250024E-16,0.));
#2411=DIRECTION('',(-1.,1.70803542250024E-16,0.));
#2412=DIRECTION('',(0.,0.,-1.));
#2413=DIRECTION('center_axis',(0.,0.,-1.));
#2414=DIRECTION('ref_axis',(-1.,4.44089209850064E-15,0.));
#2415=DIRECTION('center_axis',(0.,0.,-1.));
#2416=DIRECTION('ref_axis',(-1.,4.44089209850064E-15,0.));
#2417=DIRECTION('',(0.,0.,-1.));
#2418=DIRECTION('center_axis',(1.,-6.83214169000096E-16,0.));
#2419=DIRECTION('ref_axis',(-6.83214169000096E-16,-1.,0.));
#2420=DIRECTION('',(6.83214169000096E-16,1.,0.));
#2421=DIRECTION('',(0.,0.,-1.));
#2422=DIRECTION('center_axis',(0.,0.,-1.));
#2423=DIRECTION('ref_axis',(0.,1.,0.));
#2424=DIRECTION('center_axis',(0.,0.,-1.));
#2425=DIRECTION('ref_axis',(0.,1.,0.));
#2426=DIRECTION('center_axis',(-3.41607084500048E-16,-1.,0.));
#2427=DIRECTION('ref_axis',(-1.,3.41607084500048E-16,0.));
#2428=DIRECTION('',(1.,-3.41607084500048E-16,0.));
#2429=DIRECTION('',(0.,0.,-1.));
#2430=DIRECTION('',(0.,0.,-1.));
#2431=DIRECTION('center_axis',(0.,0.,-1.));
#2432=DIRECTION('ref_axis',(1.,0.,0.));
#2433=DIRECTION('center_axis',(0.,0.,-1.));
#2434=DIRECTION('ref_axis',(1.,0.,0.));
#2435=DIRECTION('',(0.,0.,-1.));
#2436=DIRECTION('center_axis',(-1.,0.,0.));
#2437=DIRECTION('ref_axis',(0.,1.,0.));
#2438=DIRECTION('',(0.,-1.,0.));
#2439=DIRECTION('',(0.,0.,-1.));
#2440=DIRECTION('center_axis',(0.,0.,-1.));
#2441=DIRECTION('ref_axis',(0.,-1.,0.));
#2442=DIRECTION('center_axis',(0.,0.,-1.));
#2443=DIRECTION('ref_axis',(0.,-1.,0.));
#2444=DIRECTION('',(0.,0.,-1.));
#2445=DIRECTION('center_axis',(3.41607084500048E-16,1.,0.));
#2446=DIRECTION('ref_axis',(1.,-3.41607084500048E-16,0.));
#2447=DIRECTION('',(-1.,3.41607084500048E-16,0.));
#2448=DIRECTION('',(0.,0.,-1.));
#2449=DIRECTION('center_axis',(0.,0.,-1.));
#2450=DIRECTION('ref_axis',(-1.,-8.88178419700128E-15,0.));
#2451=DIRECTION('center_axis',(0.,0.,-1.));
#2452=DIRECTION('ref_axis',(-1.,-8.88178419700128E-15,0.));
#2453=DIRECTION('',(0.,0.,-1.));
#2454=DIRECTION('center_axis',(1.,6.83214169000096E-16,0.));
#2455=DIRECTION('ref_axis',(6.83214169000096E-16,-1.,0.));
#2456=DIRECTION('',(-6.83214169000096E-16,1.,0.));
#2457=DIRECTION('',(0.,0.,-1.));
#2458=DIRECTION('center_axis',(0.,0.,-1.));
#2459=DIRECTION('ref_axis',(0.,1.,0.));
#2460=DIRECTION('center_axis',(0.,0.,-1.));
#2461=DIRECTION('ref_axis',(0.,1.,0.));
#2462=DIRECTION('center_axis',(8.54017711250121E-16,-1.,0.));
#2463=DIRECTION('ref_axis',(-1.,-8.54017711250121E-16,0.));
#2464=DIRECTION('',(1.,8.54017711250121E-16,0.));
#2465=DIRECTION('',(0.,0.,-1.));
#2466=DIRECTION('',(0.,0.,-1.));
#2467=DIRECTION('center_axis',(0.,0.,-1.));
#2468=DIRECTION('ref_axis',(1.,-1.33226762955019E-14,0.));
#2469=DIRECTION('center_axis',(0.,0.,-1.));
#2470=DIRECTION('ref_axis',(1.,-1.33226762955019E-14,0.));
#2471=DIRECTION('',(0.,0.,-1.));
#2472=DIRECTION('center_axis',(-1.,0.,0.));
#2473=DIRECTION('ref_axis',(0.,1.,0.));
#2474=DIRECTION('',(0.,-1.,0.));
#2475=DIRECTION('',(0.,0.,-1.));
#2476=DIRECTION('center_axis',(0.,0.,-1.));
#2477=DIRECTION('ref_axis',(-1.77635683940026E-14,-1.,0.));
#2478=DIRECTION('center_axis',(0.,0.,-1.));
#2479=DIRECTION('ref_axis',(-1.77635683940026E-14,-1.,0.));
#2480=DIRECTION('',(0.,0.,-1.));
#2481=DIRECTION('center_axis',(1.70803542250024E-16,1.,0.));
#2482=DIRECTION('ref_axis',(1.,-1.70803542250024E-16,0.));
#2483=DIRECTION('',(-1.,1.70803542250024E-16,0.));
#2484=DIRECTION('',(0.,0.,-1.));
#2485=DIRECTION('center_axis',(0.,0.,-1.));
#2486=DIRECTION('ref_axis',(-1.,-4.44089209850064E-15,0.));
#2487=DIRECTION('center_axis',(0.,0.,-1.));
#2488=DIRECTION('ref_axis',(-1.,-4.44089209850064E-15,0.));
#2489=DIRECTION('',(0.,0.,-1.));
#2490=DIRECTION('center_axis',(1.,0.,0.));
#2491=DIRECTION('ref_axis',(0.,-1.,0.));
#2492=DIRECTION('',(0.,1.,0.));
#2493=DIRECTION('',(0.,0.,-1.));
#2494=DIRECTION('center_axis',(0.,0.,-1.));
#2495=DIRECTION('ref_axis',(0.,1.,0.));
#2496=DIRECTION('center_axis',(0.,0.,-1.));
#2497=DIRECTION('ref_axis',(0.,1.,0.));
#2498=DIRECTION('center_axis',(1.70803542250024E-16,-1.,0.));
#2499=DIRECTION('ref_axis',(-1.,-1.70803542250024E-16,0.));
#2500=DIRECTION('',(1.,1.70803542250024E-16,0.));
#2501=DIRECTION('',(0.,0.,-1.));
#2502=DIRECTION('',(0.,0.,-1.));
#2503=DIRECTION('center_axis',(0.,0.,-1.));
#2504=DIRECTION('ref_axis',(1.,4.44089209850064E-15,0.));
#2505=DIRECTION('center_axis',(0.,0.,-1.));
#2506=DIRECTION('ref_axis',(1.,4.44089209850064E-15,0.));
#2507=DIRECTION('',(0.,0.,-1.));
#2508=DIRECTION('center_axis',(-1.,6.83214169000096E-16,0.));
#2509=DIRECTION('ref_axis',(6.83214169000096E-16,1.,0.));
#2510=DIRECTION('',(-6.83214169000096E-16,-1.,0.));
#2511=DIRECTION('',(0.,0.,-1.));
#2512=DIRECTION('center_axis',(0.,0.,-1.));
#2513=DIRECTION('ref_axis',(3.55271367880045E-14,-1.,0.));
#2514=DIRECTION('center_axis',(0.,0.,-1.));
#2515=DIRECTION('ref_axis',(3.55271367880045E-14,-1.,0.));
#2516=DIRECTION('',(0.,0.,-1.));
#2517=DIRECTION('center_axis',(1.70803542250024E-16,1.,0.));
#2518=DIRECTION('ref_axis',(1.,-1.70803542250024E-16,0.));
#2519=DIRECTION('',(-1.,1.70803542250024E-16,0.));
#2520=DIRECTION('',(0.,0.,-1.));
#2521=DIRECTION('center_axis',(0.,0.,-1.));
#2522=DIRECTION('ref_axis',(-1.,-4.44089209850064E-15,0.));
#2523=DIRECTION('center_axis',(0.,0.,-1.));
#2524=DIRECTION('ref_axis',(-1.,-4.44089209850064E-15,0.));
#2525=DIRECTION('',(0.,0.,-1.));
#2526=DIRECTION('center_axis',(1.,6.83214169000096E-16,0.));
#2527=DIRECTION('ref_axis',(6.83214169000096E-16,-1.,0.));
#2528=DIRECTION('',(-6.83214169000096E-16,1.,0.));
#2529=DIRECTION('',(0.,0.,-1.));
#2530=DIRECTION('center_axis',(0.,0.,-1.));
#2531=DIRECTION('ref_axis',(0.,1.,0.));
#2532=DIRECTION('center_axis',(0.,0.,-1.));
#2533=DIRECTION('ref_axis',(0.,1.,0.));
#2534=DIRECTION('center_axis',(0.,-1.,0.));
#2535=DIRECTION('ref_axis',(-1.,0.,0.));
#2536=DIRECTION('',(1.,0.,0.));
#2537=DIRECTION('',(0.,0.,-1.));
#2538=DIRECTION('',(0.,0.,-1.));
#2539=DIRECTION('center_axis',(0.,0.,-1.));
#2540=DIRECTION('ref_axis',(1.,0.,0.));
#2541=DIRECTION('center_axis',(0.,0.,-1.));
#2542=DIRECTION('ref_axis',(1.,0.,0.));
#2543=DIRECTION('',(0.,0.,-1.));
#2544=DIRECTION('center_axis',(-1.,0.,0.));
#2545=DIRECTION('ref_axis',(0.,1.,0.));
#2546=DIRECTION('',(0.,-1.,0.));
#2547=DIRECTION('',(0.,0.,-1.));
#2548=DIRECTION('center_axis',(0.,0.,-1.));
#2549=DIRECTION('ref_axis',(0.,-1.,0.));
#2550=DIRECTION('center_axis',(0.,0.,-1.));
#2551=DIRECTION('ref_axis',(0.,-1.,0.));
#2552=DIRECTION('',(0.,0.,-1.));
#2553=DIRECTION('center_axis',(-1.02482125350014E-15,1.,0.));
#2554=DIRECTION('ref_axis',(1.,1.02482125350014E-15,0.));
#2555=DIRECTION('',(-1.,-1.02482125350014E-15,0.));
#2556=DIRECTION('',(0.,0.,-1.));
#2557=DIRECTION('center_axis',(0.,0.,-1.));
#2558=DIRECTION('ref_axis',(-1.,8.88178419700128E-15,0.));
#2559=DIRECTION('center_axis',(0.,0.,-1.));
#2560=DIRECTION('ref_axis',(-1.,8.88178419700128E-15,0.));
#2561=DIRECTION('',(0.,0.,-1.));
#2562=DIRECTION('center_axis',(1.,-6.83214169000096E-16,0.));
#2563=DIRECTION('ref_axis',(-6.83214169000096E-16,-1.,0.));
#2564=DIRECTION('',(6.83214169000096E-16,1.,0.));
#2565=DIRECTION('',(0.,0.,-1.));
#2566=DIRECTION('center_axis',(0.,0.,-1.));
#2567=DIRECTION('ref_axis',(0.,1.,0.));
#2568=DIRECTION('center_axis',(0.,0.,-1.));
#2569=DIRECTION('ref_axis',(0.,1.,0.));
#2570=DIRECTION('center_axis',(-5.12410626750072E-16,-1.,0.));
#2571=DIRECTION('ref_axis',(-1.,5.12410626750072E-16,0.));
#2572=DIRECTION('',(1.,-5.12410626750072E-16,0.));
#2573=DIRECTION('',(0.,0.,-1.));
#2574=DIRECTION('',(0.,0.,-1.));
#2575=DIRECTION('center_axis',(0.,0.,-1.));
#2576=DIRECTION('ref_axis',(1.,4.44089209850066E-15,0.));
#2577=DIRECTION('center_axis',(0.,0.,-1.));
#2578=DIRECTION('ref_axis',(1.,4.44089209850066E-15,0.));
#2579=DIRECTION('',(0.,0.,-1.));
#2580=DIRECTION('center_axis',(-1.,-1.70803542250024E-16,0.));
#2581=DIRECTION('ref_axis',(-1.70803542250024E-16,1.,0.));
#2582=DIRECTION('',(1.70803542250024E-16,-1.,0.));
#2583=DIRECTION('',(0.,0.,-1.));
#2584=DIRECTION('center_axis',(0.,0.,-1.));
#2585=DIRECTION('ref_axis',(4.4408920985006E-15,-1.,0.));
#2586=DIRECTION('center_axis',(0.,0.,-1.));
#2587=DIRECTION('ref_axis',(4.4408920985006E-15,-1.,0.));
#2588=DIRECTION('',(0.,0.,-1.));
#2589=DIRECTION('center_axis',(1.70803542250024E-16,1.,0.));
#2590=DIRECTION('ref_axis',(1.,-1.70803542250024E-16,0.));
#2591=DIRECTION('',(-1.,1.70803542250024E-16,0.));
#2592=DIRECTION('',(0.,0.,-1.));
#2593=DIRECTION('center_axis',(0.,0.,-1.));
#2594=DIRECTION('ref_axis',(-1.,-4.44089209850063E-15,0.));
#2595=DIRECTION('center_axis',(0.,0.,-1.));
#2596=DIRECTION('ref_axis',(-1.,-4.44089209850063E-15,0.));
#2597=DIRECTION('',(0.,0.,-1.));
#2598=DIRECTION('center_axis',(1.,2.56205313375036E-16,0.));
#2599=DIRECTION('ref_axis',(2.56205313375036E-16,-1.,0.));
#2600=DIRECTION('',(-2.56205313375036E-16,1.,0.));
#2601=DIRECTION('',(0.,0.,-1.));
#2602=DIRECTION('center_axis',(0.,0.,-1.));
#2603=DIRECTION('ref_axis',(4.44089209850064E-15,1.,0.));
#2604=DIRECTION('center_axis',(0.,0.,-1.));
#2605=DIRECTION('ref_axis',(4.44089209850064E-15,1.,0.));
#2606=DIRECTION('center_axis',(-3.41607084500048E-16,-1.,0.));
#2607=DIRECTION('ref_axis',(-1.,3.41607084500048E-16,0.));
#2608=DIRECTION('',(1.,-3.41607084500048E-16,0.));
#2609=DIRECTION('',(0.,0.,-1.));
#2610=DIRECTION('',(0.,0.,-1.));
#2611=DIRECTION('center_axis',(0.,0.,-1.));
#2612=DIRECTION('ref_axis',(1.,0.,0.));
#2613=DIRECTION('center_axis',(0.,0.,-1.));
#2614=DIRECTION('ref_axis',(1.,0.,0.));
#2615=DIRECTION('',(0.,0.,-1.));
#2616=DIRECTION('center_axis',(-1.,-1.70803542250024E-16,0.));
#2617=DIRECTION('ref_axis',(-1.70803542250024E-16,1.,0.));
#2618=DIRECTION('',(1.70803542250024E-16,-1.,0.));
#2619=DIRECTION('',(0.,0.,-1.));
#2620=DIRECTION('center_axis',(0.,0.,-1.));
#2621=DIRECTION('ref_axis',(-4.44089209850064E-15,-1.,0.));
#2622=DIRECTION('center_axis',(0.,0.,-1.));
#2623=DIRECTION('ref_axis',(-4.44089209850064E-15,-1.,0.));
#2624=DIRECTION('',(0.,0.,-1.));
#2625=DIRECTION('center_axis',(0.,1.,0.));
#2626=DIRECTION('ref_axis',(1.,0.,0.));
#2627=DIRECTION('',(-1.,0.,0.));
#2628=DIRECTION('',(0.,0.,-1.));
#2629=DIRECTION('center_axis',(0.,0.,-1.));
#2630=DIRECTION('ref_axis',(-1.,-8.88178419700124E-15,0.));
#2631=DIRECTION('center_axis',(0.,0.,-1.));
#2632=DIRECTION('ref_axis',(-1.,-8.88178419700124E-15,0.));
#2633=DIRECTION('',(0.,0.,-1.));
#2634=DIRECTION('center_axis',(1.,1.70803542250024E-16,0.));
#2635=DIRECTION('ref_axis',(1.70803542250024E-16,-1.,0.));
#2636=DIRECTION('',(-1.70803542250024E-16,1.,0.));
#2637=DIRECTION('',(0.,0.,-1.));
#2638=DIRECTION('center_axis',(0.,0.,-1.));
#2639=DIRECTION('ref_axis',(0.,1.,0.));
#2640=DIRECTION('center_axis',(0.,0.,-1.));
#2641=DIRECTION('ref_axis',(0.,1.,0.));
#2642=DIRECTION('center_axis',(6.83214169000096E-16,-1.,0.));
#2643=DIRECTION('ref_axis',(-1.,-6.83214169000096E-16,0.));
#2644=DIRECTION('',(1.,6.83214169000096E-16,0.));
#2645=DIRECTION('',(0.,0.,-1.));
#2646=DIRECTION('',(0.,0.,-1.));
#2647=DIRECTION('center_axis',(0.,0.,-1.));
#2648=DIRECTION('ref_axis',(1.,0.,0.));
#2649=DIRECTION('center_axis',(0.,0.,-1.));
#2650=DIRECTION('ref_axis',(1.,0.,0.));
#2651=DIRECTION('',(0.,0.,-1.));
#2652=DIRECTION('center_axis',(-1.,3.41607084500048E-16,0.));
#2653=DIRECTION('ref_axis',(3.41607084500048E-16,1.,0.));
#2654=DIRECTION('',(-3.41607084500048E-16,-1.,0.));
#2655=DIRECTION('',(0.,0.,-1.));
#2656=DIRECTION('center_axis',(0.,0.,-1.));
#2657=DIRECTION('ref_axis',(0.,-1.,0.));
#2658=DIRECTION('center_axis',(0.,0.,-1.));
#2659=DIRECTION('ref_axis',(0.,-1.,0.));
#2660=DIRECTION('',(0.,0.,-1.));
#2661=DIRECTION('center_axis',(0.,1.,0.));
#2662=DIRECTION('ref_axis',(1.,0.,0.));
#2663=DIRECTION('',(-1.,0.,0.));
#2664=DIRECTION('',(0.,0.,-1.));
#2665=DIRECTION('center_axis',(0.,0.,-1.));
#2666=DIRECTION('ref_axis',(-1.,0.,0.));
#2667=DIRECTION('center_axis',(0.,0.,-1.));
#2668=DIRECTION('ref_axis',(-1.,0.,0.));
#2669=DIRECTION('',(0.,0.,-1.));
#2670=DIRECTION('center_axis',(1.,0.,0.));
#2671=DIRECTION('ref_axis',(0.,-1.,0.));
#2672=DIRECTION('',(0.,1.,0.));
#2673=DIRECTION('',(0.,0.,-1.));
#2674=DIRECTION('center_axis',(0.,0.,-1.));
#2675=DIRECTION('ref_axis',(0.,1.,0.));
#2676=DIRECTION('center_axis',(0.,0.,-1.));
#2677=DIRECTION('ref_axis',(0.,1.,0.));
#2678=DIRECTION('center_axis',(-1.,0.,0.));
#2679=DIRECTION('ref_axis',(0.,1.,0.));
#2680=DIRECTION('',(0.,-1.,0.));
#2681=DIRECTION('center_axis',(1.,0.,0.));
#2682=DIRECTION('ref_axis',(0.,-1.,0.));
#2683=DIRECTION('',(0.,1.,0.));
#2684=DIRECTION('center_axis',(0.,0.,1.));
#2685=DIRECTION('ref_axis',(-1.,0.,0.));
#2686=CARTESIAN_POINT('',(0.,0.,0.));
#2687=CARTESIAN_POINT('Origin',(85.6,-3.,16.5));
#2688=CARTESIAN_POINT('',(85.6,-10.,11.));
#2689=CARTESIAN_POINT('',(92.6,-3.,11.));
#2690=CARTESIAN_POINT('Origin',(85.6,-3.,11.));
#2691=CARTESIAN_POINT('',(92.6,-3.,16.5));
#2692=CARTESIAN_POINT('',(92.6,-3.,16.5));
#2693=CARTESIAN_POINT('',(85.6,-10.,16.5));
#2694=CARTESIAN_POINT('Origin',(85.6,-3.,16.5));
#2695=CARTESIAN_POINT('',(85.6,-10.,16.5));
#2696=CARTESIAN_POINT('Origin',(41.3,32.15,11.));
#2697=CARTESIAN_POINT('',(-2.99999999999999,-10.,11.));
#2698=CARTESIAN_POINT('',(92.6,-10.,11.));
#2699=CARTESIAN_POINT('',(-10.,-3.,11.));
#2700=CARTESIAN_POINT('Origin',(-3.,-3.,11.));
#2701=CARTESIAN_POINT('',(-10.,67.3,11.));
#2702=CARTESIAN_POINT('',(-10.,-10.,11.));
#2703=CARTESIAN_POINT('',(-3.,74.3,11.));
#2704=CARTESIAN_POINT('Origin',(-3.,67.3,11.));
#2705=CARTESIAN_POINT('',(85.6,74.3,11.));
#2706=CARTESIAN_POINT('',(-10.,74.3,11.));
#2707=CARTESIAN_POINT('',(92.6,67.3,11.));
#2708=CARTESIAN_POINT('Origin',(85.6,67.3,11.));
#2709=CARTESIAN_POINT('',(92.6,74.3,11.));
#2710=CARTESIAN_POINT('',(0.,0.,11.));
#2711=CARTESIAN_POINT('',(82.6,0.,11.));
#2712=CARTESIAN_POINT('',(0.,0.,11.));
#2713=CARTESIAN_POINT('',(82.6,64.3,11.));
#2714=CARTESIAN_POINT('',(82.6,0.,11.));
#2715=CARTESIAN_POINT('',(0.,64.3,11.));
#2716=CARTESIAN_POINT('',(82.6,64.3,11.));
#2717=CARTESIAN_POINT('',(0.,64.3,11.));
#2718=CARTESIAN_POINT('',(-7.35,69.3,11.));
#2719=CARTESIAN_POINT('Origin',(-5.,69.3,11.));
#2720=CARTESIAN_POINT('',(85.25,-5.,11.));
#2721=CARTESIAN_POINT('Origin',(87.6,-5.,11.));
#2722=CARTESIAN_POINT('',(85.25,69.3,11.));
#2723=CARTESIAN_POINT('Origin',(87.6,69.3,11.));
#2724=CARTESIAN_POINT('',(-7.35,-5.,11.));
#2725=CARTESIAN_POINT('Origin',(-5.,-5.,11.));
#2726=CARTESIAN_POINT('Origin',(92.6,-10.,16.5));
#2727=CARTESIAN_POINT('',(-3.,-10.,16.5));
#2728=CARTESIAN_POINT('',(-10.,-10.,16.5));
#2729=CARTESIAN_POINT('',(-3.,-10.,16.5));
#2730=CARTESIAN_POINT('Origin',(-3.,-3.,16.5));
#2731=CARTESIAN_POINT('',(-10.,-3.,16.5));
#2732=CARTESIAN_POINT('Origin',(-3.,-3.,16.5));
#2733=CARTESIAN_POINT('',(-10.,-3.,16.5));
#2734=CARTESIAN_POINT('Origin',(-3.,67.3,16.5));
#2735=CARTESIAN_POINT('',(-10.,67.3,16.5));
#2736=CARTESIAN_POINT('',(-10.,67.3,16.5));
#2737=CARTESIAN_POINT('',(-3.00000000000001,74.3,16.5));
#2738=CARTESIAN_POINT('Origin',(-3.,67.3,16.5));
#2739=CARTESIAN_POINT('',(-3.,74.3,16.5));
#2740=CARTESIAN_POINT('Origin',(-10.,74.3,16.5));
#2741=CARTESIAN_POINT('',(85.6,74.3,16.5));
#2742=CARTESIAN_POINT('',(92.6,74.3,16.5));
#2743=CARTESIAN_POINT('',(85.6,74.3,16.5));
#2744=CARTESIAN_POINT('Origin',(85.6,67.3,16.5));
#2745=CARTESIAN_POINT('',(92.6,67.3,16.5));
#2746=CARTESIAN_POINT('Origin',(85.6,67.3,16.5));
#2747=CARTESIAN_POINT('',(92.6,67.3,16.5));
#2748=CARTESIAN_POINT('Origin',(-5.,-5.,11.));
#2749=CARTESIAN_POINT('',(-7.35,-5.,15.));
#2750=CARTESIAN_POINT('',(-7.35,-5.,11.));
#2751=CARTESIAN_POINT('Origin',(-5.,-5.,15.));
#2752=CARTESIAN_POINT('Origin',(-5.,-5.,15.));
#2753=CARTESIAN_POINT('Origin',(87.6,69.3,11.));
#2754=CARTESIAN_POINT('',(85.25,69.3,15.));
#2755=CARTESIAN_POINT('',(85.25,69.3,11.));
#2756=CARTESIAN_POINT('Origin',(87.6,69.3,15.));
#2757=CARTESIAN_POINT('Origin',(87.6,69.3,15.));
#2758=CARTESIAN_POINT('Origin',(87.6,-5.,11.));
#2759=CARTESIAN_POINT('',(85.25,-5.,15.));
#2760=CARTESIAN_POINT('',(85.25,-5.,11.));
#2761=CARTESIAN_POINT('Origin',(87.6,-5.,15.));
#2762=CARTESIAN_POINT('Origin',(87.6,-5.,15.));
#2763=CARTESIAN_POINT('Origin',(-5.,69.3,11.));
#2764=CARTESIAN_POINT('',(-7.35,69.3,15.));
#2765=CARTESIAN_POINT('',(-7.35,69.3,11.));
#2766=CARTESIAN_POINT('Origin',(-5.,69.3,15.));
#2767=CARTESIAN_POINT('Origin',(-5.,69.3,15.));
#2768=CARTESIAN_POINT('Origin',(0.,64.3,15.));
#2769=CARTESIAN_POINT('',(0.,0.,15.));
#2770=CARTESIAN_POINT('',(0.,64.3,15.));
#2771=CARTESIAN_POINT('',(0.,48.225,15.));
#2772=CARTESIAN_POINT('',(0.,0.,15.));
#2773=CARTESIAN_POINT('',(0.,64.3,15.));
#2774=CARTESIAN_POINT('Origin',(82.6,64.3,15.));
#2775=CARTESIAN_POINT('',(82.6,64.3,15.));
#2776=CARTESIAN_POINT('',(61.95,64.3,15.));
#2777=CARTESIAN_POINT('',(82.6,64.3,15.));
#2778=CARTESIAN_POINT('Origin',(82.6,0.,15.));
#2779=CARTESIAN_POINT('',(82.6,0.,15.));
#2780=CARTESIAN_POINT('',(82.6,16.075,15.));
#2781=CARTESIAN_POINT('',(82.6,0.,15.));
#2782=CARTESIAN_POINT('Origin',(0.,0.,15.));
#2783=CARTESIAN_POINT('',(20.65,0.,15.));
#2784=CARTESIAN_POINT('Origin',(41.3,32.15,15.));
#2785=CARTESIAN_POINT('',(29.68875141014,51.5000024461187,15.));
#2786=CARTESIAN_POINT('',(52.9868890058474,51.5000024461187,15.));
#2787=CARTESIAN_POINT('',(47.1434445029237,51.5000024461187,15.));
#2788=CARTESIAN_POINT('',(52.9868890058474,57.2840024461187,15.));
#2789=CARTESIAN_POINT('',(52.9868890058474,44.7170012230594,15.));
#2790=CARTESIAN_POINT('',(29.68875141014,57.2840024461187,15.));
#2791=CARTESIAN_POINT('',(35.49437570507,57.2840024461187,15.));
#2792=CARTESIAN_POINT('',(29.68875141014,41.8250012230594,15.));
#2793=CARTESIAN_POINT('',(63.375,18.755,15.));
#2794=CARTESIAN_POINT('',(62.875,18.255,15.));
#2795=CARTESIAN_POINT('Origin',(63.375,18.255,15.));
#2796=CARTESIAN_POINT('',(62.875,5.255,15.));
#2797=CARTESIAN_POINT('',(62.875,5.255,15.));
#2798=CARTESIAN_POINT('',(63.375,4.755,15.));
#2799=CARTESIAN_POINT('Origin',(63.375,5.255,15.));
#2800=CARTESIAN_POINT('',(76.375,4.755,15.));
#2801=CARTESIAN_POINT('',(76.375,4.755,15.));
#2802=CARTESIAN_POINT('',(76.875,5.255,15.));
#2803=CARTESIAN_POINT('Origin',(76.375,5.25500000000001,15.));
#2804=CARTESIAN_POINT('',(76.875,18.255,15.));
#2805=CARTESIAN_POINT('',(76.875,18.255,15.));
#2806=CARTESIAN_POINT('',(76.375,18.755,15.));
#2807=CARTESIAN_POINT('Origin',(76.375,18.255,15.));
#2808=CARTESIAN_POINT('',(63.375,18.755,15.));
#2809=CARTESIAN_POINT('',(44.325,37.805,15.));
#2810=CARTESIAN_POINT('',(43.825,37.305,15.));
#2811=CARTESIAN_POINT('Origin',(44.325,37.305,15.));
#2812=CARTESIAN_POINT('',(43.825,24.305,15.));
#2813=CARTESIAN_POINT('',(43.825,24.305,15.));
#2814=CARTESIAN_POINT('',(44.325,23.805,15.));
#2815=CARTESIAN_POINT('Origin',(44.325,24.305,15.));
#2816=CARTESIAN_POINT('',(57.325,23.805,15.));
#2817=CARTESIAN_POINT('',(57.325,23.805,15.));
#2818=CARTESIAN_POINT('',(57.825,24.305,15.));
#2819=CARTESIAN_POINT('Origin',(57.325,24.305,15.));
#2820=CARTESIAN_POINT('',(57.825,37.305,15.));
#2821=CARTESIAN_POINT('',(57.825,37.305,15.));
#2822=CARTESIAN_POINT('',(57.325,37.805,15.));
#2823=CARTESIAN_POINT('Origin',(57.325,37.305,15.));
#2824=CARTESIAN_POINT('',(44.325,37.805,15.));
#2825=CARTESIAN_POINT('',(25.275,18.755,15.));
#2826=CARTESIAN_POINT('',(24.775,18.255,15.));
#2827=CARTESIAN_POINT('Origin',(25.275,18.255,15.));
#2828=CARTESIAN_POINT('',(24.775,5.255,15.));
#2829=CARTESIAN_POINT('',(24.775,5.255,15.));
#2830=CARTESIAN_POINT('',(25.275,4.755,15.));
#2831=CARTESIAN_POINT('Origin',(25.275,5.255,15.));
#2832=CARTESIAN_POINT('',(38.275,4.755,15.));
#2833=CARTESIAN_POINT('',(38.275,4.755,15.));
#2834=CARTESIAN_POINT('',(38.775,5.255,15.));
#2835=CARTESIAN_POINT('Origin',(38.275,5.255,15.));
#2836=CARTESIAN_POINT('',(38.775,18.255,15.));
#2837=CARTESIAN_POINT('',(38.775,18.255,15.));
#2838=CARTESIAN_POINT('',(38.275,18.755,15.));
#2839=CARTESIAN_POINT('Origin',(38.275,18.255,15.));
#2840=CARTESIAN_POINT('',(25.275,18.755,15.));
#2841=CARTESIAN_POINT('',(44.325,18.755,15.));
#2842=CARTESIAN_POINT('',(43.825,18.255,15.));
#2843=CARTESIAN_POINT('Origin',(44.325,18.255,15.));
#2844=CARTESIAN_POINT('',(43.825,5.255,15.));
#2845=CARTESIAN_POINT('',(43.825,5.255,15.));
#2846=CARTESIAN_POINT('',(44.325,4.755,15.));
#2847=CARTESIAN_POINT('Origin',(44.325,5.255,15.));
#2848=CARTESIAN_POINT('',(57.325,4.755,15.));
#2849=CARTESIAN_POINT('',(57.325,4.755,15.));
#2850=CARTESIAN_POINT('',(57.825,5.255,15.));
#2851=CARTESIAN_POINT('Origin',(57.325,5.25500000000001,15.));
#2852=CARTESIAN_POINT('',(57.825,18.255,15.));
#2853=CARTESIAN_POINT('',(57.825,18.255,15.));
#2854=CARTESIAN_POINT('',(57.325,18.755,15.));
#2855=CARTESIAN_POINT('Origin',(57.325,18.255,15.));
#2856=CARTESIAN_POINT('',(44.325,18.755,15.));
#2857=CARTESIAN_POINT('',(63.375,37.805,15.));
#2858=CARTESIAN_POINT('',(62.875,37.305,15.));
#2859=CARTESIAN_POINT('Origin',(63.375,37.305,15.));
#2860=CARTESIAN_POINT('',(62.875,24.305,15.));
#2861=CARTESIAN_POINT('',(62.875,24.305,15.));
#2862=CARTESIAN_POINT('',(63.375,23.805,15.));
#2863=CARTESIAN_POINT('Origin',(63.375,24.305,15.));
#2864=CARTESIAN_POINT('',(76.375,23.805,15.));
#2865=CARTESIAN_POINT('',(76.375,23.805,15.));
#2866=CARTESIAN_POINT('',(76.875,24.305,15.));
#2867=CARTESIAN_POINT('Origin',(76.375,24.305,15.));
#2868=CARTESIAN_POINT('',(76.875,37.305,15.));
#2869=CARTESIAN_POINT('',(76.875,37.305,15.));
#2870=CARTESIAN_POINT('',(76.375,37.805,15.));
#2871=CARTESIAN_POINT('Origin',(76.375,37.305,15.));
#2872=CARTESIAN_POINT('',(63.375,37.805,15.));
#2873=CARTESIAN_POINT('',(6.225,18.755,15.));
#2874=CARTESIAN_POINT('',(5.725,18.255,15.));
#2875=CARTESIAN_POINT('Origin',(6.225,18.255,15.));
#2876=CARTESIAN_POINT('',(5.725,5.255,15.));
#2877=CARTESIAN_POINT('',(5.725,5.255,15.));
#2878=CARTESIAN_POINT('',(6.225,4.755,15.));
#2879=CARTESIAN_POINT('Origin',(6.225,5.255,15.));
#2880=CARTESIAN_POINT('',(19.225,4.755,15.));
#2881=CARTESIAN_POINT('',(19.225,4.755,15.));
#2882=CARTESIAN_POINT('',(19.725,5.255,15.));
#2883=CARTESIAN_POINT('Origin',(19.225,5.255,15.));
#2884=CARTESIAN_POINT('',(19.725,18.255,15.));
#2885=CARTESIAN_POINT('',(19.725,18.255,15.));
#2886=CARTESIAN_POINT('',(19.225,18.755,15.));
#2887=CARTESIAN_POINT('Origin',(19.225,18.255,15.));
#2888=CARTESIAN_POINT('',(6.225,18.755,15.));
#2889=CARTESIAN_POINT('',(6.225,37.805,15.));
#2890=CARTESIAN_POINT('',(5.725,37.305,15.));
#2891=CARTESIAN_POINT('Origin',(6.225,37.305,15.));
#2892=CARTESIAN_POINT('',(5.725,24.305,15.));
#2893=CARTESIAN_POINT('',(5.725,24.305,15.));
#2894=CARTESIAN_POINT('',(6.225,23.805,15.));
#2895=CARTESIAN_POINT('Origin',(6.225,24.305,15.));
#2896=CARTESIAN_POINT('',(19.225,23.805,15.));
#2897=CARTESIAN_POINT('',(19.225,23.805,15.));
#2898=CARTESIAN_POINT('',(19.725,24.305,15.));
#2899=CARTESIAN_POINT('Origin',(19.225,24.305,15.));
#2900=CARTESIAN_POINT('',(19.725,37.305,15.));
#2901=CARTESIAN_POINT('',(19.725,37.305,15.));
#2902=CARTESIAN_POINT('',(19.225,37.805,15.));
#2903=CARTESIAN_POINT('Origin',(19.225,37.305,15.));
#2904=CARTESIAN_POINT('',(6.225,37.805,15.));
#2905=CARTESIAN_POINT('',(25.275,37.805,15.));
#2906=CARTESIAN_POINT('',(24.775,37.305,15.));
#2907=CARTESIAN_POINT('Origin',(25.275,37.305,15.));
#2908=CARTESIAN_POINT('',(24.775,24.305,15.));
#2909=CARTESIAN_POINT('',(24.775,24.305,15.));
#2910=CARTESIAN_POINT('',(25.275,23.805,15.));
#2911=CARTESIAN_POINT('Origin',(25.275,24.305,15.));
#2912=CARTESIAN_POINT('',(38.275,23.805,15.));
#2913=CARTESIAN_POINT('',(38.275,23.805,15.));
#2914=CARTESIAN_POINT('',(38.775,24.305,15.));
#2915=CARTESIAN_POINT('Origin',(38.275,24.305,15.));
#2916=CARTESIAN_POINT('',(38.775,37.305,15.));
#2917=CARTESIAN_POINT('',(38.775,37.305,15.));
#2918=CARTESIAN_POINT('',(38.275,37.805,15.));
#2919=CARTESIAN_POINT('Origin',(38.275,37.305,15.));
#2920=CARTESIAN_POINT('',(25.275,37.805,15.));
#2921=CARTESIAN_POINT('',(6.28875827775264,48.68,15.));
#2922=CARTESIAN_POINT('',(18.6887582777526,48.68,15.));
#2923=CARTESIAN_POINT('',(29.9943791388763,48.68,15.));
#2924=CARTESIAN_POINT('',(18.6887582777526,60.68,15.));
#2925=CARTESIAN_POINT('',(18.6887582777526,46.415,15.));
#2926=CARTESIAN_POINT('',(6.28875827775264,60.68,15.));
#2927=CARTESIAN_POINT('',(23.7943791388763,60.68,15.));
#2928=CARTESIAN_POINT('',(6.28875827775264,40.415,15.));
#2929=CARTESIAN_POINT('',(64.4400039232895,60.6800023121759,15.));
#2930=CARTESIAN_POINT('',(64.4400039232895,48.6800023121759,15.));
#2931=CARTESIAN_POINT('',(64.4400039232895,40.415001156088,15.));
#2932=CARTESIAN_POINT('',(76.8400039232895,48.6800023121759,15.));
#2933=CARTESIAN_POINT('',(59.0700019616447,48.6800023121759,15.));
#2934=CARTESIAN_POINT('',(76.8400039232895,60.6800023121759,15.));
#2935=CARTESIAN_POINT('',(76.8400039232895,46.415001156088,15.));
#2936=CARTESIAN_POINT('',(52.8700019616447,60.6800023121759,15.));
#2937=CARTESIAN_POINT('Origin',(52.9868890058474,51.5000024461187,16.5));
#2938=CARTESIAN_POINT('',(52.9868890058474,51.5000024461187,16.5));
#2939=CARTESIAN_POINT('',(29.68875141014,51.5000024461187,16.5));
#2940=CARTESIAN_POINT('',(47.1434445029237,51.5000024461187,16.5));
#2941=CARTESIAN_POINT('',(52.9868890058474,51.5000024461187,16.5));
#2942=CARTESIAN_POINT('',(29.68875141014,51.5000024461187,16.5));
#2943=CARTESIAN_POINT('Origin',(52.9868890058474,57.2840024461187,16.5));
#2944=CARTESIAN_POINT('',(52.9868890058474,57.2840024461187,16.5));
#2945=CARTESIAN_POINT('',(52.9868890058474,44.7170012230594,16.5));
#2946=CARTESIAN_POINT('',(52.9868890058474,57.2840024461187,16.5));
#2947=CARTESIAN_POINT('Origin',(29.68875141014,57.2840024461187,16.5));
#2948=CARTESIAN_POINT('',(29.68875141014,57.2840024461187,16.5));
#2949=CARTESIAN_POINT('',(35.49437570507,57.2840024461187,16.5));
#2950=CARTESIAN_POINT('',(29.68875141014,57.2840024461187,16.5));
#2951=CARTESIAN_POINT('Origin',(29.68875141014,51.5000024461187,16.5));
#2952=CARTESIAN_POINT('',(29.68875141014,41.8250012230594,16.5));
#2953=CARTESIAN_POINT('Origin',(64.4400039232895,48.6800023121759,16.5));
#2954=CARTESIAN_POINT('',(64.4400039232895,48.6800023121759,16.5));
#2955=CARTESIAN_POINT('',(64.4400039232895,60.6800023121759,16.5));
#2956=CARTESIAN_POINT('',(64.4400039232895,40.415001156088,16.5));
#2957=CARTESIAN_POINT('',(64.4400039232895,48.6800023121759,16.5));
#2958=CARTESIAN_POINT('',(64.4400039232895,60.6800023121759,16.5));
#2959=CARTESIAN_POINT('Origin',(76.8400039232895,48.6800023121759,16.5));
#2960=CARTESIAN_POINT('',(76.8400039232895,48.6800023121759,16.5));
#2961=CARTESIAN_POINT('',(59.0700019616447,48.6800023121759,16.5));
#2962=CARTESIAN_POINT('',(76.8400039232895,48.6800023121759,16.5));
#2963=CARTESIAN_POINT('Origin',(76.8400039232895,60.6800023121759,16.5));
#2964=CARTESIAN_POINT('',(76.8400039232895,60.6800023121759,16.5));
#2965=CARTESIAN_POINT('',(76.8400039232895,46.415001156088,16.5));
#2966=CARTESIAN_POINT('',(76.8400039232895,60.6800023121759,16.5));
#2967=CARTESIAN_POINT('Origin',(64.4400039232895,60.6800023121759,16.5));
#2968=CARTESIAN_POINT('',(52.8700019616447,60.6800023121759,16.5));
#2969=CARTESIAN_POINT('Origin',(18.6887582777526,48.68,16.5));
#2970=CARTESIAN_POINT('',(18.6887582777526,48.68,16.5));
#2971=CARTESIAN_POINT('',(6.28875827775264,48.68,16.5));
#2972=CARTESIAN_POINT('',(29.9943791388763,48.68,16.5));
#2973=CARTESIAN_POINT('',(18.6887582777526,48.68,16.5));
#2974=CARTESIAN_POINT('',(6.28875827775264,48.68,16.5));
#2975=CARTESIAN_POINT('Origin',(18.6887582777526,60.68,16.5));
#2976=CARTESIAN_POINT('',(18.6887582777526,60.68,16.5));
#2977=CARTESIAN_POINT('',(18.6887582777526,46.415,16.5));
#2978=CARTESIAN_POINT('',(18.6887582777526,60.68,16.5));
#2979=CARTESIAN_POINT('Origin',(6.28875827775264,60.68,16.5));
#2980=CARTESIAN_POINT('',(6.28875827775264,60.68,16.5));
#2981=CARTESIAN_POINT('',(23.7943791388763,60.68,16.5));
#2982=CARTESIAN_POINT('',(6.28875827775264,60.68,16.5));
#2983=CARTESIAN_POINT('Origin',(6.28875827775264,48.68,16.5));
#2984=CARTESIAN_POINT('',(6.28875827775264,40.415,16.5));
#2985=CARTESIAN_POINT('Origin',(76.375,18.755,16.5));
#2986=CARTESIAN_POINT('',(63.375,18.755,16.5));
#2987=CARTESIAN_POINT('',(76.375,18.755,16.5));
#2988=CARTESIAN_POINT('',(63.375,18.755,16.5));
#2989=CARTESIAN_POINT('',(63.375,18.755,16.5));
#2990=CARTESIAN_POINT('',(76.375,18.755,16.5));
#2991=CARTESIAN_POINT('Origin',(76.375,18.255,16.5));
#2992=CARTESIAN_POINT('',(76.875,18.255,16.5));
#2993=CARTESIAN_POINT('Origin',(76.375,18.255,16.5));
#2994=CARTESIAN_POINT('',(76.875,18.255,16.5));
#2995=CARTESIAN_POINT('Origin',(76.875,5.255,16.5));
#2996=CARTESIAN_POINT('',(76.875,5.255,16.5));
#2997=CARTESIAN_POINT('',(76.875,18.255,16.5));
#2998=CARTESIAN_POINT('',(76.875,5.255,16.5));
#2999=CARTESIAN_POINT('Origin',(76.375,5.25500000000001,16.5));
#3000=CARTESIAN_POINT('',(76.375,4.755,16.5));
#3001=CARTESIAN_POINT('Origin',(76.375,5.25500000000001,16.5));
#3002=CARTESIAN_POINT('',(76.375,4.755,16.5));
#3003=CARTESIAN_POINT('Origin',(63.375,4.755,16.5));
#3004=CARTESIAN_POINT('',(63.375,4.755,16.5));
#3005=CARTESIAN_POINT('',(76.375,4.755,16.5));
#3006=CARTESIAN_POINT('',(63.375,4.755,16.5));
#3007=CARTESIAN_POINT('Origin',(63.375,5.255,16.5));
#3008=CARTESIAN_POINT('',(62.875,5.255,16.5));
#3009=CARTESIAN_POINT('Origin',(63.375,5.255,16.5));
#3010=CARTESIAN_POINT('',(62.875,5.255,16.5));
#3011=CARTESIAN_POINT('Origin',(62.875,18.255,16.5));
#3012=CARTESIAN_POINT('',(62.875,18.255,16.5));
#3013=CARTESIAN_POINT('',(62.875,5.255,16.5));
#3014=CARTESIAN_POINT('',(62.875,18.255,16.5));
#3015=CARTESIAN_POINT('Origin',(63.375,18.255,16.5));
#3016=CARTESIAN_POINT('Origin',(63.375,18.255,16.5));
#3017=CARTESIAN_POINT('Origin',(57.325,37.805,16.5));
#3018=CARTESIAN_POINT('',(44.325,37.805,16.5));
#3019=CARTESIAN_POINT('',(57.325,37.805,16.5));
#3020=CARTESIAN_POINT('',(44.325,37.805,16.5));
#3021=CARTESIAN_POINT('',(44.325,37.805,16.5));
#3022=CARTESIAN_POINT('',(57.325,37.805,16.5));
#3023=CARTESIAN_POINT('Origin',(57.325,37.305,16.5));
#3024=CARTESIAN_POINT('',(57.825,37.305,16.5));
#3025=CARTESIAN_POINT('Origin',(57.325,37.305,16.5));
#3026=CARTESIAN_POINT('',(57.825,37.305,16.5));
#3027=CARTESIAN_POINT('Origin',(57.825,24.305,16.5));
#3028=CARTESIAN_POINT('',(57.825,24.305,16.5));
#3029=CARTESIAN_POINT('',(57.825,37.305,16.5));
#3030=CARTESIAN_POINT('',(57.825,24.305,16.5));
#3031=CARTESIAN_POINT('Origin',(57.325,24.305,16.5));
#3032=CARTESIAN_POINT('',(57.325,23.805,16.5));
#3033=CARTESIAN_POINT('Origin',(57.325,24.305,16.5));
#3034=CARTESIAN_POINT('',(57.325,23.805,16.5));
#3035=CARTESIAN_POINT('Origin',(44.325,23.805,16.5));
#3036=CARTESIAN_POINT('',(44.325,23.805,16.5));
#3037=CARTESIAN_POINT('',(57.325,23.805,16.5));
#3038=CARTESIAN_POINT('',(44.325,23.805,16.5));
#3039=CARTESIAN_POINT('Origin',(44.325,24.305,16.5));
#3040=CARTESIAN_POINT('',(43.825,24.305,16.5));
#3041=CARTESIAN_POINT('Origin',(44.325,24.305,16.5));
#3042=CARTESIAN_POINT('',(43.825,24.305,16.5));
#3043=CARTESIAN_POINT('Origin',(43.825,37.305,16.5));
#3044=CARTESIAN_POINT('',(43.825,37.305,16.5));
#3045=CARTESIAN_POINT('',(43.825,24.305,16.5));
#3046=CARTESIAN_POINT('',(43.825,37.305,16.5));
#3047=CARTESIAN_POINT('Origin',(44.325,37.305,16.5));
#3048=CARTESIAN_POINT('Origin',(44.325,37.305,16.5));
#3049=CARTESIAN_POINT('Origin',(38.275,18.755,16.5));
#3050=CARTESIAN_POINT('',(25.275,18.755,16.5));
#3051=CARTESIAN_POINT('',(38.275,18.755,16.5));
#3052=CARTESIAN_POINT('',(25.275,18.755,16.5));
#3053=CARTESIAN_POINT('',(25.275,18.755,16.5));
#3054=CARTESIAN_POINT('',(38.275,18.755,16.5));
#3055=CARTESIAN_POINT('Origin',(38.275,18.255,16.5));
#3056=CARTESIAN_POINT('',(38.775,18.255,16.5));
#3057=CARTESIAN_POINT('Origin',(38.275,18.255,16.5));
#3058=CARTESIAN_POINT('',(38.775,18.255,16.5));
#3059=CARTESIAN_POINT('Origin',(38.775,5.255,16.5));
#3060=CARTESIAN_POINT('',(38.775,5.255,16.5));
#3061=CARTESIAN_POINT('',(38.775,18.255,16.5));
#3062=CARTESIAN_POINT('',(38.775,5.255,16.5));
#3063=CARTESIAN_POINT('Origin',(38.275,5.255,16.5));
#3064=CARTESIAN_POINT('',(38.275,4.755,16.5));
#3065=CARTESIAN_POINT('Origin',(38.275,5.255,16.5));
#3066=CARTESIAN_POINT('',(38.275,4.755,16.5));
#3067=CARTESIAN_POINT('Origin',(25.275,4.755,16.5));
#3068=CARTESIAN_POINT('',(25.275,4.755,16.5));
#3069=CARTESIAN_POINT('',(38.275,4.755,16.5));
#3070=CARTESIAN_POINT('',(25.275,4.755,16.5));
#3071=CARTESIAN_POINT('Origin',(25.275,5.255,16.5));
#3072=CARTESIAN_POINT('',(24.775,5.255,16.5));
#3073=CARTESIAN_POINT('Origin',(25.275,5.255,16.5));
#3074=CARTESIAN_POINT('',(24.775,5.255,16.5));
#3075=CARTESIAN_POINT('Origin',(24.775,18.255,16.5));
#3076=CARTESIAN_POINT('',(24.775,18.255,16.5));
#3077=CARTESIAN_POINT('',(24.775,5.255,16.5));
#3078=CARTESIAN_POINT('',(24.775,18.255,16.5));
#3079=CARTESIAN_POINT('Origin',(25.275,18.255,16.5));
#3080=CARTESIAN_POINT('Origin',(25.275,18.255,16.5));
#3081=CARTESIAN_POINT('Origin',(57.325,18.755,16.5));
#3082=CARTESIAN_POINT('',(44.325,18.755,16.5));
#3083=CARTESIAN_POINT('',(57.325,18.755,16.5));
#3084=CARTESIAN_POINT('',(44.325,18.755,16.5));
#3085=CARTESIAN_POINT('',(44.325,18.755,16.5));
#3086=CARTESIAN_POINT('',(57.325,18.755,16.5));
#3087=CARTESIAN_POINT('Origin',(57.325,18.255,16.5));
#3088=CARTESIAN_POINT('',(57.825,18.255,16.5));
#3089=CARTESIAN_POINT('Origin',(57.325,18.255,16.5));
#3090=CARTESIAN_POINT('',(57.825,18.255,16.5));
#3091=CARTESIAN_POINT('Origin',(57.825,5.255,16.5));
#3092=CARTESIAN_POINT('',(57.825,5.255,16.5));
#3093=CARTESIAN_POINT('',(57.825,18.255,16.5));
#3094=CARTESIAN_POINT('',(57.825,5.255,16.5));
#3095=CARTESIAN_POINT('Origin',(57.325,5.25500000000001,16.5));
#3096=CARTESIAN_POINT('',(57.325,4.755,16.5));
#3097=CARTESIAN_POINT('Origin',(57.325,5.25500000000001,16.5));
#3098=CARTESIAN_POINT('',(57.325,4.755,16.5));
#3099=CARTESIAN_POINT('Origin',(44.325,4.755,16.5));
#3100=CARTESIAN_POINT('',(44.325,4.755,16.5));
#3101=CARTESIAN_POINT('',(57.325,4.755,16.5));
#3102=CARTESIAN_POINT('',(44.325,4.755,16.5));
#3103=CARTESIAN_POINT('Origin',(44.325,5.255,16.5));
#3104=CARTESIAN_POINT('',(43.825,5.255,16.5));
#3105=CARTESIAN_POINT('Origin',(44.325,5.255,16.5));
#3106=CARTESIAN_POINT('',(43.825,5.255,16.5));
#3107=CARTESIAN_POINT('Origin',(43.825,18.255,16.5));
#3108=CARTESIAN_POINT('',(43.825,18.255,16.5));
#3109=CARTESIAN_POINT('',(43.825,5.255,16.5));
#3110=CARTESIAN_POINT('',(43.825,18.255,16.5));
#3111=CARTESIAN_POINT('Origin',(44.325,18.255,16.5));
#3112=CARTESIAN_POINT('Origin',(44.325,18.255,16.5));
#3113=CARTESIAN_POINT('Origin',(76.375,37.805,16.5));
#3114=CARTESIAN_POINT('',(63.375,37.805,16.5));
#3115=CARTESIAN_POINT('',(76.375,37.805,16.5));
#3116=CARTESIAN_POINT('',(63.375,37.805,16.5));
#3117=CARTESIAN_POINT('',(63.375,37.805,16.5));
#3118=CARTESIAN_POINT('',(76.375,37.805,16.5));
#3119=CARTESIAN_POINT('Origin',(76.375,37.305,16.5));
#3120=CARTESIAN_POINT('',(76.875,37.305,16.5));
#3121=CARTESIAN_POINT('Origin',(76.375,37.305,16.5));
#3122=CARTESIAN_POINT('',(76.875,37.305,16.5));
#3123=CARTESIAN_POINT('Origin',(76.875,24.305,16.5));
#3124=CARTESIAN_POINT('',(76.875,24.305,16.5));
#3125=CARTESIAN_POINT('',(76.875,37.305,16.5));
#3126=CARTESIAN_POINT('',(76.875,24.305,16.5));
#3127=CARTESIAN_POINT('Origin',(76.375,24.305,16.5));
#3128=CARTESIAN_POINT('',(76.375,23.805,16.5));
#3129=CARTESIAN_POINT('Origin',(76.375,24.305,16.5));
#3130=CARTESIAN_POINT('',(76.375,23.805,16.5));
#3131=CARTESIAN_POINT('Origin',(63.375,23.805,16.5));
#3132=CARTESIAN_POINT('',(63.375,23.805,16.5));
#3133=CARTESIAN_POINT('',(76.375,23.805,16.5));
#3134=CARTESIAN_POINT('',(63.375,23.805,16.5));
#3135=CARTESIAN_POINT('Origin',(63.375,24.305,16.5));
#3136=CARTESIAN_POINT('',(62.875,24.305,16.5));
#3137=CARTESIAN_POINT('Origin',(63.375,24.305,16.5));
#3138=CARTESIAN_POINT('',(62.875,24.305,16.5));
#3139=CARTESIAN_POINT('Origin',(62.875,37.305,16.5));
#3140=CARTESIAN_POINT('',(62.875,37.305,16.5));
#3141=CARTESIAN_POINT('',(62.875,24.305,16.5));
#3142=CARTESIAN_POINT('',(62.875,37.305,16.5));
#3143=CARTESIAN_POINT('Origin',(63.375,37.305,16.5));
#3144=CARTESIAN_POINT('Origin',(63.375,37.305,16.5));
#3145=CARTESIAN_POINT('Origin',(19.225,18.755,16.5));
#3146=CARTESIAN_POINT('',(6.225,18.755,16.5));
#3147=CARTESIAN_POINT('',(19.225,18.755,16.5));
#3148=CARTESIAN_POINT('',(6.225,18.755,16.5));
#3149=CARTESIAN_POINT('',(6.225,18.755,16.5));
#3150=CARTESIAN_POINT('',(19.225,18.755,16.5));
#3151=CARTESIAN_POINT('Origin',(19.225,18.255,16.5));
#3152=CARTESIAN_POINT('',(19.725,18.255,16.5));
#3153=CARTESIAN_POINT('Origin',(19.225,18.255,16.5));
#3154=CARTESIAN_POINT('',(19.725,18.255,16.5));
#3155=CARTESIAN_POINT('Origin',(19.725,5.255,16.5));
#3156=CARTESIAN_POINT('',(19.725,5.255,16.5));
#3157=CARTESIAN_POINT('',(19.725,18.255,16.5));
#3158=CARTESIAN_POINT('',(19.725,5.255,16.5));
#3159=CARTESIAN_POINT('Origin',(19.225,5.255,16.5));
#3160=CARTESIAN_POINT('',(19.225,4.755,16.5));
#3161=CARTESIAN_POINT('Origin',(19.225,5.255,16.5));
#3162=CARTESIAN_POINT('',(19.225,4.755,16.5));
#3163=CARTESIAN_POINT('Origin',(6.225,4.755,16.5));
#3164=CARTESIAN_POINT('',(6.225,4.755,16.5));
#3165=CARTESIAN_POINT('',(19.225,4.755,16.5));
#3166=CARTESIAN_POINT('',(6.225,4.755,16.5));
#3167=CARTESIAN_POINT('Origin',(6.225,5.255,16.5));
#3168=CARTESIAN_POINT('',(5.725,5.255,16.5));
#3169=CARTESIAN_POINT('Origin',(6.225,5.255,16.5));
#3170=CARTESIAN_POINT('',(5.725,5.255,16.5));
#3171=CARTESIAN_POINT('Origin',(5.725,18.255,16.5));
#3172=CARTESIAN_POINT('',(5.725,18.255,16.5));
#3173=CARTESIAN_POINT('',(5.725,5.255,16.5));
#3174=CARTESIAN_POINT('',(5.725,18.255,16.5));
#3175=CARTESIAN_POINT('Origin',(6.225,18.255,16.5));
#3176=CARTESIAN_POINT('Origin',(6.225,18.255,16.5));
#3177=CARTESIAN_POINT('Origin',(19.225,37.805,16.5));
#3178=CARTESIAN_POINT('',(6.225,37.805,16.5));
#3179=CARTESIAN_POINT('',(19.225,37.805,16.5));
#3180=CARTESIAN_POINT('',(6.225,37.805,16.5));
#3181=CARTESIAN_POINT('',(6.225,37.805,16.5));
#3182=CARTESIAN_POINT('',(19.225,37.805,16.5));
#3183=CARTESIAN_POINT('Origin',(19.225,37.305,16.5));
#3184=CARTESIAN_POINT('',(19.725,37.305,16.5));
#3185=CARTESIAN_POINT('Origin',(19.225,37.305,16.5));
#3186=CARTESIAN_POINT('',(19.725,37.305,16.5));
#3187=CARTESIAN_POINT('Origin',(19.725,24.305,16.5));
#3188=CARTESIAN_POINT('',(19.725,24.305,16.5));
#3189=CARTESIAN_POINT('',(19.725,37.305,16.5));
#3190=CARTESIAN_POINT('',(19.725,24.305,16.5));
#3191=CARTESIAN_POINT('Origin',(19.225,24.305,16.5));
#3192=CARTESIAN_POINT('',(19.225,23.805,16.5));
#3193=CARTESIAN_POINT('Origin',(19.225,24.305,16.5));
#3194=CARTESIAN_POINT('',(19.225,23.805,16.5));
#3195=CARTESIAN_POINT('Origin',(6.225,23.805,16.5));
#3196=CARTESIAN_POINT('',(6.225,23.805,16.5));
#3197=CARTESIAN_POINT('',(19.225,23.805,16.5));
#3198=CARTESIAN_POINT('',(6.225,23.805,16.5));
#3199=CARTESIAN_POINT('Origin',(6.225,24.305,16.5));
#3200=CARTESIAN_POINT('',(5.725,24.305,16.5));
#3201=CARTESIAN_POINT('Origin',(6.225,24.305,16.5));
#3202=CARTESIAN_POINT('',(5.725,24.305,16.5));
#3203=CARTESIAN_POINT('Origin',(5.725,37.305,16.5));
#3204=CARTESIAN_POINT('',(5.725,37.305,16.5));
#3205=CARTESIAN_POINT('',(5.725,24.305,16.5));
#3206=CARTESIAN_POINT('',(5.725,37.305,16.5));
#3207=CARTESIAN_POINT('Origin',(6.225,37.305,16.5));
#3208=CARTESIAN_POINT('Origin',(6.225,37.305,16.5));
#3209=CARTESIAN_POINT('Origin',(38.275,37.805,16.5));
#3210=CARTESIAN_POINT('',(25.275,37.805,16.5));
#3211=CARTESIAN_POINT('',(38.275,37.805,16.5));
#3212=CARTESIAN_POINT('',(25.275,37.805,16.5));
#3213=CARTESIAN_POINT('',(25.275,37.805,16.5));
#3214=CARTESIAN_POINT('',(38.275,37.805,16.5));
#3215=CARTESIAN_POINT('Origin',(38.275,37.305,16.5));
#3216=CARTESIAN_POINT('',(38.775,37.305,16.5));
#3217=CARTESIAN_POINT('Origin',(38.275,37.305,16.5));
#3218=CARTESIAN_POINT('',(38.775,37.305,16.5));
#3219=CARTESIAN_POINT('Origin',(38.775,24.305,16.5));
#3220=CARTESIAN_POINT('',(38.775,24.305,16.5));
#3221=CARTESIAN_POINT('',(38.775,37.305,16.5));
#3222=CARTESIAN_POINT('',(38.775,24.305,16.5));
#3223=CARTESIAN_POINT('Origin',(38.275,24.305,16.5));
#3224=CARTESIAN_POINT('',(38.275,23.805,16.5));
#3225=CARTESIAN_POINT('Origin',(38.275,24.305,16.5));
#3226=CARTESIAN_POINT('',(38.275,23.805,16.5));
#3227=CARTESIAN_POINT('Origin',(25.275,23.805,16.5));
#3228=CARTESIAN_POINT('',(25.275,23.805,16.5));
#3229=CARTESIAN_POINT('',(38.275,23.805,16.5));
#3230=CARTESIAN_POINT('',(25.275,23.805,16.5));
#3231=CARTESIAN_POINT('Origin',(25.275,24.305,16.5));
#3232=CARTESIAN_POINT('',(24.775,24.305,16.5));
#3233=CARTESIAN_POINT('Origin',(25.275,24.305,16.5));
#3234=CARTESIAN_POINT('',(24.775,24.305,16.5));
#3235=CARTESIAN_POINT('Origin',(24.775,37.305,16.5));
#3236=CARTESIAN_POINT('',(24.775,37.305,16.5));
#3237=CARTESIAN_POINT('',(24.775,24.305,16.5));
#3238=CARTESIAN_POINT('',(24.775,37.305,16.5));
#3239=CARTESIAN_POINT('Origin',(25.275,37.305,16.5));
#3240=CARTESIAN_POINT('Origin',(25.275,37.305,16.5));
#3241=CARTESIAN_POINT('Origin',(-10.,-10.,16.5));
#3242=CARTESIAN_POINT('',(-10.,74.3,16.5));
#3243=CARTESIAN_POINT('Origin',(92.6,74.3,16.5));
#3244=CARTESIAN_POINT('',(92.6,-10.,16.5));
#3245=CARTESIAN_POINT('Origin',(41.3,32.15,16.5));
#3246=UNCERTAINTY_MEASURE_WITH_UNIT(LENGTH_MEASURE(0.01),#3250,
'DISTANCE_ACCURACY_VALUE',
'Maximum model space distance between geometric entities at asserted c
onnectivities');
#3247=UNCERTAINTY_MEASURE_WITH_UNIT(LENGTH_MEASURE(0.01),#3250,
'DISTANCE_ACCURACY_VALUE',
'Maximum model space distance between geometric entities at asserted c
onnectivities');
#3248=(
GEOMETRIC_REPRESENTATION_CONTEXT(3)
GLOBAL_UNCERTAINTY_ASSIGNED_CONTEXT((#3246))
GLOBAL_UNIT_ASSIGNED_CONTEXT((#3250,#3251,#3252))
REPRESENTATION_CONTEXT('','3D')
);
#3249=(
GEOMETRIC_REPRESENTATION_CONTEXT(3)
GLOBAL_UNCERTAINTY_ASSIGNED_CONTEXT((#3247))
GLOBAL_UNIT_ASSIGNED_CONTEXT((#3250,#3251,#3252))
REPRESENTATION_CONTEXT('','3D')
);
#3250=(
LENGTH_UNIT()
NAMED_UNIT(*)
SI_UNIT(.MILLI.,.METRE.)
);
#3251=(
NAMED_UNIT(*)
PLANE_ANGLE_UNIT()
SI_UNIT($,.RADIAN.)
);
#3252=(
NAMED_UNIT(*)
SI_UNIT($,.STERADIAN.)
SOLID_ANGLE_UNIT()
);
#3253=SHAPE_DEFINITION_REPRESENTATION(#3254,#3255);
#3254=PRODUCT_DEFINITION_SHAPE('',$,#3257);
#3255=SHAPE_REPRESENTATION('',(#1950),#3248);
#3256=PRODUCT_DEFINITION_CONTEXT('part definition',#3261,'design');
#3257=PRODUCT_DEFINITION('2026-09-06-19-07-55-393','Hackpad',#3258,#3256);
#3258=PRODUCT_DEFINITION_FORMATION('',$,#3263);
#3259=PRODUCT_RELATED_PRODUCT_CATEGORY('Hackpad','Hackpad',(#3263));
#3260=APPLICATION_PROTOCOL_DEFINITION('international standard',
'automotive_design',2009,#3261);
#3261=APPLICATION_CONTEXT(
'Core Data for Automotive Mechanical Design Process');
#3262=PRODUCT_CONTEXT('part definition',#3261,'mechanical');
#3263=PRODUCT('2026-09-06-19-07-55-393','Hackpad',$,(#3262));
#3264=PRESENTATION_STYLE_ASSIGNMENT((#3266));
#3265=PRESENTATION_STYLE_ASSIGNMENT((#3267));
#3266=SURFACE_STYLE_USAGE(.BOTH.,#3268);
#3267=SURFACE_STYLE_USAGE(.BOTH.,#3269);
#3268=SURFACE_SIDE_STYLE('',(#3270));
#3269=SURFACE_SIDE_STYLE('',(#3271));
#3270=SURFACE_STYLE_FILL_AREA(#3272);
#3271=SURFACE_STYLE_FILL_AREA(#3273);
#3272=FILL_AREA_STYLE('Stahl - satiniert',(#3274));
#3273=FILL_AREA_STYLE('Kunststoff - matt (Grau)',(#3275));
#3274=FILL_AREA_STYLE_COLOUR('Stahl - satiniert',#3276);
#3275=FILL_AREA_STYLE_COLOUR('Kunststoff - matt (Grau)',#3277);
#3276=COLOUR_RGB('Stahl - satiniert',0.627450980392157,0.627450980392157,
0.627450980392157);
#3277=COLOUR_RGB('Kunststoff - matt (Grau)',0.701960784313725,0.701960784313725,
0.701960784313725);
ENDSEC;
END-ISO-10303-21;
